person_age,person_income,person_home_ownership,person_emp_length,loan_intent,loan_amnt,loan_int_rate,loan_status,loan_percent_income,cb_person_default_on_file,cb_person_cred_hist_length,cb_person_codes,x_test_indices,y_test,y_pred
25,9600,MORTGAGE,1.0,MEDICAL,5500,12.87,1,0.57,N,3,1,1,1,1
21,9900,OWN,2.0,VENTURE,2500,7.14,1,0.25,N,2,1,4,1,1
24,78956,RENT,5.0,MEDICAL,35000,11.11,1,0.44,N,4,1,6,1,1
24,83000,RENT,8.0,PERSONAL,35000,8.9,1,0.42,N,2,1,7,1,1
23,71500,RENT,3.0,DEBTCONSOLIDATION,30000,10.99,1,0.42,N,4,1,38,1,1
24,12000,OWN,4.0,VENTURE,2500,12.69,1,0.21,N,3,1,40,1,1
24,78000,RENT,4.0,DEBTCONSOLIDATION,30000,10.99,1,0.38,Y,4,0,49,1,1
26,263000,MORTGAGE,0.0,EDUCATION,10000,10.99,1,0.04,N,4,1,61,1,0
25,221850,MORTGAGE,9.0,MEDICAL,25000,15.7,1,0.1,N,2,1,62,1,1
22,56950,RENT,6.0,MEDICAL,28000,10.99,1,0.49,N,2,1,70,1,1
21,12000,OWN,6.0,EDUCATION,3000,13.61,1,0.25,Y,3,0,71,1,1
22,88000,RENT,6.0,VENTURE,28000,9.91,1,0.32,N,3,1,75,1,1
25,100000,RENT,5.0,DEBTCONSOLIDATION,28000,12.69,0,0.28,N,3,1,80,0,0
24,83000,RENT,5.0,PERSONAL,27000,13.49,1,0.33,Y,2,0,90,1,1
26,234000,MORTGAGE,10.0,HOMEIMPROVEMENT,21600,12.18,0,0.09,N,3,1,98,0,0
25,12600,OWN,3.0,PERSONAL,1750,13.61,0,0.14,N,3,1,103,0,0
25,225000,MORTGAGE,0.0,HOMEIMPROVEMENT,30000,19.91,0,0.13,Y,2,0,109,0,0
26,213000,MORTGAGE,6.0,EDUCATION,35000,10.65,1,0.16,N,2,1,110,1,0
25,12996,OWN,1.0,MEDICAL,3600,14.59,1,0.28,N,3,1,116,1,1
25,225000,MORTGAGE,0.0,VENTURE,25000,18.67,0,0.11,N,2,1,120,0,0
23,50000,RENT,1.0,VENTURE,25000,11.83,1,0.5,N,4,1,128,1,1
23,13200,MORTGAGE,2.0,EDUCATION,1400,9.25,0,0.11,N,4,1,144,0,0
26,210000,OWN,10.0,PERSONAL,22000,11.83,0,0.1,N,4,1,147,0,0
24,55000,RENT,4.0,HOMEIMPROVEMENT,25000,10.99,1,0.45,Y,4,0,150,1,1
23,55000,RENT,4.0,EDUCATION,25000,15.65,1,0.45,Y,3,0,152,1,1
23,60000,RENT,7.0,PERSONAL,25000,10.25,1,0.42,N,4,1,167,1,1
23,200000,MORTGAGE,7.0,EDUCATION,28000,10.99,0,0.14,N,2,1,171,0,0
24,200000,MORTGAGE,3.0,VENTURE,24000,7.49,0,0.12,N,4,1,173,0,0
24,200000,RENT,8.0,EDUCATION,10000,8.49,0,0.05,N,4,1,176,0,0
25,200000,MORTGAGE,9.0,PERSONAL,23050,14.35,0,0.12,N,3,1,182,0,0
25,69996,RENT,9.0,EDUCATION,25000,15.21,1,0.36,N,3,1,194,1,1
22,14400,OWN,2.0,MEDICAL,4000,10.99,1,0.28,N,3,1,195,1,1
24,56100,RENT,7.0,MEDICAL,25000,16.49,1,0.38,N,4,1,198,1,1
25,66000,RENT,9.0,VENTURE,25000,15.33,1,0.38,Y,2,0,199,1,1
26,66000,RENT,3.0,HOMEIMPROVEMENT,25000,11.58,1,0.38,N,4,1,200,1,1
22,71000,RENT,1.0,EDUCATION,25000,15.95,1,0.35,Y,4,0,210,1,1
23,78000,RENT,1.0,VENTURE,25000,10.62,1,0.32,N,3,1,214,1,1
25,186000,OWN,9.0,VENTURE,10000,10.25,0,0.05,N,4,1,216,0,0
25,185000,RENT,6.0,VENTURE,15000,15.27,0,0.08,N,2,1,217,0,0
23,79416,RENT,7.0,VENTURE,25000,15.21,1,0.31,Y,2,0,219,1,1
26,80000,RENT,5.0,DEBTCONSOLIDATION,25000,13.61,1,0.31,N,4,1,225,1,1
24,183000,MORTGAGE,2.0,MEDICAL,20000,11.49,0,0.11,N,3,1,231,0,0
25,182952,MORTGAGE,9.0,PERSONAL,15000,6.03,0,0.08,N,3,1,233,0,0
23,14664,MORTGAGE,0.0,DEBTCONSOLIDATION,6000,10.99,1,0.41,N,4,1,250,1,1
24,75000,RENT,0.0,VENTURE,25000,14.7,1,0.33,Y,3,0,252,1,1
25,180000,MORTGAGE,3.0,VENTURE,9950,11.26,0,0.06,N,2,1,261,0,0
23,15000,OWN,7.0,MEDICAL,4475,10.99,1,0.3,N,4,1,262,1,1
25,83800,RENT,2.0,DEBTCONSOLIDATION,25000,15.95,1,0.3,Y,3,0,273,1,1
23,175000,MORTGAGE,8.0,PERSONAL,21000,11.99,0,0.12,N,3,1,277,0,0
23,15000,OWN,4.0,VENTURE,4600,10.99,1,0.31,N,2,1,279,1,1
25,15000,OWN,2.0,HOMEIMPROVEMENT,1750,15.31,0,0.12,Y,4,0,283,0,0
23,93000,RENT,0.0,DEBTCONSOLIDATION,25000,14.59,1,0.27,Y,2,0,289,1,1
25,174708,RENT,9.0,VENTURE,9000,10.59,0,0.05,N,3,1,292,0,0
21,15000,OWN,0.0,HOMEIMPROVEMENT,3175,11.54,1,0.21,Y,3,0,297,1,1
24,171500,RENT,6.0,DEBTCONSOLIDATION,18000,8.9,0,0.1,N,4,1,304,0,0
25,113000,RENT,7.0,MEDICAL,25000,12.73,0,0.22,Y,4,0,314,0,0
25,120000,RENT,6.0,MEDICAL,25000,10.74,0,0.21,N,2,1,316,0,0
23,120000,RENT,7.0,EDUCATION,25000,9.99,0,0.21,N,2,1,317,0,0
23,130000,RENT,4.0,EDUCATION,25000,16.02,0,0.19,Y,2,0,322,0,0
23,130000,RENT,7.0,VENTURE,25000,11.49,0,0.19,N,4,1,323,0,0
25,170000,OWN,4.0,EDUCATION,20000,12.53,0,0.12,N,4,1,324,0,0
25,168000,MORTGAGE,2.0,PERSONAL,35000,10.65,0,0.21,N,2,1,330,0,0
24,15600,OWN,5.0,HOMEIMPROVEMENT,3300,6.39,1,0.21,N,4,1,332,1,1
22,153000,MORTGAGE,5.0,DEBTCONSOLIDATION,24000,15.62,1,0.16,Y,2,0,341,1,1
25,165000,MORTGAGE,0.0,HOMEIMPROVEMENT,25000,19.74,0,0.15,N,4,1,343,0,1
22,16094,MORTGAGE,2.0,VENTURE,5500,7.14,1,0.34,N,3,1,351,1,1
24,185000,RENT,7.0,HOMEIMPROVEMENT,25000,12.68,0,0.14,Y,2,0,354,0,0
26,160000,RENT,6.0,PERSONAL,25000,12.23,0,0.16,Y,4,0,369,0,0
25,68400,RENT,9.0,PERSONAL,24250,17.56,1,0.35,N,4,1,373,1,1
26,160000,MORTGAGE,0.0,DEBTCONSOLIDATION,13750,10.99,0,0.09,N,4,1,385,0,0
21,44964,RENT,2.0,EDUCATION,24000,16.29,1,0.53,Y,2,0,399,1,1
26,62004,RENT,9.0,DEBTCONSOLIDATION,24000,7.9,1,0.39,N,3,1,407,1,1
26,65000,RENT,10.0,DEBTCONSOLIDATION,24000,10.99,1,0.37,N,2,1,409,1,1
24,70000,RENT,8.0,EDUCATION,24000,10.99,1,0.34,N,4,1,416,1,1
22,75000,RENT,6.0,EDUCATION,24000,12.69,1,0.32,N,4,1,419,1,1
23,78000,RENT,4.0,PERSONAL,24000,13.92,1,0.31,N,3,1,423,1,1
23,18000,OWN,3.0,EDUCATION,4000,5.99,1,0.22,N,2,1,426,1,1
26,88596,RENT,3.0,PERSONAL,24000,11.58,0,0.27,N,3,1,428,0,0
25,95000,RENT,4.0,EDUCATION,24000,8.9,0,0.25,N,2,1,429,0,0
22,83000,RENT,6.0,DEBTCONSOLIDATION,24000,19.69,1,0.29,N,3,1,430,1,1
22,98000,RENT,7.0,DEBTCONSOLIDATION,24000,10.99,1,0.24,Y,2,0,436,1,1
24,124080,RENT,4.0,PERSONAL,24000,16.49,0,0.19,Y,4,0,441,0,0
21,18000,OWN,1.0,PERSONAL,2500,11.36,0,0.14,N,3,1,454,0,0
24,54996,RENT,2.0,PERSONAL,23600,11.89,1,0.43,N,3,1,457,1,1
23,75000,RENT,3.0,PERSONAL,23575,14.5,1,0.31,N,4,1,460,1,1
22,66960,RENT,1.0,VENTURE,23400,7.49,1,0.35,N,2,1,465,1,1
24,18000,MORTGAGE,3.0,VENTURE,1200,11.34,0,0.07,Y,4,0,469,0,0
22,58600,RENT,5.0,MEDICAL,22750,11.36,1,0.39,N,4,1,476,1,1
24,73000,RENT,0.0,VENTURE,22400,16.7,1,0.31,Y,4,0,480,1,1
23,35000,RENT,2.0,DEBTCONSOLIDATION,22250,12.69,1,0.64,N,3,1,482,1,1
25,52000,RENT,4.0,PERSONAL,22000,10.74,1,0.42,N,2,1,484,1,1
26,56000,RENT,7.0,MEDICAL,22000,17.19,1,0.39,N,3,1,491,1,1
21,19000,OWN,5.0,MEDICAL,6000,8.49,1,0.32,N,3,1,498,1,1
24,80000,RENT,0.0,MEDICAL,22000,10.99,0,0.28,N,4,1,499,0,0
24,19000,OWN,3.0,MEDICAL,7400,13.85,1,0.39,N,2,1,501,1,1
25,82000,RENT,1.0,EDUCATION,22000,17.51,1,0.27,N,2,1,505,1,1
23,110000,RENT,0.0,PERSONAL,22000,10.99,0,0.2,N,3,1,508,0,0
23,56000,RENT,8.0,MEDICAL,21600,21.21,1,0.39,Y,4,0,512,1,1
22,19200,OWN,0.0,VENTURE,2400,10.59,0,0.13,N,3,1,516,0,0
24,116000,RENT,5.0,EDUCATION,21500,15.33,0,0.19,Y,3,0,521,0,0
22,31000,RENT,5.0,DEBTCONSOLIDATION,21250,12.42,1,0.69,N,3,1,523,1,1
22,19200,MORTGAGE,6.0,HOMEIMPROVEMENT,1400,14.91,1,0.07,Y,4,0,532,1,1
26,42000,RENT,0.0,MEDICAL,21000,17.26,1,0.5,Y,4,0,536,1,1
22,19200,MORTGAGE,3.0,MEDICAL,5000,15.33,1,0.26,N,3,1,543,1,1
21,19500,MORTGAGE,0.0,EDUCATION,15000,9.64,1,0.77,N,2,1,558,1,1
24,33000,RENT,1.0,DEBTCONSOLIDATION,20000,10.99,1,0.61,N,3,1,564,1,1
25,42000,RENT,2.0,EDUCATION,20000,13.47,1,0.48,N,4,1,578,1,1
22,42224,RENT,7.0,VENTURE,20000,6.99,1,0.47,N,4,1,579,1,1
23,20000,MORTGAGE,7.0,EDUCATION,3625,10.99,0,0.18,Y,3,0,581,0,0
22,45000,RENT,0.0,EDUCATION,20000,7.9,1,0.44,N,4,1,584,1,1
23,45000,RENT,4.0,PERSONAL,20000,10.25,1,0.44,N,2,1,585,1,1
24,45000,RENT,8.0,MEDICAL,20000,10.99,1,0.44,N,2,1,586,1,1
22,45000,RENT,1.0,DEBTCONSOLIDATION,20000,13.92,1,0.44,Y,3,0,588,1,1
22,48500,RENT,1.0,VENTURE,20000,11.36,1,0.41,N,4,1,593,1,1
25,52000,RENT,1.0,EDUCATION,20000,11.36,1,0.38,N,4,1,609,1,1
26,54996,RENT,8.0,EDUCATION,20000,12.18,1,0.36,N,4,1,621,1,1
26,49000,RENT,0.0,HOMEIMPROVEMENT,20000,19.79,1,0.41,N,3,1,624,1,1
25,55000,RENT,0.0,VENTURE,20000,9.88,1,0.36,N,4,1,625,1,1
25,55200,RENT,7.0,VENTURE,20000,10.99,1,0.36,N,4,1,628,1,1
23,57000,RENT,3.0,EDUCATION,20000,16.89,1,0.35,N,2,1,630,1,1
21,20245,OWN,5.0,VENTURE,3550,10.99,0,0.18,N,4,1,640,0,0
25,54000,RENT,6.0,PERSONAL,20000,8.88,1,0.37,N,3,1,644,1,1
23,54000,RENT,6.0,DEBTCONSOLIDATION,20000,14.84,1,0.37,Y,3,0,646,1,1
23,54000,RENT,2.0,PERSONAL,20000,11.12,1,0.37,N,2,1,647,1,1
22,60000,RENT,4.0,EDUCATION,20000,7.88,1,0.33,N,3,1,648,1,1
24,20400,MORTGAGE,5.0,DEBTCONSOLIDATION,5500,10.99,0,0.27,N,4,1,651,0,0
23,60000,RENT,3.0,EDUCATION,20000,12.21,1,0.33,N,2,1,655,1,1
25,54000,RENT,1.0,DEBTCONSOLIDATION,20000,14.11,1,0.37,N,4,1,657,1,1
24,61000,RENT,2.0,HOMEIMPROVEMENT,20000,12.18,1,0.33,N,4,1,664,1,1
26,58000,RENT,0.0,DEBTCONSOLIDATION,20000,10.25,1,0.34,N,2,1,672,1,1
23,65000,RENT,0.0,MEDICAL,20000,10.65,1,0.31,N,3,1,673,1,1
23,65000,RENT,7.0,VENTURE,20000,11.49,1,0.31,N,3,1,676,1,1
26,65004,RENT,7.0,DEBTCONSOLIDATION,20000,11.99,1,0.31,N,2,1,681,1,1
23,67000,RENT,0.0,MEDICAL,20000,11.11,0,0.3,N,2,1,686,0,0
22,66000,RENT,3.0,DEBTCONSOLIDATION,20000,14.42,1,0.3,N,2,1,702,1,1
25,21221,MORTGAGE,4.0,VENTURE,8500,9.63,0,0.4,N,4,1,708,0,0
26,71004,RENT,0.0,HOMEIMPROVEMENT,20000,13.36,1,0.28,Y,2,0,724,1,1
24,21600,MORTGAGE,8.0,MEDICAL,8000,5.42,0,0.37,N,2,1,725,0,0
21,21600,MORTGAGE,2.0,DEBTCONSOLIDATION,3800,5.99,0,0.18,N,2,1,729,0,0
23,80000,RENT,4.0,MEDICAL,20000,7.9,0,0.25,N,4,1,734,0,0
22,62900,RENT,6.0,MEDICAL,20000,14.91,1,0.27,N,4,1,736,1,1
22,80000,RENT,3.0,EDUCATION,20000,13.98,0,0.25,Y,4,0,740,0,0
26,62900,RENT,2.0,MEDICAL,20000,13.85,1,0.27,N,3,1,742,1,0
25,80004,RENT,9.0,HOMEIMPROVEMENT,20000,14.26,0,0.25,Y,4,0,745,0,0
22,81000,RENT,3.0,DEBTCONSOLIDATION,20000,13.49,0,0.25,N,4,1,747,0,0
24,21600,MORTGAGE,0.0,DEBTCONSOLIDATION,2000,14.84,1,0.09,N,2,1,748,1,1
21,21600,MORTGAGE,2.0,DEBTCONSOLIDATION,10000,11.14,0,0.46,N,2,1,756,0,0
23,85000,RENT,0.0,MEDICAL,20000,7.49,0,0.24,N,2,1,758,0,0
23,90000,RENT,2.0,MEDICAL,20000,11.49,0,0.22,N,4,1,770,0,0
22,22000,MORTGAGE,6.0,EDUCATION,7000,11.71,0,0.32,N,2,1,772,0,0
22,92000,RENT,6.0,VENTURE,20000,15.65,0,0.22,Y,2,0,776,0,0
22,85200,RENT,6.0,VENTURE,20000,15.65,1,0.23,Y,4,0,791,1,0
25,100000,RENT,9.0,HOMEIMPROVEMENT,20000,13.06,0,0.2,N,2,1,800,0,0
25,22000,OWN,0.0,VENTURE,7500,10.99,0,0.34,Y,3,0,802,0,0
25,108000,RENT,0.0,HOMEIMPROVEMENT,20000,10.99,0,0.19,N,4,1,811,0,0
24,110000,RENT,1.0,PERSONAL,20000,10.38,0,0.18,N,4,1,816,0,0
25,85000,RENT,7.0,MEDICAL,20000,17.39,1,0.2,N,2,1,821,1,1
22,23000,MORTGAGE,2.0,DEBTCONSOLIDATION,4800,10.0,0,0.21,N,4,1,839,0,0
26,172500,RENT,3.0,HOMEIMPROVEMENT,20000,11.83,0,0.12,N,2,1,842,0,0
21,23000,MORTGAGE,6.0,DEBTCONSOLIDATION,3000,13.35,0,0.13,N,3,1,843,0,0
26,19500,RENT,0.0,MEDICAL,500,11.41,0,0.03,N,2,1,847,0,0
25,23000,MORTGAGE,4.0,PERSONAL,10000,10.99,1,0.43,Y,2,0,848,1,0
22,23000,MORTGAGE,4.0,EDUCATION,7000,14.96,0,0.3,Y,3,0,850,0,0
22,23000,MORTGAGE,1.0,EDUCATION,2400,9.63,0,0.1,N,4,1,853,0,0
21,12000,RENT,1.0,EDUCATION,1000,13.98,0,0.08,N,2,1,857,0,1
23,23040,OWN,0.0,VENTURE,2000,11.11,0,0.09,N,3,1,861,0,0
21,16000,RENT,2.0,VENTURE,1000,15.65,1,0.06,Y,3,0,866,1,1
25,52000,RENT,5.0,MEDICAL,19000,10.99,1,0.37,N,4,1,873,1,1
26,62004,RENT,5.0,MEDICAL,19000,7.49,1,0.31,N,2,1,879,1,1
25,23920,MORTGAGE,0.0,MEDICAL,6000,14.59,1,0.25,Y,2,0,884,1,1
22,70000,RENT,2.0,DEBTCONSOLIDATION,18750,10.38,0,0.27,N,2,1,890,0,0
22,43000,RENT,4.0,DEBTCONSOLIDATION,18550,11.83,1,0.43,N,4,1,892,1,1
23,74196,RENT,2.0,EDUCATION,18500,11.26,0,0.25,N,3,1,898,0,0
21,24000,MORTGAGE,0.0,VENTURE,3000,7.9,0,0.13,N,4,1,902,0,0
22,34000,RENT,0.0,VENTURE,18250,10.25,1,0.54,N,3,1,911,1,1
25,34500,RENT,1.0,VENTURE,18250,17.04,1,0.53,N,3,1,913,1,1
23,42504,RENT,0.0,MEDICAL,18250,10.25,1,0.43,N,3,1,914,1,1
22,36000,RENT,6.0,DEBTCONSOLIDATION,18200,11.71,1,0.51,N,3,1,926,1,1
23,27000,RENT,2.0,VENTURE,18000,11.54,1,0.67,Y,4,0,928,1,1
23,33000,RENT,4.0,VENTURE,18000,9.91,1,0.55,N,4,1,930,1,1
23,39996,RENT,2.0,EDUCATION,18000,9.25,1,0.45,N,4,1,932,1,1
24,24000,MORTGAGE,3.0,MEDICAL,8000,5.99,0,0.33,N,4,1,936,0,0
24,42765,RENT,9.0,DEBTCONSOLIDATION,18000,11.03,1,0.42,Y,2,0,938,1,1
24,43000,RENT,9.0,MEDICAL,18000,7.9,1,0.42,N,2,1,939,1,1
22,44000,RENT,7.0,EDUCATION,18000,13.57,1,0.41,Y,4,0,940,1,1
22,46800,RENT,6.0,MEDICAL,18000,15.23,1,0.38,Y,2,0,943,1,1
24,50000,RENT,4.0,VENTURE,18000,7.9,1,0.36,N,4,1,949,1,1
23,24000,MORTGAGE,2.0,MEDICAL,5000,15.99,1,0.21,Y,2,0,950,1,1
22,24000,OWN,3.0,EDUCATION,2500,10.59,0,0.1,N,2,1,953,0,0
22,52000,RENT,1.0,VENTURE,18000,13.85,1,0.35,Y,4,0,957,1,1
23,24000,OWN,0.0,PERSONAL,8000,5.79,0,0.33,N,3,1,961,0,0
25,55000,RENT,2.0,EDUCATION,18000,12.84,1,0.33,N,2,1,962,1,1
25,58000,RENT,6.0,VENTURE,18000,10.99,1,0.31,N,4,1,967,1,1
22,60000,RENT,0.0,EDUCATION,18000,9.33,0,0.3,N,3,1,971,0,0
23,63000,RENT,2.0,EDUCATION,18000,13.57,0,0.29,Y,3,0,979,0,0
26,60000,RENT,2.0,HOMEIMPROVEMENT,18000,16.29,1,0.3,Y,2,0,985,1,1
25,54400,RENT,10.0,MEDICAL,18000,16.0,1,0.28,Y,2,0,989,1,1
23,75000,RENT,7.0,EDUCATION,18000,12.73,0,0.24,Y,4,0,998,0,0
23,75576,RENT,7.0,EDUCATION,18000,9.88,0,0.24,N,3,1,1000,0,0
21,80000,RENT,6.0,VENTURE,18000,7.9,0,0.23,N,2,1,1003,0,0
22,80000,RENT,1.0,EDUCATION,18000,10.99,0,0.23,N,4,1,1005,0,0
26,24000,MORTGAGE,5.0,PERSONAL,2100,13.11,0,0.09,N,3,1,1012,0,0
25,24000,OWN,4.0,MEDICAL,5000,10.95,0,0.21,N,3,1,1030,0,0
24,155000,RENT,8.0,EDUCATION,18000,10.62,0,0.12,N,4,1,1032,0,0
22,24000,OWN,6.0,MEDICAL,5000,12.21,0,0.21,N,3,1,1033,0,0
21,75000,RENT,3.0,EDUCATION,17950,10.91,0,0.24,N,3,1,1034,0,0
22,48000,RENT,0.0,DEBTCONSOLIDATION,17750,13.49,1,0.37,N,4,1,1039,1,1
22,24000,MORTGAGE,2.0,EDUCATION,3975,13.87,0,0.17,N,3,1,1043,0,0
22,65500,RENT,4.0,EDUCATION,17600,10.74,0,0.27,N,2,1,1045,0,0
21,24000,MORTGAGE,2.0,EDUCATION,5000,8.7,0,0.21,N,2,1,1048,0,0
23,36000,RENT,2.0,VENTURE,17500,14.22,1,0.49,N,4,1,1052,1,1
21,37232,RENT,3.0,MEDICAL,17500,12.53,1,0.47,N,2,1,1053,1,1
22,24900,MORTGAGE,1.0,MEDICAL,5500,13.16,1,0.22,N,2,1,1068,1,0
21,45408,RENT,3.0,DEBTCONSOLIDATION,17475,9.91,1,0.38,N,2,1,1072,1,1
24,133000,RENT,5.0,EDUCATION,17400,11.71,0,0.13,N,4,1,1077,0,0
24,95000,RENT,8.0,PERSONAL,17200,17.58,0,0.18,N,3,1,1078,0,0
23,54660,RENT,6.0,MEDICAL,17000,9.88,1,0.31,N,4,1,1097,1,1
23,53000,RENT,8.0,PERSONAL,17000,10.25,1,0.32,N,4,1,1100,1,1
23,70000,RENT,1.0,PERSONAL,17000,8.88,0,0.24,N,3,1,1106,0,0
24,75000,RENT,0.0,DEBTCONSOLIDATION,17000,12.53,0,0.23,N,2,1,1107,0,0
23,90000,RENT,7.0,EDUCATION,17000,10.59,0,0.19,N,3,1,1114,0,0
26,175000,RENT,2.0,VENTURE,17000,9.88,0,0.1,N,3,1,1118,0,0
26,25000,MORTGAGE,10.0,MEDICAL,7000,6.99,0,0.28,N,2,1,1121,0,0
23,25000,OWN,5.0,MEDICAL,7200,8.49,0,0.29,N,2,1,1122,0,0
22,50000,RENT,1.0,MEDICAL,16800,12.53,1,0.34,N,3,1,1124,1,1
24,55000,RENT,8.0,MEDICAL,16800,10.99,1,0.31,N,4,1,1126,1,1
22,60000,RENT,2.0,MEDICAL,16800,14.65,0,0.28,Y,4,0,1127,0,1
22,25000,MORTGAGE,0.0,HOMEIMPROVEMENT,3000,9.99,1,0.12,N,3,1,1131,1,1
24,125000,RENT,8.0,VENTURE,16800,12.42,0,0.13,N,4,1,1138,0,0
25,25000,OWN,5.0,HOMEIMPROVEMENT,2000,14.17,0,0.08,N,3,1,1139,0,0
25,25000,OWN,2.0,VENTURE,1500,6.76,0,0.06,N,4,1,1157,0,0
25,25000,OWN,3.0,EDUCATION,3000,6.76,0,0.12,N,2,1,1162,0,0
26,83300,RENT,2.0,MEDICAL,16500,16.77,1,0.17,N,4,1,1163,1,1
24,45000,RENT,1.0,PERSONAL,16425,13.49,1,0.36,Y,2,0,1164,1,1
24,61000,RENT,3.0,HOMEIMPROVEMENT,16400,10.99,0,0.27,N,4,1,1165,0,0
22,27600,RENT,2.0,DEBTCONSOLIDATION,16300,10.99,1,0.59,N,4,1,1166,1,1
24,35000,RENT,2.0,MEDICAL,16000,11.71,1,0.46,N,3,1,1175,1,1
25,38000,RENT,8.0,MEDICAL,16000,12.87,1,0.42,Y,3,0,1180,1,1
22,25000,OWN,1.0,VENTURE,6000,11.89,0,0.24,N,2,1,1183,0,0
25,40000,RENT,3.0,EDUCATION,16000,11.71,1,0.4,N,4,1,1185,1,1
21,41900,RENT,2.0,VENTURE,16000,12.84,1,0.38,Y,2,0,1190,1,1
24,50000,RENT,6.0,HOMEIMPROVEMENT,16000,13.99,1,0.32,Y,2,0,1219,1,1
22,53000,RENT,2.0,EDUCATION,16000,7.9,0,0.3,N,4,1,1226,0,0
24,54000,RENT,6.0,DEBTCONSOLIDATION,16000,10.99,0,0.3,N,4,1,1227,0,0
21,25200,MORTGAGE,0.0,PERSONAL,6500,14.26,1,0.26,Y,2,0,1232,1,1
22,61000,RENT,3.0,VENTURE,16000,10.99,0,0.26,Y,2,0,1243,0,0
23,25500,MORTGAGE,2.0,DEBTCONSOLIDATION,7850,13.49,0,0.31,N,4,1,1246,0,0
24,58575,RENT,2.0,MEDICAL,16000,19.47,1,0.27,N,2,1,1253,1,1
20,64000,RENT,3.0,VENTURE,16000,15.31,1,0.25,Y,4,0,1271,1,1
26,26000,MORTGAGE,7.0,HOMEIMPROVEMENT,7000,10.99,0,0.27,N,4,1,1276,0,0
26,75000,RENT,1.0,VENTURE,16000,10.99,0,0.21,N,2,1,1278,0,0
23,26000,MORTGAGE,7.0,MEDICAL,5000,7.91,0,0.19,N,2,1,1281,0,1
24,69000,RENT,2.0,DEBTCONSOLIDATION,16000,11.89,1,0.23,N,4,1,1282,1,0
22,26000,MORTGAGE,4.0,PERSONAL,4000,9.25,0,0.15,N,2,1,1285,0,0
23,26000,MORTGAGE,0.0,HOMEIMPROVEMENT,10000,10.99,1,0.38,Y,3,0,1289,1,1
22,24000,RENT,3.0,DEBTCONSOLIDATION,1000,12.84,0,0.04,Y,4,0,1291,0,0
26,26000,OWN,0.0,DEBTCONSOLIDATION,8500,16.45,1,0.33,N,3,1,1295,1,0
22,26004,MORTGAGE,4.0,EDUCATION,5000,7.49,0,0.19,N,2,1,1317,0,0
21,33388,RENT,3.0,EDUCATION,1000,10.99,0,0.03,N,2,1,1319,0,0
24,35100,RENT,8.0,VENTURE,1000,13.49,0,0.03,Y,4,0,1331,0,0
25,33600,RENT,0.0,EDUCATION,1000,15.57,1,0.03,Y,2,0,1344,1,1
22,56000,RENT,6.0,EDUCATION,1000,11.49,0,0.02,N,2,1,1370,0,0
21,26400,OWN,2.0,VENTURE,4000,7.51,0,0.15,N,4,1,1372,0,0
23,75000,RENT,0.0,PERSONAL,1000,13.23,0,0.01,Y,3,0,1377,0,0
22,14400,RENT,0.0,PERSONAL,1200,10.37,0,0.08,N,2,1,1388,0,0
24,14400,RENT,0.0,MEDICAL,1200,7.29,0,0.08,N,4,1,1390,0,0
23,15600,RENT,0.0,VENTURE,1200,14.91,1,0.08,N,4,1,1392,1,1
25,16800,RENT,4.0,MEDICAL,1200,10.38,0,0.07,N,2,1,1395,0,0
21,27000,MORTGAGE,3.0,MEDICAL,9600,13.49,0,0.36,Y,2,0,1397,0,1
23,20400,RENT,2.0,MEDICAL,1200,7.9,0,0.06,N,2,1,1400,0,0
22,27000,OWN,1.0,MEDICAL,4800,11.99,0,0.18,N,2,1,1402,0,0
22,28000,RENT,0.0,MEDICAL,1200,12.69,0,0.04,N,3,1,1406,0,0
24,32400,RENT,0.0,MEDICAL,1200,13.11,0,0.04,Y,2,0,1413,0,0
22,27000,OWN,3.0,MEDICAL,6000,6.54,0,0.22,N,4,1,1414,0,0
26,34000,RENT,0.0,VENTURE,1200,9.91,0,0.04,N,3,1,1417,0,0
22,34560,RENT,2.0,MEDICAL,1200,19.29,1,0.03,N,4,1,1418,1,1
24,36000,RENT,5.0,EDUCATION,1200,11.49,0,0.03,N,2,1,1422,0,0
23,36000,RENT,0.0,MEDICAL,1200,10.37,0,0.03,N,3,1,1423,0,0
22,44664,RENT,5.0,MEDICAL,1200,12.68,0,0.03,Y,3,0,1430,0,0
24,9600,RENT,3.0,EDUCATION,1300,12.73,1,0.14,N,2,1,1442,1,0
24,45000,RENT,5.0,MEDICAL,1300,13.61,0,0.03,Y,4,0,1444,0,0
24,64000,RENT,8.0,HOMEIMPROVEMENT,1300,13.49,1,0.02,N,3,1,1448,1,0
24,26000,RENT,2.0,MEDICAL,1325,12.87,1,0.05,N,4,1,1451,1,0
26,27138,MORTGAGE,10.0,DEBTCONSOLIDATION,2750,9.63,0,0.1,N,2,1,1453,0,0
24,10000,RENT,0.0,VENTURE,1400,10.83,0,0.14,N,4,1,1458,0,0
24,30000,RENT,4.0,MEDICAL,1400,15.62,1,0.05,Y,4,0,1464,1,1
21,27568,OTHER,0.0,MEDICAL,3500,14.42,1,0.13,N,4,1,1470,1,1
24,21600,RENT,0.0,MEDICAL,1450,10.99,0,0.07,N,3,1,1480,0,0
26,55560,RENT,5.0,MEDICAL,1450,14.27,0,0.03,N,3,1,1483,0,0
22,101000,RENT,0.0,EDUCATION,1475,5.79,0,0.01,N,3,1,1484,0,0
22,27040,RENT,0.0,DEBTCONSOLIDATION,1500,12.73,0,0.06,N,2,1,1486,0,0
25,27996,RENT,0.0,MEDICAL,1500,11.89,0,0.05,N,3,1,1487,0,0
24,27600,OWN,2.0,MEDICAL,10000,10.99,0,0.36,N,2,1,1489,0,0
22,28500,RENT,1.0,EDUCATION,1500,10.99,0,0.05,N,4,1,1490,0,0
25,30000,RENT,0.0,EDUCATION,1500,16.82,1,0.05,Y,3,0,1498,1,1
23,31000,RENT,1.0,DEBTCONSOLIDATION,1500,8.94,0,0.05,N,3,1,1501,0,0
25,31200,RENT,9.0,VENTURE,1500,11.12,0,0.05,N,2,1,1503,0,0
25,32000,RENT,1.0,DEBTCONSOLIDATION,1500,7.29,0,0.05,N,3,1,1507,0,0
24,32000,RENT,1.0,EDUCATION,1500,13.92,0,0.05,Y,4,0,1508,0,1
23,35000,RENT,6.0,DEBTCONSOLIDATION,1500,8.88,0,0.04,N,3,1,1521,0,0
23,28000,OWN,6.0,VENTURE,7000,9.99,0,0.25,N,4,1,1534,0,0
25,33996,RENT,8.0,MEDICAL,1500,16.82,1,0.04,N,4,1,1536,1,0
26,28000,MORTGAGE,8.0,PERSONAL,4500,10.99,1,0.16,N,2,1,1544,1,0
24,39000,RENT,3.0,EDUCATION,1500,8.49,1,0.04,N,3,1,1554,1,0
26,45000,RENT,3.0,VENTURE,1500,10.25,0,0.03,N,3,1,1557,0,0
26,51996,RENT,10.0,VENTURE,1500,13.85,0,0.03,Y,4,0,1565,0,0
25,28000,OWN,4.0,VENTURE,12200,12.53,0,0.44,N,4,1,1566,0,0
25,28000,MORTGAGE,3.0,EDUCATION,5000,8.0,0,0.18,N,2,1,1570,0,0
23,54000,RENT,7.0,PERSONAL,1500,9.62,0,0.03,N,3,1,1572,0,0
26,55400,RENT,1.0,MEDICAL,1500,12.84,0,0.03,N,4,1,1576,0,0
25,63000,RENT,0.0,DEBTCONSOLIDATION,1500,12.42,0,0.02,N,4,1,1583,0,0
22,71000,RENT,6.0,EDUCATION,1500,6.99,0,0.02,N,3,1,1584,0,0
24,14400,RENT,0.0,PERSONAL,1600,18.25,1,0.11,N,3,1,1590,1,1
24,28500,OWN,4.0,VENTURE,3500,14.59,0,0.12,N,3,1,1594,0,0
23,24960,RENT,3.0,MEDICAL,1675,11.11,0,0.07,N,3,1,1599,0,1
21,28596,MORTGAGE,3.0,PERSONAL,2000,7.29,0,0.07,N,4,1,1603,0,0
21,28692,MORTGAGE,5.0,EDUCATION,3000,10.75,0,0.1,N,2,1,1608,0,0
26,22000,RENT,2.0,MEDICAL,1750,10.99,0,0.08,N,3,1,1616,0,0
26,96000,RENT,2.0,HOMEIMPROVEMENT,1750,6.54,0,0.02,N,2,1,1618,0,0
23,45000,RENT,0.0,EDUCATION,1775,12.72,0,0.04,Y,2,0,1621,0,0
22,28800,MORTGAGE,2.0,MEDICAL,10000,7.49,0,0.35,N,2,1,1631,0,0
23,28800,MORTGAGE,0.0,MEDICAL,6000,7.49,0,0.21,N,2,1,1635,0,0
22,45000,RENT,4.0,VENTURE,1800,16.49,0,0.04,N,4,1,1640,0,0
26,45000,RENT,5.0,MEDICAL,1800,14.11,0,0.04,Y,2,0,1644,0,0
23,48000,RENT,4.0,PERSONAL,1800,11.49,0,0.04,N,4,1,1647,0,0
22,71004,RENT,6.0,EDUCATION,1800,11.12,0,0.03,N,4,1,1653,0,0
26,75000,RENT,1.0,VENTURE,1800,9.25,0,0.02,N,2,1,1655,0,0
24,35000,RENT,4.0,EDUCATION,1850,7.12,0,0.05,N,2,1,1661,0,0
25,42000,RENT,4.0,EDUCATION,1925,6.17,0,0.05,N,4,1,1668,0,0
22,28880,MORTGAGE,4.0,MEDICAL,2000,8.59,0,0.07,N,3,1,1670,0,0
24,31200,RENT,3.0,MEDICAL,1950,13.11,0,0.06,Y,4,0,1671,0,0
24,28932,MORTGAGE,4.0,PERSONAL,10000,10.99,0,0.35,Y,2,0,1673,0,0
23,28989,MORTGAGE,0.0,EDUCATION,10000,8.0,0,0.34,N,2,1,1675,0,0
24,14400,RENT,4.0,VENTURE,2000,10.65,0,0.14,N,4,1,1680,0,0
26,14400,RENT,1.0,PERSONAL,2000,17.49,1,0.14,N,4,1,1681,1,1
21,29000,MORTGAGE,0.0,PERSONAL,4200,11.99,0,0.14,N,3,1,1682,0,0
21,14400,RENT,0.0,DEBTCONSOLIDATION,2000,5.79,0,0.14,N,2,1,1684,0,0
25,15000,RENT,0.0,MEDICAL,2000,7.88,0,0.13,N,4,1,1687,0,0
24,19200,RENT,2.0,MEDICAL,2000,13.49,0,0.1,N,4,1,1697,0,0
26,19200,RENT,3.0,MEDICAL,2000,6.17,0,0.1,N,4,1,1699,0,0
23,29004,MORTGAGE,2.0,MEDICAL,6000,11.99,0,0.21,N,2,1,1703,0,1
22,29004,MORTGAGE,3.0,VENTURE,5000,9.25,0,0.17,N,4,1,1704,0,0
23,29004,OWN,1.0,EDUCATION,2000,13.16,0,0.07,Y,3,0,1707,0,0
23,22000,RENT,1.0,VENTURE,2000,13.99,0,0.09,N,2,1,1710,0,1
25,24000,RENT,0.0,PERSONAL,2000,10.38,0,0.08,N,4,1,1721,0,0
24,25000,RENT,6.0,PERSONAL,2000,6.62,0,0.08,N,4,1,1731,0,0
21,29664,MORTGAGE,5.0,DEBTCONSOLIDATION,5000,13.57,1,0.17,Y,4,0,1736,1,1
23,26496,RENT,1.0,DEBTCONSOLIDATION,2000,13.61,0,0.08,N,4,1,1738,0,0
26,30000,RENT,2.0,EDUCATION,2000,11.71,1,0.07,N,2,1,1741,1,0
23,82000,RENT,7.0,HOMEIMPROVEMENT,15000,18.25,1,0.18,Y,2,0,1748,1,1
23,121000,RENT,7.0,MEDICAL,15000,10.99,0,0.12,N,2,1,1784,0,0
25,125000,RENT,0.0,VENTURE,15000,10.99,0,0.12,N,3,1,1786,0,0
25,30000,MORTGAGE,2.0,VENTURE,8000,10.65,0,0.27,N,4,1,1788,0,0
24,123000,RENT,8.0,PERSONAL,15000,15.37,1,0.12,N,4,1,1791,1,0
22,140000,RENT,4.0,VENTURE,15000,14.17,0,0.11,Y,3,0,1792,0,0
26,30000,MORTGAGE,10.0,VENTURE,6500,6.62,0,0.22,N,3,1,1800,0,0
24,55000,RENT,4.0,PERSONAL,14900,11.83,0,0.27,N,3,1,1803,0,0
25,28800,RENT,6.0,MEDICAL,14800,7.49,1,0.51,N,3,1,1807,1,1
23,30000,MORTGAGE,4.0,DEBTCONSOLIDATION,1000,6.62,1,0.03,N,3,1,1808,1,0
25,30000,RENT,2.0,MEDICAL,2000,10.38,0,0.07,N,2,1,1811,0,0
26,30000,RENT,9.0,VENTURE,2000,11.49,0,0.07,N,3,1,1812,0,0
24,32000,RENT,2.0,EDUCATION,2000,10.59,1,0.06,N,3,1,1818,1,0
23,32000,RENT,5.0,VENTURE,2000,16.49,0,0.06,N,3,1,1819,0,0
24,32640,RENT,5.0,EDUCATION,2000,10.0,1,0.06,N,2,1,1822,1,0
23,33000,RENT,1.0,EDUCATION,2000,6.03,0,0.06,N,4,1,1824,0,0
22,33000,RENT,1.0,DEBTCONSOLIDATION,2000,10.99,0,0.06,N,3,1,1826,0,0
21,40000,RENT,2.0,EDUCATION,2000,14.72,0,0.05,N,3,1,1829,0,0
22,54000,RENT,7.0,MEDICAL,2000,18.3,1,0.04,Y,4,0,1841,1,1
26,62400,RENT,3.0,PERSONAL,2000,12.53,0,0.03,N,2,1,1846,0,0
26,67000,RENT,6.0,EDUCATION,2000,10.99,0,0.03,N,4,1,1850,0,0
23,70000,RENT,4.0,PERSONAL,2000,7.66,0,0.03,N,2,1,1851,0,0
22,75000,RENT,6.0,EDUCATION,2000,13.43,0,0.03,N,3,1,1859,0,0
26,30000,MORTGAGE,5.0,HOMEIMPROVEMENT,2000,11.99,1,0.07,N,2,1,1863,1,0
22,30000,MORTGAGE,5.0,MEDICAL,3000,14.79,0,0.1,Y,3,0,1864,0,1
23,80000,RENT,1.0,VENTURE,2000,9.99,0,0.03,N,4,1,1866,0,0
25,130000,RENT,3.0,HOMEIMPROVEMENT,2000,6.99,0,0.02,N,4,1,1876,0,0
22,25000,RENT,1.0,VENTURE,2050,10.59,0,0.08,N,2,1,1877,0,0
25,23000,RENT,0.0,EDUCATION,2100,13.48,0,0.09,Y,4,0,1884,0,0
22,60000,RENT,5.0,VENTURE,2100,13.43,0,0.04,N,2,1,1895,0,0
23,87000,RENT,4.0,EDUCATION,2100,10.99,0,0.02,N,2,1,1900,0,0
24,79050,RENT,2.0,MEDICAL,2100,9.91,1,0.02,N,4,1,1901,1,0
26,57600,RENT,10.0,DEBTCONSOLIDATION,2150,15.62,1,0.04,Y,3,0,1905,1,1
23,30000,RENT,1.0,MEDICAL,14000,11.26,1,0.47,N,3,1,1911,1,1
22,32000,RENT,0.0,DEBTCONSOLIDATION,14000,13.49,1,0.44,N,2,1,1912,1,1
24,30000,OWN,7.0,HOMEIMPROVEMENT,10000,12.61,0,0.33,N,3,1,1928,0,0
23,30000,MORTGAGE,0.0,DEBTCONSOLIDATION,1000,13.72,0,0.03,N,4,1,1930,0,0
23,26004,RENT,8.0,DEBTCONSOLIDATION,2200,9.91,1,0.08,N,2,1,1941,1,0
22,55000,RENT,3.0,MEDICAL,2200,5.79,0,0.04,N,4,1,1952,0,0
25,30000,MORTGAGE,4.0,DEBTCONSOLIDATION,9000,7.51,0,0.3,N,4,1,1954,0,0
21,52500,RENT,0.0,DEBTCONSOLIDATION,2225,7.66,0,0.04,N,3,1,1956,0,0
25,25920,RENT,0.0,PERSONAL,2300,11.11,0,0.09,N,4,1,1962,0,0
23,13000,RENT,0.0,PERSONAL,2400,16.82,1,0.18,N,3,1,1974,1,1
24,13288,RENT,5.0,VENTURE,2400,17.27,1,0.18,N,2,1,1975,1,1
24,30000,MORTGAGE,8.0,HOMEIMPROVEMENT,5000,13.48,1,0.17,Y,2,0,1976,1,1
25,30000,MORTGAGE,6.0,PERSONAL,4000,7.14,0,0.13,N,2,1,1977,0,0
22,30000,MORTGAGE,6.0,VENTURE,3200,13.48,0,0.11,N,4,1,1984,0,0
22,30000,MORTGAGE,6.0,EDUCATION,13750,14.22,0,0.46,N,4,1,1985,0,1
23,22790,RENT,7.0,VENTURE,2400,8.94,0,0.11,N,4,1,1992,0,0
25,22800,RENT,1.0,MEDICAL,2400,10.36,0,0.11,N,4,1,1993,0,0
21,26000,RENT,1.0,PERSONAL,2400,11.58,1,0.09,N,4,1,2000,1,0
25,28000,RENT,8.0,EDUCATION,2400,11.49,0,0.09,N,3,1,2004,0,0
21,30000,RENT,1.0,VENTURE,2400,16.49,1,0.08,Y,2,0,2007,1,1
24,30000,RENT,2.0,MEDICAL,2400,13.72,0,0.08,Y,4,0,2008,0,0
22,32000,RENT,0.0,MEDICAL,2400,11.99,0,0.07,N,3,1,2012,0,0
23,40000,RENT,3.0,DEBTCONSOLIDATION,2400,8.9,0,0.06,N,3,1,2020,0,0
24,30000,MORTGAGE,0.0,VENTURE,6000,13.22,0,0.2,N,3,1,2022,0,0
24,30000,MORTGAGE,0.0,DEBTCONSOLIDATION,6000,13.57,0,0.2,N,2,1,2029,0,0
22,57500,RENT,3.0,PERSONAL,2400,15.23,0,0.04,N,3,1,2055,0,0
21,30000,MORTGAGE,4.0,DEBTCONSOLIDATION,14000,9.38,0,0.47,N,4,1,2059,0,0
23,36000,RENT,0.0,EDUCATION,2425,8.49,0,0.07,N,4,1,2069,0,0
23,51000,RENT,6.0,DEBTCONSOLIDATION,13500,12.23,0,0.26,Y,2,0,2081,0,0
22,30288,OWN,0.0,EDUCATION,5000,19.47,1,0.17,Y,3,0,2084,1,0
24,57772,RENT,6.0,VENTURE,13500,13.99,0,0.23,N,2,1,2088,0,0
25,30576,MORTGAGE,5.0,DEBTCONSOLIDATION,10000,6.03,0,0.33,N,4,1,2094,0,0
26,100000,RENT,0.0,PERSONAL,13500,7.14,0,0.14,N,3,1,2095,0,0
23,30652,MORTGAGE,4.0,DEBTCONSOLIDATION,6000,14.54,1,0.2,Y,2,0,2098,1,1
22,50000,RENT,0.0,DEBTCONSOLIDATION,13350,14.59,1,0.27,N,2,1,2104,1,1
22,30000,RENT,4.0,DEBTCONSOLIDATION,13250,16.4,1,0.44,Y,3,0,2110,1,1
22,33300,RENT,0.0,DEBTCONSOLIDATION,13250,10.99,1,0.4,N,4,1,2111,1,1
26,35000,RENT,5.0,VENTURE,13225,13.49,1,0.38,Y,3,0,2116,1,1
26,80952,RENT,6.0,EDUCATION,13200,16.77,0,0.16,N,4,1,2132,0,0
25,31000,MORTGAGE,7.0,HOMEIMPROVEMENT,6000,7.66,0,0.19,N,2,1,2135,0,0
25,31000,MORTGAGE,4.0,VENTURE,10000,10.38,0,0.32,N,4,1,2141,0,0
25,31000,MORTGAGE,2.0,PERSONAL,12250,11.36,1,0.4,N,3,1,2145,1,1
22,30000,RENT,2.0,VENTURE,13000,13.11,1,0.43,Y,3,0,2146,1,1
25,35000,RENT,5.0,MEDICAL,13000,13.22,1,0.37,N,2,1,2150,1,1
23,31000,MORTGAGE,6.0,EDUCATION,18500,10.99,0,0.6,N,4,1,2158,0,0
22,37200,RENT,0.0,VENTURE,13000,16.0,1,0.35,N,2,1,2174,1,1
25,31200,MORTGAGE,9.0,DEBTCONSOLIDATION,6000,5.79,0,0.19,N,4,1,2181,0,0
22,48000,RENT,1.0,MEDICAL,13000,9.99,0,0.27,N,2,1,2182,0,0
23,44000,RENT,7.0,DEBTCONSOLIDATION,13000,16.29,1,0.3,N,3,1,2185,1,1
22,20640,RENT,0.0,EDUCATION,2500,12.68,0,0.12,N,3,1,2186,0,0
22,21996,RENT,0.0,MEDICAL,2500,11.89,0,0.11,N,2,1,2189,0,0
22,31200,MORTGAGE,2.0,DEBTCONSOLIDATION,1050,7.51,1,0.03,N,4,1,2191,1,0
21,22200,RENT,2.0,PERSONAL,2500,16.29,1,0.11,N,4,1,2194,1,1
22,31356,MORTGAGE,6.0,DEBTCONSOLIDATION,11225,10.99,1,0.36,Y,2,0,2210,1,0
21,26940,RENT,1.0,EDUCATION,2500,5.42,0,0.09,N,4,1,2211,0,0
25,27024,RENT,7.0,EDUCATION,2500,16.69,0,0.09,N,2,1,2213,0,0
23,34800,RENT,7.0,EDUCATION,2500,6.39,0,0.07,N,2,1,2231,0,0
22,30000,RENT,0.0,EDUCATION,2500,13.16,1,0.08,Y,4,0,2237,1,0
26,37225,RENT,4.0,PERSONAL,2500,10.99,0,0.07,N,3,1,2240,0,0
23,32000,MORTGAGE,7.0,EDUCATION,10000,11.71,0,0.31,N,2,1,2245,0,0
25,40000,RENT,3.0,MEDICAL,2500,9.99,0,0.06,N,3,1,2247,0,0
23,42000,RENT,0.0,EDUCATION,2500,11.49,0,0.06,N,2,1,2255,0,0
23,32000,MORTGAGE,4.0,EDUCATION,2000,5.99,0,0.06,N,2,1,2265,0,0
26,47004,RENT,9.0,MEDICAL,2500,15.65,0,0.05,Y,3,0,2269,0,1
26,52000,RENT,6.0,DEBTCONSOLIDATION,2500,14.82,0,0.05,Y,2,0,2276,0,1
23,54000,RENT,7.0,EDUCATION,2500,16.32,0,0.05,Y,2,0,2279,0,0
24,57600,RENT,8.0,EDUCATION,2500,14.72,0,0.04,Y,3,0,2286,0,0
22,60000,RENT,5.0,DEBTCONSOLIDATION,2500,10.99,0,0.04,Y,4,0,2289,0,0
25,60000,RENT,9.0,PERSONAL,2500,8.63,0,0.04,N,3,1,2290,0,0
23,63000,RENT,7.0,EDUCATION,2500,14.72,0,0.04,N,2,1,2294,0,0
25,65004,RENT,10.0,MEDICAL,2500,10.08,0,0.04,N,2,1,2296,0,0
24,32000,MORTGAGE,4.0,VENTURE,3000,10.75,0,0.09,N,4,1,2298,0,0
22,54400,RENT,6.0,MEDICAL,2500,16.49,1,0.04,Y,3,0,2299,1,1
24,32000,MORTGAGE,7.0,VENTURE,4500,6.76,0,0.14,N,2,1,2300,0,0
26,82400,RENT,10.0,VENTURE,2500,13.92,0,0.03,N,3,1,2304,0,0
26,85000,RENT,1.0,EDUCATION,2500,8.59,0,0.03,N,2,1,2305,0,0
21,32000,OWN,3.0,PERSONAL,4500,16.0,0,0.14,N,4,1,2322,0,0
23,23760,RENT,2.0,DEBTCONSOLIDATION,2800,10.99,0,0.12,N,2,1,2325,0,0
21,32000,MORTGAGE,5.0,DEBTCONSOLIDATION,4200,11.58,0,0.13,N,2,1,2328,0,1
23,26500,RENT,1.0,EDUCATION,2800,12.29,0,0.11,N,3,1,2331,0,0
25,32004,MORTGAGE,3.0,PERSONAL,22750,6.17,0,0.71,N,4,1,2338,0,0
23,28000,RENT,2.0,VENTURE,2875,15.23,0,0.1,Y,3,0,2342,0,1
22,32004,MORTGAGE,6.0,EDUCATION,10000,7.51,0,0.31,N,2,1,2344,0,0
26,31200,RENT,0.0,MEDICAL,2900,9.91,0,0.09,N,2,1,2348,0,0
22,27000,RENT,5.0,PERSONAL,2925,10.71,0,0.11,N,4,1,2351,0,0
22,25000,RENT,0.0,VENTURE,2975,9.96,0,0.12,N,2,1,2354,0,0
21,12000,RENT,0.0,VENTURE,3000,7.88,1,0.25,N,3,1,2360,1,1
21,32268,OWN,0.0,MEDICAL,8000,8.0,0,0.25,N,3,1,2362,0,0
25,32400,MORTGAGE,9.0,PERSONAL,10000,13.99,0,0.31,Y,3,0,2372,0,1
24,18000,RENT,5.0,PERSONAL,3000,15.27,1,0.17,Y,2,0,2385,1,1
23,18000,RENT,1.0,HOMEIMPROVEMENT,3000,15.99,1,0.17,Y,2,0,2386,1,1
26,32450,MORTGAGE,5.0,MEDICAL,3250,6.99,0,0.1,N,4,1,2388,0,0
23,19200,RENT,3.0,VENTURE,3000,12.99,1,0.16,Y,2,0,2399,1,1
21,19200,RENT,0.0,PERSONAL,3000,10.99,1,0.16,N,2,1,2404,1,1
22,22800,RENT,3.0,MEDICAL,3000,6.62,0,0.13,N,3,1,2417,0,0
22,23000,RENT,4.0,MEDICAL,3000,5.79,0,0.13,N,2,1,2418,0,0
25,30000,RENT,3.0,PERSONAL,3000,13.61,0,0.1,N,2,1,2432,0,0
21,30000,RENT,4.0,EDUCATION,3000,16.32,0,0.1,Y,3,0,2434,0,1
24,30000,RENT,1.0,DEBTCONSOLIDATION,3000,13.98,1,0.1,Y,2,0,2436,1,0
21,30000,RENT,2.0,EDUCATION,3000,11.89,0,0.1,N,4,1,2441,0,0
25,33000,MORTGAGE,9.0,MEDICAL,3000,11.99,0,0.09,N,2,1,2442,0,0
26,31131,RENT,0.0,MEDICAL,3000,13.36,1,0.1,Y,4,0,2445,1,0
22,32400,RENT,5.0,PERSONAL,3000,16.45,0,0.09,N,3,1,2457,0,0
26,33189,RENT,4.0,EDUCATION,3000,11.12,0,0.09,N,2,1,2463,0,0
23,34008,RENT,5.0,VENTURE,3000,10.0,0,0.09,N,4,1,2464,0,0
22,35000,RENT,0.0,EDUCATION,3000,10.99,0,0.09,N,2,1,2467,0,0
23,33000,MORTGAGE,2.0,DEBTCONSOLIDATION,3000,14.35,0,0.09,Y,3,0,2476,0,0
26,33000,MORTGAGE,10.0,PERSONAL,7000,7.43,0,0.21,N,4,1,2493,0,0
23,33012,OWN,2.0,EDUCATION,12200,10.99,0,0.37,N,4,1,2494,0,0
23,40000,RENT,2.0,PERSONAL,3000,13.49,0,0.07,N,3,1,2495,0,0
25,40000,RENT,2.0,MEDICAL,3000,10.25,0,0.07,N,2,1,2499,0,0
22,43500,RENT,0.0,EDUCATION,3000,5.42,0,0.07,N,3,1,2507,0,0
24,33321,OWN,4.0,VENTURE,12250,13.11,0,0.37,Y,4,0,2514,0,0
24,33360,MORTGAGE,6.0,DEBTCONSOLIDATION,6000,10.59,0,0.18,N,3,1,2515,0,0
25,45000,RENT,4.0,MEDICAL,3000,7.9,0,0.07,N,4,1,2517,0,0
26,39000,RENT,11.0,EDUCATION,3000,10.99,1,0.08,Y,2,0,2522,1,0
23,33600,MORTGAGE,3.0,MEDICAL,4200,10.99,0,0.13,N,3,1,2527,0,1
24,39996,RENT,2.0,EDUCATION,3000,10.99,1,0.08,Y,3,0,2528,1,0
22,33600,OWN,1.0,MEDICAL,5000,18.25,0,0.15,N,2,1,2530,0,1
24,33600,MORTGAGE,3.0,PERSONAL,2500,8.9,0,0.07,N,2,1,2531,0,0
25,48000,RENT,0.0,EDUCATION,3000,13.47,0,0.06,Y,4,0,2541,0,0
25,33600,MORTGAGE,1.0,VENTURE,12000,9.99,0,0.36,N,3,1,2544,0,0
23,44000,RENT,4.0,DEBTCONSOLIDATION,3000,7.66,1,0.07,N,4,1,2549,1,0
23,50000,RENT,6.0,EDUCATION,3000,10.99,0,0.06,Y,2,0,2554,0,0
24,51600,RENT,8.0,HOMEIMPROVEMENT,3000,10.65,0,0.06,N,3,1,2558,0,0
22,45996,RENT,0.0,MEDICAL,3000,15.62,1,0.07,Y,2,0,2561,1,1
25,33800,MORTGAGE,2.0,EDUCATION,10000,15.31,0,0.3,N,4,1,2571,0,0
23,33990,MORTGAGE,2.0,DEBTCONSOLIDATION,1000,10.59,1,0.03,N,2,1,2574,1,0
21,33996,MORTGAGE,2.0,HOMEIMPROVEMENT,2500,7.88,1,0.07,N,3,1,2579,1,1
23,50000,RENT,0.0,EDUCATION,12000,10.59,0,0.24,N,3,1,2582,0,0
23,50000,RENT,1.0,DEBTCONSOLIDATION,12000,6.54,0,0.24,N,3,1,2585,0,0
25,44004,RENT,3.0,MEDICAL,12000,15.31,1,0.27,Y,3,0,2593,1,1
22,50361,RENT,6.0,EDUCATION,12000,12.73,0,0.24,N,4,1,2595,0,0
23,34000,MORTGAGE,2.0,DEBTCONSOLIDATION,10000,6.99,0,0.29,N,4,1,2601,0,0
22,45449,RENT,6.0,MEDICAL,12000,10.99,1,0.26,N,4,1,2603,1,0
23,34000,OWN,7.0,VENTURE,10950,7.29,0,0.32,N,2,1,2608,0,0
24,34000,MORTGAGE,1.0,PERSONAL,5100,14.35,0,0.15,N,4,1,2616,0,0
25,34000,MORTGAGE,2.0,MEDICAL,6000,15.7,1,0.18,Y,3,0,2624,1,1
23,54000,RENT,8.0,VENTURE,12000,11.36,0,0.22,N,2,1,2627,0,0
25,54996,RENT,3.0,HOMEIMPROVEMENT,12000,10.37,0,0.22,N,2,1,2630,0,0
26,55000,RENT,10.0,PERSONAL,12000,12.42,0,0.22,N,3,1,2635,0,0
25,55000,RENT,9.0,EDUCATION,12000,10.65,0,0.22,N,3,1,2638,0,0
22,55008,RENT,6.0,EDUCATION,12000,13.79,0,0.22,N,2,1,2644,0,0
23,34174,MORTGAGE,8.0,PERSONAL,9000,13.47,0,0.26,N,4,1,2649,0,0
23,56000,RENT,2.0,PERSONAL,12000,10.75,0,0.21,N,3,1,2652,0,0
26,57000,RENT,0.0,MEDICAL,12000,10.99,0,0.21,N,4,1,2658,0,0
24,51000,RENT,3.0,PERSONAL,12000,7.88,1,0.24,N,3,1,2662,1,0
23,57000,RENT,4.0,DEBTCONSOLIDATION,12000,8.94,0,0.21,N,2,1,2664,0,0
25,51780,RENT,8.0,MEDICAL,12000,13.47,1,0.23,N,3,1,2666,1,0
24,52260,RENT,6.0,MEDICAL,12000,9.99,1,0.23,N,4,1,2672,1,0
23,52800,RENT,6.0,MEDICAL,3000,10.99,0,0.06,N,4,1,2678,0,0
24,34600,MORTGAGE,2.0,DEBTCONSOLIDATION,4000,5.42,0,0.12,N,2,1,2680,0,0
22,49000,RENT,7.0,DEBTCONSOLIDATION,3000,12.23,1,0.06,Y,2,0,2692,1,0
24,35000,MORTGAGE,9.0,HOMEIMPROVEMENT,8000,11.71,0,0.23,N,2,1,2705,0,0
23,59000,RENT,5.0,DEBTCONSOLIDATION,3000,7.14,0,0.05,N,2,1,2710,0,0
26,60000,RENT,3.0,DEBTCONSOLIDATION,3000,10.0,0,0.05,N,3,1,2718,0,0
22,35000,MORTGAGE,6.0,DEBTCONSOLIDATION,9500,6.03,0,0.27,N,3,1,2726,0,0
21,35000,OWN,3.0,EDUCATION,5000,14.27,0,0.14,Y,3,0,2729,0,0
25,35000,MORTGAGE,9.0,DEBTCONSOLIDATION,7000,10.99,0,0.2,N,2,1,2730,0,0
24,62000,RENT,7.0,EDUCATION,3000,9.99,0,0.05,N,2,1,2731,0,0
24,35000,MORTGAGE,2.0,HOMEIMPROVEMENT,7500,7.9,0,0.21,N,3,1,2735,0,0
25,65000,RENT,1.0,HOMEIMPROVEMENT,3000,8.49,0,0.05,N,4,1,2740,0,0
24,35000,OWN,1.0,MEDICAL,10000,7.9,0,0.29,N,4,1,2741,0,0
22,65000,RENT,0.0,EDUCATION,3000,6.99,0,0.05,N,4,1,2742,0,0
22,35000,OWN,1.0,EDUCATION,8000,12.69,0,0.23,N,4,1,2743,0,0
26,65000,RENT,1.0,VENTURE,3000,5.79,0,0.05,N,2,1,2744,0,0
26,35000,MORTGAGE,10.0,PERSONAL,8000,12.69,0,0.23,N,3,1,2746,0,0
26,67500,RENT,1.0,HOMEIMPROVEMENT,3000,9.32,0,0.04,N,4,1,2755,0,0
26,54400,RENT,2.0,MEDICAL,3000,19.42,1,0.05,N,2,1,2757,1,1
24,64000,RENT,7.0,DEBTCONSOLIDATION,3000,15.21,1,0.05,N,4,1,2760,1,1
24,35000,MORTGAGE,7.0,EDUCATION,15000,7.49,0,0.43,N,4,1,2761,0,0
22,35000,MORTGAGE,2.0,EDUCATION,6000,7.49,0,0.17,N,4,1,2762,0,0
21,35000,MORTGAGE,6.0,DEBTCONSOLIDATION,15000,10.99,0,0.43,N,4,1,2767,0,0
23,35000,MORTGAGE,7.0,EDUCATION,2100,5.42,0,0.06,N,3,1,2772,0,0
24,75000,RENT,4.0,HOMEIMPROVEMENT,3000,10.99,0,0.04,N,4,1,2778,0,0
22,35000,MORTGAGE,7.0,PERSONAL,3500,11.49,0,0.1,N,3,1,2789,0,0
23,85000,RENT,5.0,VENTURE,3000,7.49,0,0.04,N,3,1,2791,0,0
24,100000,RENT,0.0,HOMEIMPROVEMENT,3000,9.76,0,0.03,N,3,1,2799,0,0
24,142000,RENT,3.0,DEBTCONSOLIDATION,3000,7.88,0,0.02,N,2,1,2813,0,0
25,137400,RENT,4.0,EDUCATION,3000,13.06,1,0.02,N,2,1,2814,1,0
22,16800,RENT,1.0,EDUCATION,3050,9.91,1,0.18,N,3,1,2817,1,1
25,30000,RENT,1.0,EDUCATION,3075,10.59,0,0.1,N,2,1,2820,0,0
25,20000,RENT,0.0,MEDICAL,3100,11.71,0,0.15,N,4,1,2824,0,0
23,20400,RENT,3.0,PERSONAL,3125,12.61,0,0.15,N,3,1,2826,0,0
25,42000,RENT,2.0,EDUCATION,3150,5.79,0,0.07,N,4,1,2829,0,0
22,35000,MORTGAGE,6.0,EDUCATION,8000,5.79,0,0.23,N,4,1,2830,0,0
26,15000,RENT,8.0,MEDICAL,3200,12.21,1,0.21,N,2,1,2836,1,1
23,22000,RENT,2.0,MEDICAL,3200,12.69,0,0.15,N,4,1,2848,0,1
21,24000,RENT,3.0,DEBTCONSOLIDATION,3200,13.57,0,0.13,N,4,1,2851,0,0
24,35000,MORTGAGE,2.0,MEDICAL,2950,10.99,0,0.08,N,4,1,2861,0,0
23,31200,RENT,0.0,EDUCATION,3200,13.49,0,0.1,Y,4,0,2863,0,0
22,31200,RENT,1.0,VENTURE,3200,11.99,0,0.1,N,2,1,2864,0,0
22,32000,RENT,0.0,PERSONAL,3200,10.2,0,0.1,N,3,1,2865,0,0
25,29004,RENT,0.0,HOMEIMPROVEMENT,3200,17.49,1,0.11,Y,2,0,2868,1,1
22,42500,RENT,7.0,EDUCATION,3200,7.49,0,0.08,N,4,1,2874,0,0
26,43200,RENT,5.0,EDUCATION,3200,14.35,0,0.07,Y,4,0,2875,0,0
22,51000,RENT,2.0,EDUCATION,3200,10.99,0,0.06,N,2,1,2885,0,0
24,54731,RENT,2.0,DEBTCONSOLIDATION,3200,11.83,0,0.06,N,2,1,2888,0,0
24,58000,RENT,2.0,VENTURE,3200,14.35,0,0.06,N,2,1,2893,0,0
26,65000,RENT,5.0,DEBTCONSOLIDATION,3200,11.71,0,0.05,N,3,1,2899,0,0
24,35000,MORTGAGE,3.0,PERSONAL,13000,14.74,0,0.37,N,3,1,2900,0,0
24,59000,RENT,8.0,MEDICAL,3200,13.8,1,0.05,N,3,1,2901,1,0
24,65004,RENT,0.0,HOMEIMPROVEMENT,3200,9.99,0,0.05,N,4,1,2902,0,0
25,78000,RENT,5.0,HOMEIMPROVEMENT,3200,12.99,0,0.04,Y,4,0,2907,0,0
24,83000,RENT,3.0,HOMEIMPROVEMENT,3200,6.99,0,0.04,N,3,1,2908,0,0
22,10200,RENT,4.0,VENTURE,3250,10.99,1,0.32,Y,2,0,2915,1,1
21,12000,RENT,2.0,HOMEIMPROVEMENT,3250,9.99,1,0.27,N,2,1,2916,1,1
21,35004,MORTGAGE,1.0,VENTURE,3600,8.0,0,0.1,N,2,1,2942,0,0
22,66000,RENT,0.0,VENTURE,3300,14.65,0,0.05,Y,2,0,2943,0,0
24,35004,OTHER,6.0,MEDICAL,18225,9.63,1,0.52,N,3,1,2946,1,0
21,33000,RENT,5.0,VENTURE,3375,13.49,0,0.1,Y,3,0,2952,0,0
23,24290,RENT,0.0,MEDICAL,3400,7.51,0,0.14,N,4,1,2954,0,0
22,35360,MORTGAGE,6.0,EDUCATION,9600,5.99,0,0.27,N,4,1,2965,0,0
26,14000,RENT,8.0,HOMEIMPROVEMENT,3450,12.69,1,0.25,N,3,1,2969,1,1
21,15600,RENT,2.0,PERSONAL,3500,16.07,1,0.22,N,3,1,2975,1,1
21,18456,RENT,2.0,MEDICAL,3500,13.35,1,0.19,Y,2,0,2980,1,1
22,20000,RENT,5.0,EDUCATION,3500,13.11,0,0.17,N,3,1,2982,0,0
23,35500,MORTGAGE,8.0,EDUCATION,9000,7.49,0,0.25,N,3,1,2984,0,0
21,21600,RENT,2.0,DEBTCONSOLIDATION,3500,7.51,0,0.16,N,2,1,2989,0,0
22,22292,RENT,5.0,DEBTCONSOLIDATION,3500,16.49,1,0.16,N,3,1,2990,1,1
24,35640,MORTGAGE,1.0,DEBTCONSOLIDATION,10000,13.49,0,0.28,Y,3,0,2992,0,0
24,24000,RENT,2.0,HOMEIMPROVEMENT,3500,15.65,1,0.15,Y,3,0,2993,1,1
22,24240,RENT,3.0,VENTURE,3500,9.99,0,0.14,N,3,1,2996,0,0
21,26400,RENT,6.0,DEBTCONSOLIDATION,3500,8.49,1,0.13,N,3,1,3000,1,0
22,36000,MORTGAGE,0.0,EDUCATION,11625,13.49,0,0.32,N,2,1,3001,0,0
22,28800,RENT,0.0,VENTURE,3500,10.99,0,0.12,N,2,1,3002,0,0
23,36000,MORTGAGE,7.0,EDUCATION,11300,12.69,0,0.31,N,2,1,3003,0,0
22,36000,MORTGAGE,4.0,MEDICAL,12000,11.71,0,0.33,N,2,1,3016,0,0
24,36000,MORTGAGE,5.0,VENTURE,5600,7.9,0,0.16,N,2,1,3021,0,0
25,35000,RENT,6.0,PERSONAL,3500,11.58,0,0.1,N,3,1,3022,0,0
23,35500,RENT,5.0,EDUCATION,3500,10.99,0,0.1,N,3,1,3025,0,0
22,36000,MORTGAGE,3.0,EDUCATION,5250,10.99,0,0.15,N,4,1,3028,0,0
21,38000,RENT,5.0,VENTURE,3500,10.59,0,0.09,N,3,1,3029,0,0
26,36000,MORTGAGE,6.0,PERSONAL,5175,6.03,0,0.14,N,4,1,3030,0,0
22,38400,RENT,4.0,EDUCATION,3500,13.99,0,0.09,N,3,1,3031,0,0
23,40000,RENT,2.0,VENTURE,3500,11.99,0,0.09,N,4,1,3035,0,0
23,40000,RENT,4.0,PERSONAL,3500,13.23,0,0.09,Y,2,0,3036,0,0
24,40000,RENT,0.0,VENTURE,3500,10.99,0,0.09,N,2,1,3037,0,0
22,36000,MORTGAGE,6.0,MEDICAL,1000,9.99,0,0.03,N,3,1,3049,0,0
22,45000,RENT,0.0,MEDICAL,3500,12.53,0,0.08,N,3,1,3053,0,0
25,36000,OWN,2.0,MEDICAL,8400,5.99,0,0.23,N,3,1,3056,0,0
23,48562,RENT,4.0,VENTURE,3500,8.0,0,0.07,N,2,1,3064,0,0
22,51996,RENT,4.0,PERSONAL,3500,9.62,0,0.07,N,2,1,3068,0,0
25,54084,RENT,5.0,HOMEIMPROVEMENT,3500,9.25,0,0.06,N,2,1,3074,0,0
21,36000,MORTGAGE,5.0,PERSONAL,2800,6.99,0,0.08,N,2,1,3075,0,0
21,30000,MORTGAGE,5.0,HOMEIMPROVEMENT,13250,13.99,1,0.44,N,3,1,3076,1,1
24,55000,RENT,0.0,DEBTCONSOLIDATION,3500,8.88,0,0.06,N,4,1,3077,0,0
22,36000,MORTGAGE,6.0,DEBTCONSOLIDATION,5975,7.42,0,0.17,N,4,1,3085,0,0
23,36000,MORTGAGE,7.0,DEBTCONSOLIDATION,6400,11.49,0,0.18,N,3,1,3095,0,0
24,74400,RENT,1.0,EDUCATION,3500,7.29,0,0.05,N,4,1,3104,0,0
23,74880,RENT,3.0,EDUCATION,3500,11.11,0,0.05,N,4,1,3105,0,0
23,98000,RENT,5.0,DEBTCONSOLIDATION,3500,8.07,0,0.04,N,3,1,3115,0,0
22,36000,MORTGAGE,6.0,EDUCATION,12000,7.29,0,0.33,N,3,1,3118,0,0
26,45000,RENT,6.0,MEDICAL,3575,10.99,0,0.08,N,2,1,3120,0,0
22,36000,MORTGAGE,0.0,PERSONAL,2000,10.99,0,0.06,N,4,1,3125,0,0
21,15000,RENT,0.0,PERSONAL,3600,15.95,1,0.24,N,2,1,3126,1,1
24,20000,RENT,3.0,MEDICAL,3600,11.71,0,0.18,N,4,1,3131,0,0
23,24216,RENT,1.0,EDUCATION,3600,16.49,1,0.15,N,3,1,3136,1,1
22,30000,RENT,0.0,VENTURE,3600,12.21,0,0.12,N,3,1,3150,0,0
23,36000,OWN,1.0,VENTURE,1800,6.54,0,0.05,N,4,1,3154,0,0
23,36000,OWN,1.0,MEDICAL,14600,12.61,0,0.41,Y,2,0,3156,0,0
25,33000,RENT,4.0,MEDICAL,3600,10.0,1,0.11,N,3,1,3161,1,0
24,36000,RENT,1.0,DEBTCONSOLIDATION,3600,7.29,0,0.1,N,2,1,3168,0,0
26,36000,MORTGAGE,2.0,PERSONAL,10000,10.75,0,0.28,N,2,1,3169,0,0
23,40000,RENT,3.0,DEBTCONSOLIDATION,3600,15.96,0,0.09,Y,4,0,3180,0,0
21,40000,RENT,5.0,MEDICAL,3600,5.42,0,0.09,N,4,1,3184,0,0
23,36000,OWN,3.0,EDUCATION,8500,7.51,0,0.24,N,3,1,3189,0,0
23,37000,RENT,7.0,EDUCATION,11000,6.62,0,0.3,N,3,1,3197,0,0
21,41808,RENT,5.0,EDUCATION,11000,17.19,0,0.26,Y,3,0,3210,0,0
22,42000,RENT,3.0,PERSONAL,11000,11.71,0,0.26,N,2,1,3211,0,0
21,36000,OWN,5.0,EDUCATION,8800,13.85,0,0.24,N,2,1,3214,0,0
25,36000,MORTGAGE,0.0,MEDICAL,5400,14.26,0,0.15,N,3,1,3220,0,0
22,45000,RENT,6.0,MEDICAL,11000,9.88,0,0.24,N,2,1,3221,0,0
26,45000,RENT,10.0,PERSONAL,11000,14.61,0,0.24,N,2,1,3222,0,0
22,46000,RENT,4.0,PERSONAL,11000,7.49,0,0.24,N,4,1,3227,0,0
25,48000,RENT,8.0,MEDICAL,11000,7.51,0,0.23,N,4,1,3229,0,0
23,30000,MORTGAGE,4.0,VENTURE,9500,15.31,1,0.32,N,2,1,3230,1,1
22,48000,RENT,2.0,EDUCATION,11000,10.75,0,0.23,N,4,1,3231,0,0
22,36000,MORTGAGE,3.0,MEDICAL,6000,12.53,0,0.17,N,2,1,3241,0,0
26,36000,MORTGAGE,0.0,DEBTCONSOLIDATION,6350,8.94,0,0.18,N,4,1,3242,0,0
26,46000,RENT,3.0,MEDICAL,11000,16.29,1,0.24,Y,3,0,3243,1,0
24,36000,MORTGAGE,3.0,HOMEIMPROVEMENT,6400,9.38,0,0.18,N,4,1,3253,0,0
26,36000,MORTGAGE,10.0,PERSONAL,18000,10.39,0,0.5,N,2,1,3257,0,1
25,80004,RENT,9.0,HOMEIMPROVEMENT,11000,12.53,0,0.14,N,4,1,3263,0,0
24,85000,RENT,1.0,MEDICAL,11000,6.91,0,0.13,N,2,1,3265,0,0
24,100000,RENT,6.0,DEBTCONSOLIDATION,11000,5.42,0,0.11,N,4,1,3269,0,0
25,30252,MORTGAGE,9.0,PERSONAL,10000,9.76,1,0.33,N,3,1,3270,1,0
21,30297,MORTGAGE,5.0,HOMEIMPROVEMENT,7550,13.22,1,0.25,Y,4,0,3272,1,1
22,36396,MORTGAGE,6.0,EDUCATION,5500,11.12,0,0.15,N,3,1,3277,0,0
22,30400,MORTGAGE,2.0,VENTURE,9950,15.27,1,0.33,N,4,1,3279,1,1
24,40000,RENT,0.0,DEBTCONSOLIDATION,10800,6.92,0,0.27,N,4,1,3288,0,0
24,43680,RENT,1.0,VENTURE,10800,5.42,0,0.25,N,2,1,3289,0,0
26,45000,RENT,0.0,MEDICAL,10800,6.17,0,0.24,N,3,1,3290,0,0
25,50000,RENT,2.0,VENTURE,10800,10.75,0,0.22,N,3,1,3298,0,0
25,68000,RENT,9.0,VENTURE,10800,10.74,0,0.16,N,2,1,3305,0,0
23,58650,RENT,7.0,MEDICAL,10800,16.29,1,0.16,N,3,1,3308,1,1
22,36933,MORTGAGE,2.0,VENTURE,10000,12.22,0,0.27,Y,4,0,3309,0,0
23,30000,RENT,6.0,EDUCATION,10775,10.65,1,0.36,N,4,1,3315,1,1
23,25000,RENT,0.0,EDUCATION,10625,11.71,1,0.42,N,3,1,3335,1,1
24,37000,RENT,8.0,MEDICAL,10500,10.99,0,0.28,N,2,1,3356,0,0
23,43500,RENT,0.0,MEDICAL,10450,13.57,0,0.24,N,2,1,3366,0,0
21,40800,RENT,1.0,PERSONAL,10400,9.32,0,0.25,N,3,1,3375,0,0
24,37000,MORTGAGE,4.0,MEDICAL,25000,10.08,0,0.68,N,2,1,3377,0,1
21,42000,RENT,0.0,DEBTCONSOLIDATION,10400,11.49,0,0.25,N,4,1,3378,0,0
25,57300,RENT,2.0,PERSONAL,10400,11.66,0,0.18,N,4,1,3382,0,0
26,165000,RENT,10.0,PERSONAL,10300,9.91,0,0.06,N,3,1,3391,0,0
26,37200,MORTGAGE,1.0,PERSONAL,6000,10.36,0,0.16,N,2,1,3396,0,0
23,45000,RENT,2.0,VENTURE,3600,6.03,0,0.08,N,3,1,3401,0,0
23,45000,RENT,3.0,EDUCATION,3600,11.49,0,0.08,N,3,1,3402,0,0
23,54804,RENT,4.0,EDUCATION,3600,16.77,0,0.07,Y,4,0,3416,0,1
23,37460,MORTGAGE,2.0,EDUCATION,7125,13.99,0,0.19,N,4,1,3418,0,0
25,55000,RENT,9.0,DEBTCONSOLIDATION,3600,8.9,0,0.07,N,3,1,3419,0,0
23,60000,RENT,8.0,EDUCATION,3600,9.99,0,0.06,N,2,1,3425,0,0
26,37500,MORTGAGE,4.0,DEBTCONSOLIDATION,7000,6.54,0,0.19,N,4,1,3426,0,0
23,65000,RENT,7.0,MEDICAL,3600,10.59,0,0.06,N,3,1,3431,0,0
25,51850,RENT,2.0,MEDICAL,3600,13.99,1,0.06,N,2,1,3434,1,0
22,93000,RENT,1.0,HOMEIMPROVEMENT,3600,16.77,1,0.04,Y,3,0,3444,1,1
23,110000,RENT,0.0,PERSONAL,3600,10.99,0,0.03,N,3,1,3445,0,0
25,37980,MORTGAGE,7.0,PERSONAL,3500,6.03,0,0.09,N,2,1,3452,0,0
21,27996,RENT,5.0,EDUCATION,3700,8.0,0,0.13,N,3,1,3455,0,0
23,38000,MORTGAGE,5.0,EDUCATION,8000,12.69,0,0.21,N,3,1,3460,0,0
23,33000,RENT,0.0,DEBTCONSOLIDATION,3725,6.54,0,0.11,N,2,1,3461,0,0
23,120000,RENT,3.0,VENTURE,3725,8.49,0,0.03,N,2,1,3462,0,0
24,38000,OWN,2.0,EDUCATION,9600,10.99,0,0.25,N,2,1,3467,0,0
23,108000,RENT,1.0,MEDICAL,3800,14.26,0,0.04,Y,4,0,3482,0,0
22,38000,MORTGAGE,2.0,MEDICAL,8000,9.99,0,0.21,N,3,1,3486,0,0
25,38000,MORTGAGE,9.0,HOMEIMPROVEMENT,9000,6.99,0,0.24,N,4,1,3488,0,0
23,38000,OWN,2.0,VENTURE,5000,12.99,0,0.13,N,4,1,3489,0,0
22,26000,RENT,2.0,MEDICAL,3900,7.51,0,0.15,N,3,1,3494,0,0
22,38000,MORTGAGE,5.0,EDUCATION,4200,9.25,0,0.11,N,2,1,3502,0,0
24,13000,RENT,4.0,PERSONAL,4000,9.88,1,0.31,N,2,1,3504,1,1
24,13200,RENT,6.0,VENTURE,4000,15.65,1,0.3,Y,3,0,3507,1,1
26,14000,RENT,2.0,VENTURE,4000,10.99,1,0.29,N,3,1,3510,1,1
25,38000,MORTGAGE,3.0,MEDICAL,1500,10.62,0,0.04,N,3,1,3519,0,0
22,38000,MORTGAGE,5.0,DEBTCONSOLIDATION,10000,12.21,0,0.26,N,3,1,3539,0,0
22,38000,MORTGAGE,4.0,VENTURE,4000,14.42,0,0.11,Y,2,0,3541,0,0
23,20000,RENT,6.0,PERSONAL,4000,12.23,0,0.2,Y,2,0,3547,0,0
22,20000,RENT,1.0,EDUCATION,4000,11.89,0,0.2,N,3,1,3548,0,0
26,21000,RENT,0.0,MEDICAL,4000,11.36,0,0.19,N,2,1,3555,0,0
25,38014,MORTGAGE,4.0,HOMEIMPROVEMENT,10000,8.49,0,0.26,N,3,1,3563,0,0
24,24000,RENT,2.0,VENTURE,4000,8.59,0,0.17,N,3,1,3564,0,0
22,38117,MORTGAGE,0.0,PERSONAL,13500,11.83,0,0.35,N,4,1,3568,0,0
23,38160,MORTGAGE,5.0,MEDICAL,12000,10.38,0,0.31,N,4,1,3570,0,0
23,26000,RENT,1.0,EDUCATION,4000,10.99,0,0.15,N,4,1,3579,0,0
23,26000,RENT,1.0,PERSONAL,4000,12.87,1,0.15,Y,3,0,3581,1,1
22,27600,RENT,3.0,MEDICAL,4000,5.42,0,0.14,N,4,1,3593,0,0
25,38400,OWN,9.0,EDUCATION,1000,6.62,0,0.03,N,2,1,3594,0,0
23,28800,RENT,0.0,EDUCATION,4000,5.42,0,0.14,N,2,1,3604,0,0
24,29000,RENT,0.0,VENTURE,4000,9.45,0,0.14,N,3,1,3607,0,0
26,38400,OWN,1.0,PERSONAL,15500,11.99,0,0.4,N,3,1,3609,0,0
21,38400,MORTGAGE,0.0,EDUCATION,4200,10.99,0,0.11,N,2,1,3610,0,0
23,29700,RENT,2.0,VENTURE,4000,10.74,0,0.13,N,4,1,3611,0,0
25,38400,OWN,4.0,VENTURE,12500,13.06,0,0.33,Y,2,0,3617,0,0
25,30000,RENT,4.0,EDUCATION,4000,13.49,0,0.13,Y,4,0,3618,0,0
22,30000,RENT,3.0,PERSONAL,4000,11.49,0,0.13,N,3,1,3619,0,0
26,30000,RENT,4.0,VENTURE,4000,10.75,0,0.13,N,3,1,3628,0,0
26,38400,MORTGAGE,5.0,DEBTCONSOLIDATION,6000,7.51,0,0.16,N,3,1,3633,0,0
24,31200,RENT,3.0,DEBTCONSOLIDATION,4000,12.42,0,0.13,N,4,1,3640,0,0
25,32400,RENT,6.0,MEDICAL,4000,10.08,0,0.12,N,2,1,3653,0,0
22,38423,MORTGAGE,6.0,EDUCATION,2000,8.49,0,0.05,N,3,1,3661,0,0
22,32484,MORTGAGE,6.0,HOMEIMPROVEMENT,6250,7.51,1,0.19,N,4,1,3663,1,1
23,38500,MORTGAGE,2.0,DEBTCONSOLIDATION,3000,10.99,0,0.08,N,2,1,3673,0,0
22,36000,RENT,3.0,EDUCATION,4000,5.42,0,0.11,N,2,1,3693,0,0
22,36000,RENT,0.0,PERSONAL,4000,8.94,0,0.11,N,4,1,3697,0,0
26,36000,RENT,0.0,PERSONAL,4000,10.14,0,0.11,N,2,1,3698,0,0
22,37000,RENT,2.0,EDUCATION,4000,10.95,0,0.11,N,2,1,3700,0,0
21,37200,RENT,5.0,MEDICAL,4000,13.49,0,0.11,Y,4,0,3702,0,0
25,39000,MORTGAGE,9.0,HOMEIMPROVEMENT,3000,13.99,0,0.08,Y,3,0,3705,0,1
23,38400,RENT,7.0,PERSONAL,4000,10.59,0,0.1,N,2,1,3707,0,0
25,39000,RENT,4.0,MEDICAL,4000,7.88,0,0.1,N,4,1,3714,0,0
24,39000,RENT,3.0,MEDICAL,4000,14.61,0,0.1,Y,4,0,3715,0,1
26,40200,RENT,1.0,EDUCATION,4000,6.76,0,0.1,N,4,1,3732,0,0
23,39000,MORTGAGE,0.0,VENTURE,3000,12.53,0,0.08,Y,4,0,3734,0,0
24,35200,RENT,1.0,MEDICAL,4000,16.0,1,0.11,Y,3,0,3737,1,1
22,39300,MORTGAGE,6.0,MEDICAL,7000,9.62,0,0.18,N,4,1,3751,0,1
22,42000,RENT,0.0,VENTURE,4000,13.22,0,0.1,N,3,1,3753,0,0
22,42996,RENT,3.0,EDUCATION,4000,10.99,0,0.09,N,4,1,3755,0,0
24,39456,OWN,8.0,PERSONAL,1325,6.62,0,0.03,N,2,1,3758,0,0
23,39456,OWN,7.0,EDUCATION,14000,7.29,0,0.35,N,3,1,3759,0,0
25,41000,RENT,1.0,PERSONAL,4000,14.84,1,0.1,Y,4,0,3766,1,1
22,47004,RENT,2.0,PERSONAL,4000,10.99,0,0.09,N,3,1,3767,0,0
21,39600,OWN,5.0,PERSONAL,3500,6.62,0,0.09,N,3,1,3772,0,0
24,42000,RENT,8.0,HOMEIMPROVEMENT,4000,11.86,1,0.1,N,2,1,3776,1,1
23,39600,MORTGAGE,8.0,EDUCATION,8250,9.32,0,0.21,N,2,1,3780,0,0
23,39689,OWN,1.0,VENTURE,13000,13.57,0,0.33,Y,2,0,3785,0,0
24,50000,RENT,0.0,PERSONAL,4000,10.99,0,0.08,N,4,1,3788,0,0
25,50000,RENT,2.0,DEBTCONSOLIDATION,4000,10.37,0,0.08,N,2,1,3789,0,0
25,50000,RENT,6.0,MEDICAL,4000,6.92,0,0.08,N,4,1,3792,0,0
25,50000,RENT,3.0,EDUCATION,4000,14.61,0,0.08,N,2,1,3798,0,0
22,50004,RENT,2.0,DEBTCONSOLIDATION,4000,6.92,0,0.08,N,2,1,3799,0,0
22,39996,MORTGAGE,7.0,MEDICAL,6000,12.42,0,0.15,N,4,1,3804,0,0
24,53636,RENT,8.0,EDUCATION,4000,10.62,0,0.07,N,2,1,3818,0,0
23,56000,RENT,7.0,VENTURE,4000,15.23,0,0.07,Y,4,0,3829,0,0
21,57000,RENT,6.0,EDUCATION,4000,7.49,0,0.07,N,4,1,3831,0,0
21,39996,MORTGAGE,6.0,EDUCATION,13000,13.48,0,0.33,N,2,1,3836,0,0
22,58000,RENT,5.0,EDUCATION,4000,10.0,0,0.07,N,4,1,3840,0,0
26,52800,RENT,4.0,PERSONAL,4000,9.99,1,0.08,N,3,1,3843,1,0
25,62500,RENT,9.0,EDUCATION,4000,8.9,0,0.06,N,3,1,3855,0,0
22,63000,RENT,5.0,EDUCATION,4000,10.99,0,0.06,N,4,1,3858,0,0
22,40000,MORTGAGE,6.0,MEDICAL,9875,7.9,0,0.25,N,4,1,3861,0,0
24,65000,RENT,0.0,DEBTCONSOLIDATION,4000,7.51,0,0.06,N,3,1,3862,0,0
25,65000,RENT,3.0,PERSONAL,4000,6.62,0,0.06,N,2,1,3863,0,0
26,70000,RENT,5.0,PERSONAL,4000,13.85,0,0.06,N,4,1,3882,0,0
24,72000,RENT,4.0,DEBTCONSOLIDATION,4000,7.88,0,0.06,N,3,1,3885,0,0
22,77250,RENT,3.0,PERSONAL,4000,11.71,0,0.05,N,3,1,3893,0,0
22,80000,RENT,6.0,EDUCATION,4000,11.12,0,0.05,N,4,1,3899,0,0
22,40000,MORTGAGE,3.0,MEDICAL,6700,10.65,0,0.17,N,4,1,3900,0,0
24,93000,RENT,8.0,MEDICAL,4000,5.42,0,0.04,N,2,1,3905,0,0
26,98000,RENT,3.0,VENTURE,4000,9.32,0,0.04,N,2,1,3910,0,0
26,34000,MORTGAGE,3.0,MEDICAL,4000,17.58,1,0.12,N,3,1,3916,1,1
24,118068,RENT,0.0,DEBTCONSOLIDATION,4000,10.51,1,0.03,N,3,1,3918,1,0
26,131000,RENT,10.0,HOMEIMPROVEMENT,4000,12.84,0,0.03,Y,3,0,3919,0,0
24,16000,RENT,2.0,DEBTCONSOLIDATION,4200,10.99,1,0.26,N,4,1,3923,1,1
22,22560,RENT,3.0,PERSONAL,4200,15.2,1,0.19,Y,4,0,3928,1,0
23,40000,MORTGAGE,7.0,MEDICAL,4000,7.51,0,0.1,N,2,1,3929,0,0
25,24996,RENT,1.0,PERSONAL,4200,14.26,0,0.17,Y,2,0,3931,0,0
25,40000,MORTGAGE,9.0,HOMEIMPROVEMENT,8000,10.99,0,0.2,N,4,1,3933,0,0
26,30000,RENT,3.0,PERSONAL,4200,9.91,0,0.14,N,4,1,3935,0,0
22,22000,RENT,6.0,MEDICAL,4350,11.54,0,0.2,N,3,1,3939,0,1
23,40000,OWN,7.0,MEDICAL,5000,8.49,0,0.13,N,4,1,3940,0,0
26,40000,MORTGAGE,3.0,MEDICAL,2200,8.49,0,0.06,N,3,1,3942,0,0
24,14400,RENT,0.0,DEBTCONSOLIDATION,4375,10.99,1,0.3,N,2,1,3944,1,1
23,40000,MORTGAGE,7.0,PERSONAL,4000,10.99,0,0.1,N,4,1,3945,0,0
26,40000,MORTGAGE,6.0,HOMEIMPROVEMENT,6000,11.99,0,0.15,N,2,1,3946,0,0
21,20000,RENT,3.0,PERSONAL,4400,6.91,0,0.22,N,4,1,3953,0,0
25,15600,RENT,3.0,PERSONAL,4500,7.51,1,0.29,N,3,1,3979,1,1
23,40000,MORTGAGE,2.0,MEDICAL,2000,10.99,0,0.05,N,4,1,3986,0,0
21,20000,RENT,5.0,PERSONAL,4500,13.49,0,0.23,N,2,1,3994,0,0
22,24000,RENT,0.0,EDUCATION,4500,11.49,0,0.19,N,2,1,4009,0,0
25,40000,MORTGAGE,1.0,HOMEIMPROVEMENT,4000,7.29,0,0.1,N,2,1,4010,0,0
23,25596,RENT,2.0,MEDICAL,4500,9.99,0,0.18,N,4,1,4012,0,0
22,40000,MORTGAGE,1.0,EDUCATION,4800,5.42,0,0.12,N,2,1,4016,0,0
22,36000,RENT,5.0,EDUCATION,4500,6.17,0,0.13,N,3,1,4028,0,0
24,40000,OWN,0.0,PERSONAL,6900,6.91,0,0.17,N,3,1,4034,0,0
22,32000,RENT,5.0,MEDICAL,4500,9.63,1,0.14,N,2,1,4035,1,0
24,38000,RENT,8.0,MEDICAL,4500,10.83,0,0.12,N,2,1,4036,0,0
24,39000,RENT,2.0,VENTURE,4500,10.99,0,0.12,N,4,1,4039,0,0
23,41000,RENT,6.0,PERSONAL,4500,12.99,0,0.11,N,4,1,4047,0,0
25,43500,RENT,0.0,MEDICAL,4500,6.76,0,0.1,N,2,1,4056,0,0
25,43738,RENT,0.0,DEBTCONSOLIDATION,4500,5.99,0,0.1,N,3,1,4057,0,0
26,48000,RENT,10.0,DEBTCONSOLIDATION,4500,11.11,0,0.09,N,4,1,4062,0,0
22,44000,RENT,3.0,PERSONAL,4500,5.79,1,0.1,N,3,1,4064,1,0
22,48300,RENT,0.0,HOMEIMPROVEMENT,4500,9.76,1,0.09,N,2,1,4070,1,1
22,34000,MORTGAGE,4.0,PERSONAL,7750,15.21,1,0.23,N,2,1,4071,1,1
25,40000,OWN,0.0,EDUCATION,8000,10.38,0,0.2,N,4,1,4082,0,0
22,40000,MORTGAGE,2.0,PERSONAL,8100,7.14,0,0.2,N,3,1,4086,0,0
25,82560,RENT,6.0,DEBTCONSOLIDATION,4500,7.42,0,0.05,N,3,1,4091,0,0
24,86854,RENT,8.0,VENTURE,4500,10.99,0,0.05,N,4,1,4093,0,0
24,40000,MORTGAGE,8.0,PERSONAL,10000,9.88,0,0.25,N,2,1,4095,0,0
23,27864,RENT,0.0,MEDICAL,4600,6.03,0,0.17,N,3,1,4104,0,0
24,30000,RENT,0.0,MEDICAL,4600,10.99,0,0.15,Y,2,0,4107,0,0
22,40000,MORTGAGE,6.0,VENTURE,4750,10.99,0,0.12,N,2,1,4108,0,0
23,40000,RENT,1.0,VENTURE,4600,10.59,0,0.12,N,3,1,4110,0,0
26,52800,RENT,3.0,DEBTCONSOLIDATION,4600,15.62,1,0.09,Y,4,0,4119,1,1
24,40000,MORTGAGE,8.0,DEBTCONSOLIDATION,4000,7.14,0,0.1,N,4,1,4120,0,0
24,40000,MORTGAGE,2.0,VENTURE,10000,11.83,0,0.25,N,3,1,4128,0,0
22,48000,RENT,2.0,MEDICAL,4650,10.99,0,0.1,N,4,1,4130,0,0
23,14400,RENT,1.0,EDUCATION,4750,11.11,1,0.33,N,2,1,4144,1,1
26,15000,RENT,0.0,PERSONAL,4750,8.49,1,0.32,N,3,1,4146,1,1
24,40000,MORTGAGE,2.0,DEBTCONSOLIDATION,3400,7.4,0,0.09,N,3,1,4152,0,0
24,24000,RENT,8.0,DEBTCONSOLIDATION,4750,10.62,0,0.2,N,3,1,4155,0,0
21,26400,RENT,5.0,PERSONAL,4750,12.23,0,0.18,N,3,1,4156,0,0
24,34000,MORTGAGE,3.0,PERSONAL,10000,15.31,1,0.29,Y,2,0,4157,1,0
22,13440,RENT,1.0,MEDICAL,4800,12.53,1,0.36,N,4,1,4162,1,1
21,15996,RENT,3.0,MEDICAL,4800,15.37,1,0.3,Y,3,0,4165,1,1
24,40000,MORTGAGE,3.0,VENTURE,5000,8.59,0,0.13,N,3,1,4168,0,0
22,24000,RENT,6.0,EDUCATION,4800,7.49,0,0.2,N,2,1,4180,0,0
26,24000,RENT,0.0,EDUCATION,4800,10.99,0,0.2,N,3,1,4181,0,0
23,40000,MORTGAGE,1.0,VENTURE,1200,10.83,0,0.03,N,2,1,4193,0,0
26,40000,MORTGAGE,10.0,VENTURE,5200,10.08,0,0.13,N,3,1,4199,0,0
24,40000,OWN,4.0,MEDICAL,1000,7.37,0,0.03,N,2,1,4201,0,0
24,32000,RENT,6.0,MEDICAL,4800,10.59,0,0.15,N,2,1,4203,0,0
22,32000,RENT,3.0,DEBTCONSOLIDATION,4800,16.49,1,0.15,Y,2,0,4204,1,1
22,40000,MORTGAGE,5.0,DEBTCONSOLIDATION,8000,9.76,0,0.2,N,4,1,4207,0,0
24,40000,OWN,6.0,MEDICAL,5000,11.86,0,0.13,N,4,1,4215,0,0
23,33000,RENT,5.0,DEBTCONSOLIDATION,4800,14.54,1,0.15,Y,3,0,4217,1,1
22,35000,RENT,3.0,EDUCATION,4800,5.42,0,0.14,N,3,1,4222,0,0
21,40200,MORTGAGE,5.0,MEDICAL,7200,7.88,0,0.18,N,2,1,4229,0,0
26,40272,MORTGAGE,3.0,EDUCATION,10000,11.86,0,0.25,N,3,1,4233,0,0
22,38790,RENT,0.0,EDUCATION,4800,13.8,0,0.12,Y,3,0,4237,0,0
22,41300,RENT,6.0,EDUCATION,4800,11.89,0,0.12,N,3,1,4241,0,0
22,41504,RENT,6.0,EDUCATION,4800,12.99,0,0.12,N,4,1,4243,0,0
22,42000,RENT,4.0,DEBTCONSOLIDATION,4800,14.35,0,0.11,N,4,1,4244,0,0
22,42996,RENT,3.0,PERSONAL,4800,11.03,0,0.11,N,4,1,4246,0,0
26,44600,RENT,0.0,EDUCATION,4800,14.65,0,0.11,N,2,1,4248,0,1
26,40610,MORTGAGE,7.0,HOMEIMPROVEMENT,3500,7.14,0,0.09,N,4,1,4252,0,0
26,40720,MORTGAGE,4.0,PERSONAL,10000,13.48,0,0.25,Y,3,0,4253,0,0
21,45000,RENT,3.0,VENTURE,4800,7.51,0,0.11,N,4,1,4256,0,0
24,46000,RENT,0.0,PERSONAL,4800,8.9,0,0.1,N,2,1,4262,0,0
22,40800,MORTGAGE,6.0,PERSONAL,7975,5.79,0,0.2,N,3,1,4264,0,0
25,40800,MORTGAGE,9.0,MEDICAL,9700,9.63,0,0.24,N,4,1,4265,0,0
22,40800,OWN,6.0,VENTURE,10000,12.61,0,0.25,Y,2,0,4272,0,0
23,48000,RENT,3.0,MEDICAL,4800,5.42,0,0.1,N,3,1,4273,0,0
26,40800,MORTGAGE,3.0,PERSONAL,7500,7.88,0,0.18,N,2,1,4277,0,0
23,48756,RENT,5.0,MEDICAL,4800,11.36,0,0.1,N,4,1,4280,0,0
25,50000,RENT,8.0,EDUCATION,4800,15.96,0,0.1,N,2,1,4283,0,0
24,55000,RENT,8.0,PERSONAL,4800,6.92,0,0.09,N,3,1,4296,0,0
21,41000,MORTGAGE,4.0,DEBTCONSOLIDATION,7000,6.03,0,0.17,N,3,1,4303,0,0
26,52000,RENT,6.0,MEDICAL,4800,17.99,1,0.09,N,4,1,4304,1,1
26,41000,MORTGAGE,5.0,PERSONAL,8000,6.03,0,0.2,N,3,1,4305,0,0
24,41000,MORTGAGE,3.0,VENTURE,2500,7.29,0,0.06,N,2,1,4315,0,0
22,75000,RENT,0.0,DEBTCONSOLIDATION,4800,12.21,0,0.06,N,2,1,4326,0,0
22,41000,MORTGAGE,4.0,VENTURE,6000,8.59,0,0.15,N,4,1,4336,0,0
24,103641,RENT,8.0,VENTURE,4800,10.74,0,0.05,N,2,1,4337,0,0
24,40000,RENT,0.0,EDUCATION,4850,6.62,0,0.12,N,2,1,4347,0,0
24,54000,RENT,0.0,HOMEIMPROVEMENT,4850,8.49,0,0.09,N,2,1,4348,0,0
25,21600,RENT,0.0,EDUCATION,4900,13.72,0,0.23,Y,2,0,4351,0,1
21,41033,MORTGAGE,2.0,DEBTCONSOLIDATION,5700,12.99,0,0.14,N,4,1,4361,0,0
24,41100,OWN,2.0,VENTURE,9200,12.42,0,0.22,N,2,1,4362,0,0
24,97850,RENT,5.0,HOMEIMPROVEMENT,10000,7.51,0,0.1,N,4,1,4364,0,0
23,100000,RENT,0.0,PERSONAL,10000,11.46,0,0.1,N,2,1,4377,0,0
26,96000,RENT,2.0,EDUCATION,10000,15.28,1,0.1,Y,2,0,4384,1,1
24,41600,MORTGAGE,0.0,HOMEIMPROVEMENT,10000,8.94,0,0.24,N,2,1,4393,0,0
25,115000,RENT,3.0,MEDICAL,10000,10.37,0,0.09,N,2,1,4401,0,0
21,35760,MORTGAGE,5.0,HOMEIMPROVEMENT,2400,10.99,1,0.07,N,3,1,4402,1,1
21,120000,RENT,4.0,DEBTCONSOLIDATION,10000,9.99,0,0.08,N,3,1,4408,0,0
23,91800,RENT,7.0,MEDICAL,10000,10.99,1,0.09,N,4,1,4413,1,0
22,42000,MORTGAGE,1.0,PERSONAL,10500,14.65,0,0.25,N,2,1,4419,0,1
25,130000,RENT,7.0,HOMEIMPROVEMENT,10000,7.49,0,0.08,N,2,1,4421,0,0
22,36000,MORTGAGE,6.0,DEBTCONSOLIDATION,4000,12.69,1,0.11,N,4,1,4422,1,0
22,60000,RENT,6.0,VENTURE,9975,11.48,0,0.17,N,4,1,4448,0,0
22,42000,MORTGAGE,6.0,MEDICAL,3000,6.03,0,0.07,N,2,1,4449,0,0
22,83200,RENT,6.0,DEBTCONSOLIDATION,9975,10.99,0,0.12,N,3,1,4455,0,1
22,30000,RENT,4.0,VENTURE,9875,7.29,1,0.33,N,3,1,4459,1,1
23,44000,RENT,7.0,MEDICAL,9800,13.11,1,0.22,N,2,1,4466,1,0
24,53500,RENT,0.0,HOMEIMPROVEMENT,9800,6.17,0,0.18,N,4,1,4469,0,0
22,42000,OWN,3.0,VENTURE,7000,10.99,0,0.17,N,3,1,4475,0,0
24,42000,MORTGAGE,2.0,PERSONAL,10000,7.49,0,0.24,N,4,1,4500,0,0
24,75000,RENT,0.0,DEBTCONSOLIDATION,4975,6.76,0,0.07,N,4,1,4503,0,0
22,95000,RENT,0.0,MEDICAL,4975,6.17,0,0.05,N,3,1,4504,0,0
23,27972,RENT,6.0,VENTURE,5000,8.94,0,0.18,N,3,1,4506,0,0
24,28000,RENT,0.0,MEDICAL,5000,7.68,0,0.18,N,3,1,4513,0,0
22,42000,MORTGAGE,4.0,PERSONAL,7050,10.99,0,0.17,N,4,1,4518,0,0
23,28800,RENT,2.0,VENTURE,5000,13.11,0,0.17,N,3,1,4519,0,0
23,29100,RENT,3.0,EDUCATION,5000,14.84,0,0.17,N,2,1,4520,0,0
21,42000,MORTGAGE,1.0,DEBTCONSOLIDATION,2500,7.29,0,0.06,N,4,1,4524,0,0
22,30000,RENT,2.0,EDUCATION,5000,10.99,0,0.17,Y,2,0,4530,0,0
22,30000,RENT,0.0,EDUCATION,5000,11.49,0,0.17,N,2,1,4537,0,0
23,30000,RENT,0.0,PERSONAL,5000,11.86,0,0.17,N,2,1,4538,0,0
24,30000,RENT,0.0,EDUCATION,5000,11.14,0,0.17,N,2,1,4543,0,0
23,30159,RENT,0.0,EDUCATION,5000,11.12,0,0.17,N,2,1,4548,0,0
22,42000,OWN,0.0,EDUCATION,12000,10.99,0,0.29,N,4,1,4550,0,0
26,31200,RENT,8.0,EDUCATION,5000,8.63,0,0.16,N,2,1,4556,0,0
26,32000,RENT,3.0,VENTURE,5000,6.03,0,0.16,N,2,1,4563,0,0
22,36000,MORTGAGE,3.0,DEBTCONSOLIDATION,7000,14.84,1,0.19,N,3,1,4564,1,1
26,32000,RENT,10.0,PERSONAL,5000,12.53,0,0.16,Y,3,0,4569,0,0
24,42000,MORTGAGE,8.0,PERSONAL,12000,10.38,0,0.29,N,4,1,4573,0,0
26,33000,RENT,2.0,MEDICAL,5000,12.69,0,0.15,N,4,1,4579,0,0
26,36000,MORTGAGE,2.0,HOMEIMPROVEMENT,6000,11.49,1,0.17,N,2,1,4580,1,0
23,33600,RENT,3.0,VENTURE,5000,13.49,0,0.15,Y,4,0,4589,0,0
24,35000,RENT,4.0,MEDICAL,5000,11.71,0,0.14,N,3,1,4605,0,0
23,35000,RENT,5.0,PERSONAL,5000,6.99,0,0.14,N,2,1,4609,0,0
22,35000,RENT,6.0,MEDICAL,5000,10.99,0,0.14,N,4,1,4613,0,0
23,35000,RENT,3.0,MEDICAL,5000,10.99,0,0.14,N,2,1,4614,0,0
25,35000,RENT,3.0,MEDICAL,5000,10.36,0,0.14,N,3,1,4615,0,0
25,42000,MORTGAGE,5.0,DEBTCONSOLIDATION,7000,8.59,0,0.17,N,3,1,4619,0,0
25,29000,RENT,3.0,DEBTCONSOLIDATION,5000,15.7,1,0.17,Y,3,0,4622,1,1
23,35520,RENT,3.0,EDUCATION,5000,13.57,0,0.14,N,3,1,4630,0,0
23,42000,OWN,7.0,PERSONAL,4400,11.89,0,0.1,N,4,1,4644,0,0
22,30000,RENT,4.0,VENTURE,5000,15.21,1,0.17,Y,3,0,4645,1,0
23,36000,RENT,1.0,MEDICAL,5000,13.22,0,0.14,N,4,1,4647,0,0
24,42000,OWN,1.0,VENTURE,7500,10.51,0,0.18,N,3,1,4657,0,0
22,37000,RENT,4.0,PERSONAL,5000,10.65,0,0.14,N,4,1,4660,0,0
21,38000,RENT,0.0,EDUCATION,5000,10.99,0,0.13,Y,4,0,4669,0,0
25,32000,RENT,1.0,EDUCATION,5000,15.37,1,0.16,Y,3,0,4672,1,1
26,32352,RENT,0.0,VENTURE,5000,14.84,1,0.15,N,4,1,4678,1,1
23,42500,MORTGAGE,2.0,EDUCATION,12600,10.99,0,0.3,N,4,1,4689,0,0
24,33996,RENT,2.0,VENTURE,5000,12.92,1,0.15,N,4,1,4702,1,1
23,40000,RENT,0.0,EDUCATION,5000,12.42,0,0.13,N,4,1,4704,0,0
25,42504,MORTGAGE,9.0,MEDICAL,10000,7.29,0,0.24,N,2,1,4707,0,0
26,40000,RENT,3.0,DEBTCONSOLIDATION,5000,9.45,0,0.13,N,3,1,4724,0,0
25,42996,MORTGAGE,4.0,HOMEIMPROVEMENT,12000,6.17,0,0.28,N,4,1,4726,0,0
25,34800,RENT,2.0,PERSONAL,5000,16.02,1,0.14,Y,3,0,4729,1,1
22,34800,RENT,0.0,MEDICAL,5000,15.21,1,0.14,Y,2,0,4730,1,1
22,42000,RENT,0.0,EDUCATION,5000,8.9,0,0.12,N,4,1,4740,0,0
24,43000,MORTGAGE,8.0,DEBTCONSOLIDATION,9500,6.62,0,0.22,N,2,1,4741,0,0
22,36000,RENT,1.0,EDUCATION,5000,12.68,1,0.14,N,4,1,4745,1,0
24,42000,RENT,8.0,MEDICAL,5000,5.42,0,0.12,N,2,1,4750,0,0
24,43000,MORTGAGE,5.0,HOMEIMPROVEMENT,2500,13.49,0,0.06,Y,4,0,4759,0,0
23,43000,MORTGAGE,3.0,VENTURE,3600,15.62,0,0.08,N,3,1,4766,0,0
24,42996,RENT,5.0,MEDICAL,5000,7.14,0,0.12,N,4,1,4772,0,0
25,43000,RENT,6.0,PERSONAL,5000,7.51,0,0.12,N,3,1,4775,0,0
26,44000,RENT,4.0,MEDICAL,5000,8.9,0,0.11,N,3,1,4785,0,0
22,43000,MORTGAGE,0.0,EDUCATION,5000,7.14,0,0.12,N,2,1,4788,0,0
22,45000,RENT,6.0,EDUCATION,5000,11.36,0,0.11,N,4,1,4805,0,0
23,39600,RENT,4.0,MEDICAL,5000,14.84,1,0.13,Y,2,0,4813,1,1
24,39996,RENT,0.0,VENTURE,5000,14.11,1,0.13,Y,3,0,4816,1,1
26,40000,RENT,0.0,PERSONAL,5000,15.99,1,0.13,Y,2,0,4817,1,1
22,46500,RENT,4.0,VENTURE,5000,10.37,0,0.11,N,4,1,4822,0,0
24,46809,RENT,4.0,DEBTCONSOLIDATION,5000,12.18,0,0.11,N,4,1,4826,0,0
23,47000,RENT,0.0,VENTURE,5000,8.9,0,0.11,N,2,1,4828,0,0
23,47000,RENT,4.0,EDUCATION,5000,9.99,0,0.11,N,3,1,4829,0,0
26,43200,OWN,1.0,EDUCATION,17000,13.49,0,0.39,Y,2,0,4831,0,0
22,43200,MORTGAGE,1.0,PERSONAL,8400,16.77,0,0.19,N,4,1,4832,0,0
23,37200,MORTGAGE,7.0,DEBTCONSOLIDATION,4000,7.66,1,0.11,N,2,1,4844,1,0
23,48000,RENT,5.0,DEBTCONSOLIDATION,5000,9.25,0,0.1,N,2,1,4845,0,0
23,42000,RENT,0.0,DEBTCONSOLIDATION,5000,10.99,1,0.12,Y,2,0,4850,1,0
21,37200,MORTGAGE,3.0,MEDICAL,16800,6.17,1,0.45,N,2,1,4851,1,0
23,43200,OWN,6.0,VENTURE,13000,15.95,0,0.3,N,2,1,4855,0,0
22,43200,MORTGAGE,6.0,VENTURE,6000,7.51,0,0.14,N,3,1,4859,0,0
26,43200,MORTGAGE,10.0,HOMEIMPROVEMENT,2500,9.88,0,0.06,N,4,1,4865,0,0
24,43200,MORTGAGE,0.0,HOMEIMPROVEMENT,10000,14.26,0,0.23,Y,4,0,4867,0,0
22,49560,RENT,5.0,EDUCATION,5000,10.36,0,0.1,N,4,1,4877,0,0
24,43300,MORTGAGE,2.0,DEBTCONSOLIDATION,24000,10.62,0,0.55,N,2,1,4878,0,0
24,50000,RENT,1.0,HOMEIMPROVEMENT,5000,7.49,0,0.1,N,2,1,4883,0,0
24,55000,RENT,6.0,DEBTCONSOLIDATION,9000,12.87,0,0.16,N,4,1,4884,0,0
23,56000,RENT,7.0,EDUCATION,9000,13.35,0,0.16,N,3,1,4892,0,0
23,37700,MORTGAGE,7.0,DEBTCONSOLIDATION,10000,9.63,1,0.27,N,3,1,4894,1,0
26,57240,RENT,3.0,VENTURE,9000,7.51,0,0.16,N,3,1,4896,0,0
24,58800,RENT,4.0,EDUCATION,9000,10.99,0,0.15,N,2,1,4903,0,0
23,44000,MORTGAGE,2.0,VENTURE,4000,15.27,0,0.09,N,2,1,4915,0,1
26,80000,RENT,3.0,VENTURE,9000,8.9,0,0.11,N,2,1,4962,0,0
22,44000,MORTGAGE,1.0,DEBTCONSOLIDATION,18900,10.14,0,0.43,N,2,1,4969,0,0
22,44004,MORTGAGE,0.0,PERSONAL,6300,12.29,0,0.14,Y,3,0,4976,0,0
24,44160,OTHER,7.0,MEDICAL,10000,13.22,0,0.23,N,4,1,4981,0,0
25,44196,MORTGAGE,8.0,HOMEIMPROVEMENT,4000,7.51,0,0.09,N,3,1,4982,0,0
23,92000,RENT,7.0,EDUCATION,9000,6.92,0,0.1,N,2,1,4985,0,0
26,38340,MORTGAGE,7.0,PERSONAL,2500,12.18,1,0.07,N,4,1,4988,1,0
22,110500,RENT,2.0,EDUCATION,9000,5.79,0,0.08,N,4,1,4995,0,0
24,24000,RENT,5.0,MEDICAL,8975,11.83,1,0.37,N,2,1,5003,1,1
23,33000,RENT,1.0,EDUCATION,8950,13.22,1,0.27,Y,3,0,5010,1,0
23,44500,MORTGAGE,4.0,EDUCATION,9250,9.62,0,0.21,N,3,1,5011,0,0
25,63000,RENT,3.0,MEDICAL,8900,7.29,0,0.14,N,3,1,5012,0,0
24,44600,MORTGAGE,5.0,MEDICAL,20000,11.89,0,0.45,N,4,1,5020,0,0
26,44959,MORTGAGE,2.0,PERSONAL,10000,11.71,0,0.22,N,2,1,5031,0,0
22,48000,RENT,7.0,PERSONAL,8800,6.62,0,0.18,N,4,1,5034,0,0
23,45000,MORTGAGE,4.0,EDUCATION,8650,14.27,0,0.19,N,2,1,5035,0,0
25,75000,RENT,7.0,VENTURE,8800,14.59,0,0.12,N,3,1,5040,0,0
25,45000,MORTGAGE,4.0,VENTURE,10400,14.27,0,0.23,Y,2,0,5042,0,0
24,50000,RENT,6.0,MEDICAL,5000,6.54,0,0.1,N,2,1,5045,0,0
22,45000,MORTGAGE,5.0,MEDICAL,6500,10.65,0,0.14,N,4,1,5046,0,0
23,45000,MORTGAGE,7.0,VENTURE,14550,11.71,0,0.32,N,4,1,5048,0,0
23,50000,RENT,7.0,DEBTCONSOLIDATION,5000,7.4,0,0.1,N,2,1,5055,0,0
21,50500,RENT,0.0,MEDICAL,5000,10.37,0,0.1,N,3,1,5068,0,0
21,45000,OWN,2.0,VENTURE,6000,10.99,0,0.13,N,2,1,5070,0,0
21,45996,RENT,5.0,DEBTCONSOLIDATION,5000,10.99,1,0.11,Y,3,0,5071,1,1
25,45000,MORTGAGE,5.0,PERSONAL,3800,10.65,0,0.08,N,2,1,5080,0,0
25,25000,RENT,0.0,MEDICAL,8500,12.53,1,0.34,Y,2,0,5086,1,1
25,25000,RENT,4.0,DEBTCONSOLIDATION,8500,11.26,1,0.34,N,2,1,5089,1,1
24,28800,RENT,1.0,DEBTCONSOLIDATION,8500,10.99,0,0.3,N,2,1,5100,0,0
23,29520,RENT,7.0,EDUCATION,8500,15.37,0,0.29,Y,2,0,5102,0,1
22,40000,RENT,1.0,PERSONAL,8500,14.35,0,0.21,Y,2,0,5114,0,0
24,45000,MORTGAGE,6.0,HOMEIMPROVEMENT,4075,5.42,0,0.09,N,3,1,5115,0,0
23,34000,RENT,5.0,VENTURE,8500,13.92,1,0.25,N,3,1,5116,1,0
23,45000,MORTGAGE,8.0,VENTURE,13000,10.99,0,0.29,N,2,1,5121,0,0
26,45000,MORTGAGE,6.0,VENTURE,5000,6.99,0,0.11,N,2,1,5129,0,0
25,44000,RENT,9.0,MEDICAL,8500,14.27,1,0.19,N,4,1,5139,1,0
24,52582,RENT,5.0,MEDICAL,8500,10.62,0,0.16,N,2,1,5144,0,0
22,46968,RENT,1.0,PERSONAL,8500,10.99,1,0.18,N,4,1,5145,1,0
24,45000,MORTGAGE,8.0,PERSONAL,4000,10.99,0,0.09,N,2,1,5146,0,0
21,60996,RENT,2.0,VENTURE,8500,10.99,0,0.14,N,2,1,5152,0,0
23,65000,RENT,6.0,DEBTCONSOLIDATION,8500,13.35,0,0.13,Y,2,0,5158,0,0
23,65000,RENT,3.0,MEDICAL,8500,12.21,0,0.13,N,2,1,5159,0,0
24,45000,MORTGAGE,8.0,EDUCATION,5000,5.79,0,0.11,N,2,1,5165,0,0
22,25000,RENT,2.0,EDUCATION,8400,6.62,1,0.34,N,2,1,5169,1,1
22,45000,MORTGAGE,0.0,MEDICAL,9125,5.79,0,0.2,N,3,1,5170,0,0
23,45000,MORTGAGE,2.0,EDUCATION,10000,11.11,0,0.22,N,3,1,5175,0,0
25,45000,MORTGAGE,0.0,DEBTCONSOLIDATION,4325,6.91,0,0.1,N,3,1,5181,0,0
23,53760,RENT,0.0,EDUCATION,5000,13.43,0,0.09,N,4,1,5186,0,0
26,54000,RENT,10.0,EDUCATION,5000,10.0,0,0.09,N,2,1,5187,0,0
24,54996,RENT,0.0,HOMEIMPROVEMENT,5000,10.39,0,0.09,N,2,1,5195,0,0
26,55000,RENT,3.0,VENTURE,5000,13.48,0,0.09,Y,4,0,5199,0,0
26,56000,RENT,7.0,PERSONAL,5000,7.91,0,0.09,N,2,1,5205,0,0
23,56016,RENT,4.0,EDUCATION,5000,15.13,0,0.09,N,3,1,5211,0,0
26,51600,RENT,1.0,HOMEIMPROVEMENT,5000,8.94,1,0.1,N,2,1,5215,1,0
24,57692,RENT,2.0,HOMEIMPROVEMENT,5000,13.23,0,0.09,Y,3,0,5216,0,0
25,45000,MORTGAGE,4.0,MEDICAL,5000,7.88,0,0.11,N,3,1,5223,0,0
24,45000,MORTGAGE,5.0,EDUCATION,5000,10.99,0,0.11,N,4,1,5225,0,0
21,45000,MORTGAGE,4.0,EDUCATION,5000,7.14,0,0.11,N,4,1,5227,0,0
25,58296,RENT,9.0,DEBTCONSOLIDATION,5000,6.17,0,0.09,N,4,1,5228,0,0
26,58979,RENT,2.0,DEBTCONSOLIDATION,5000,9.32,0,0.08,N,3,1,5235,0,0
26,53000,RENT,4.0,DEBTCONSOLIDATION,5000,15.95,1,0.09,Y,2,0,5236,1,1
21,45000,MORTGAGE,5.0,DEBTCONSOLIDATION,8000,7.51,0,0.18,N,4,1,5245,0,0
21,45000,MORTGAGE,5.0,PERSONAL,10000,7.51,0,0.22,N,2,1,5253,0,0
24,39000,MORTGAGE,2.0,HOMEIMPROVEMENT,16000,14.22,1,0.41,N,4,1,5260,1,0
22,60000,RENT,3.0,PERSONAL,5000,14.22,0,0.08,N,4,1,5262,0,0
22,54000,RENT,4.0,EDUCATION,5000,16.35,1,0.09,Y,3,0,5264,1,1
23,54000,RENT,7.0,EDUCATION,5000,12.84,1,0.09,Y,2,0,5265,1,0
22,45000,MORTGAGE,4.0,PERSONAL,5000,13.48,0,0.11,Y,4,0,5266,0,0
24,45000,MORTGAGE,3.0,EDUCATION,1275,11.36,0,0.03,N,4,1,5270,0,0
25,62400,RENT,5.0,VENTURE,5000,7.51,0,0.08,N,2,1,5275,0,0
26,45000,MORTGAGE,0.0,HOMEIMPROVEMENT,4000,13.92,0,0.09,N,2,1,5286,0,0
25,45000,MORTGAGE,3.0,DEBTCONSOLIDATION,4000,8.59,0,0.09,N,3,1,5294,0,0
25,45000,MORTGAGE,0.0,MEDICAL,5950,7.74,0,0.13,N,2,1,5297,0,0
26,45000,MORTGAGE,1.0,DEBTCONSOLIDATION,1500,7.05,0,0.03,N,2,1,5304,0,0
22,59004,RENT,3.0,EDUCATION,5000,11.11,1,0.08,N,3,1,5308,1,0
25,45000,MORTGAGE,0.0,VENTURE,17000,11.89,0,0.38,N,2,1,5323,0,0
24,45000,MORTGAGE,0.0,VENTURE,3600,10.99,0,0.08,N,2,1,5325,0,0
23,45000,MORTGAGE,3.0,EDUCATION,16750,12.53,0,0.37,Y,3,0,5326,0,0
24,68648,RENT,1.0,VENTURE,5000,10.99,0,0.07,N,2,1,5329,0,0
26,72000,RENT,0.0,VENTURE,5000,7.49,0,0.07,N,4,1,5342,0,0
22,45000,MORTGAGE,1.0,EDUCATION,7375,9.32,0,0.16,N,4,1,5343,0,0
26,39000,MORTGAGE,4.0,DEBTCONSOLIDATION,5000,13.67,1,0.13,N,3,1,5345,1,1
23,45000,MORTGAGE,1.0,EDUCATION,8000,10.51,0,0.18,N,4,1,5348,0,0
24,74000,RENT,2.0,MEDICAL,5000,10.99,0,0.07,N,4,1,5352,0,0
23,75000,RENT,4.0,VENTURE,5000,10.99,0,0.07,N,3,1,5354,0,0
25,45000,MORTGAGE,7.0,EDUCATION,7500,8.0,0,0.17,N,3,1,5356,0,0
22,75000,RENT,2.0,VENTURE,5000,10.99,0,0.07,N,2,1,5360,0,0
24,75000,RENT,8.0,PERSONAL,5000,11.78,0,0.07,Y,2,0,5367,0,0
25,76000,RENT,1.0,DEBTCONSOLIDATION,5000,7.9,0,0.07,N,3,1,5369,0,0
25,76000,RENT,0.0,DEBTCONSOLIDATION,5000,8.9,0,0.07,N,2,1,5370,0,0
25,78000,RENT,3.0,DEBTCONSOLIDATION,5000,7.66,0,0.06,N,3,1,5373,0,0
23,80000,RENT,5.0,VENTURE,5000,12.42,0,0.06,N,4,1,5377,0,0
23,39292,MORTGAGE,3.0,PERSONAL,3250,10.99,1,0.08,N,4,1,5382,1,0
23,39325,MORTGAGE,3.0,EDUCATION,2800,12.87,1,0.07,N,4,1,5386,1,0
26,39500,MORTGAGE,6.0,MEDICAL,15250,15.05,1,0.39,N,4,1,5395,1,1
23,85000,RENT,2.0,EDUCATION,5000,11.58,0,0.06,N,4,1,5396,0,0
23,78000,RENT,0.0,HOMEIMPROVEMENT,5000,6.62,1,0.06,N,4,1,5407,1,0
24,45600,MORTGAGE,0.0,DEBTCONSOLIDATION,7200,6.91,0,0.16,N,4,1,5411,0,0
26,45608,OWN,8.0,HOMEIMPROVEMENT,11000,6.62,0,0.24,N,2,1,5426,0,0
22,45691,MORTGAGE,5.0,VENTURE,7000,7.14,0,0.15,N,2,1,5428,0,0
26,45900,MORTGAGE,10.0,PERSONAL,11500,13.79,0,0.25,N,4,1,5438,0,0
24,115000,RENT,1.0,HOMEIMPROVEMENT,5000,8.9,0,0.04,N,3,1,5455,0,0
24,116300,RENT,6.0,HOMEIMPROVEMENT,5000,14.96,0,0.04,Y,4,0,5457,0,0
23,45996,OWN,7.0,EDUCATION,10000,13.16,0,0.22,N,3,1,5459,0,0
23,46000,MORTGAGE,7.0,PERSONAL,5000,6.62,0,0.11,N,3,1,5466,0,0
21,26000,RENT,5.0,MEDICAL,5200,12.53,0,0.2,N,2,1,5478,0,0
23,24000,RENT,3.0,EDUCATION,5250,7.66,1,0.22,N,3,1,5488,1,0
23,45000,RENT,3.0,MEDICAL,5275,10.39,0,0.12,N,2,1,5491,0,0
24,30000,RENT,3.0,MEDICAL,5300,15.28,1,0.18,Y,3,0,5501,1,1
21,47000,RENT,1.0,MEDICAL,5300,7.66,0,0.11,N,2,1,5503,0,0
22,50004,RENT,5.0,PERSONAL,5300,14.42,0,0.11,Y,2,0,5504,0,0
26,25300,RENT,2.0,HOMEIMPROVEMENT,5400,16.02,1,0.21,Y,2,0,5517,1,1
22,32000,RENT,1.0,PERSONAL,5400,16.29,1,0.17,N,2,1,5522,1,1
23,46113,MORTGAGE,4.0,PERSONAL,9000,15.99,0,0.2,Y,4,0,5525,0,0
23,35000,RENT,5.0,MEDICAL,5400,12.84,0,0.15,N,4,1,5528,0,0
22,57500,RENT,4.0,MEDICAL,5400,5.42,0,0.09,N,4,1,5533,0,0
23,63000,RENT,3.0,VENTURE,5400,14.54,0,0.09,N,2,1,5537,0,0
22,58617,RENT,6.0,MEDICAL,5400,15.21,1,0.09,N,2,1,5540,1,1
22,46500,MORTGAGE,3.0,VENTURE,13000,7.29,0,0.28,N,3,1,5541,0,0
23,46500,OWN,2.0,DEBTCONSOLIDATION,6000,10.99,0,0.13,Y,2,0,5545,0,0
21,46500,MORTGAGE,5.0,EDUCATION,1300,14.96,0,0.03,N,2,1,5548,0,0
22,12000,RENT,5.0,EDUCATION,5500,10.36,1,0.46,N,4,1,5553,1,1
23,20400,RENT,5.0,VENTURE,5500,10.99,0,0.27,Y,2,0,5561,0,0
23,21600,RENT,3.0,EDUCATION,5500,9.25,0,0.25,N,4,1,5563,0,0
23,46800,OWN,7.0,VENTURE,9000,10.99,0,0.19,Y,4,0,5564,0,0
23,22000,RENT,1.0,EDUCATION,5500,13.04,0,0.25,N,4,1,5567,0,0
24,23000,RENT,4.0,MEDICAL,5500,6.54,0,0.24,N,3,1,5568,0,0
24,46800,MORTGAGE,8.0,VENTURE,6000,14.22,0,0.13,Y,4,0,5572,0,0
23,25000,RENT,0.0,PERSONAL,5500,9.32,0,0.22,N,4,1,5576,0,0
22,46976,OWN,5.0,PERSONAL,11000,14.26,0,0.23,Y,2,0,5579,0,0
24,47000,MORTGAGE,9.0,VENTURE,9600,15.96,0,0.2,N,2,1,5582,0,0
23,33000,RENT,7.0,PERSONAL,5500,14.54,0,0.17,Y,3,0,5595,0,1
23,33600,RENT,1.0,DEBTCONSOLIDATION,5500,10.99,0,0.16,N,3,1,5598,0,0
26,34000,RENT,1.0,VENTURE,5500,13.11,0,0.16,N,3,1,5604,0,0
24,37000,RENT,3.0,PERSONAL,5500,9.2,0,0.15,N,2,1,5610,0,0
22,47000,MORTGAGE,3.0,MEDICAL,15000,7.66,0,0.32,N,2,1,5625,0,0
24,47000,MORTGAGE,4.0,HOMEIMPROVEMENT,6000,7.66,0,0.13,N,3,1,5627,0,0
24,47000,MORTGAGE,1.0,DEBTCONSOLIDATION,8500,10.99,0,0.18,N,3,1,5633,0,0
22,56000,RENT,7.0,EDUCATION,5500,9.38,0,0.1,N,3,1,5642,0,0
25,57000,RENT,1.0,HOMEIMPROVEMENT,5500,10.99,0,0.1,N,4,1,5645,0,0
23,62000,RENT,7.0,VENTURE,5500,17.49,0,0.09,N,3,1,5653,0,0
24,64000,RENT,3.0,EDUCATION,5500,10.75,0,0.09,N,4,1,5657,0,0
26,90000,RENT,0.0,EDUCATION,5525,11.36,0,0.06,N,4,1,5661,0,0
22,47091,MORTGAGE,6.0,VENTURE,10000,10.99,0,0.21,N,3,1,5662,0,0
23,24000,RENT,7.0,VENTURE,5550,12.53,0,0.23,N,4,1,5665,0,0
22,14400,RENT,1.0,VENTURE,5600,14.59,1,0.39,Y,2,0,5672,1,1
24,19200,RENT,0.0,DEBTCONSOLIDATION,5600,8.9,1,0.29,N,2,1,5676,1,1
24,19800,RENT,1.0,DEBTCONSOLIDATION,5600,5.79,1,0.28,N,3,1,5677,1,0
21,25000,RENT,5.0,VENTURE,5600,7.29,0,0.22,N,2,1,5683,0,0
24,47500,MORTGAGE,7.0,DEBTCONSOLIDATION,12000,9.91,0,0.25,N,3,1,5685,0,0
24,28000,RENT,0.0,PERSONAL,5600,14.12,1,0.2,Y,2,0,5687,1,1
24,47500,MORTGAGE,3.0,MEDICAL,13750,11.71,0,0.29,N,4,1,5688,0,0
25,30000,RENT,9.0,HOMEIMPROVEMENT,5600,10.99,1,0.19,Y,4,0,5692,1,1
22,47540,MORTGAGE,4.0,MEDICAL,12250,10.62,0,0.26,N,2,1,5697,0,0
24,38000,RENT,6.0,VENTURE,5600,10.99,0,0.15,N,3,1,5707,0,0
22,33000,RENT,0.0,MEDICAL,5600,13.23,1,0.17,Y,4,0,5711,1,0
25,40000,RENT,2.0,DEBTCONSOLIDATION,5600,10.99,0,0.14,N,3,1,5712,0,0
25,40800,RENT,9.0,PERSONAL,5600,16.77,0,0.14,N,3,1,5715,0,0
22,47940,MORTGAGE,4.0,DEBTCONSOLIDATION,15000,10.99,0,0.31,N,4,1,5718,0,0
24,48000,RENT,7.0,PERSONAL,5600,10.62,0,0.12,N,2,1,5726,0,0
23,50000,RENT,0.0,MEDICAL,5600,11.03,0,0.11,Y,4,0,5729,0,0
22,52800,RENT,3.0,EDUCATION,5600,7.29,0,0.11,N,3,1,5733,0,0
24,54000,RENT,3.0,VENTURE,5600,10.59,0,0.1,N,4,1,5734,0,0
24,56000,RENT,8.0,EDUCATION,5600,6.03,0,0.1,N,3,1,5739,0,0
25,48000,MORTGAGE,0.0,MEDICAL,23500,13.49,0,0.49,Y,4,0,5742,0,1
23,60000,RENT,1.0,PERSONAL,5600,7.29,0,0.09,N,2,1,5746,0,0
21,60000,RENT,3.0,DEBTCONSOLIDATION,5600,9.25,0,0.09,N,3,1,5747,0,0
22,48000,OWN,0.0,VENTURE,1500,16.29,0,0.03,N,3,1,5749,0,0
22,48000,MORTGAGE,6.0,EDUCATION,15000,10.99,0,0.31,N,4,1,5751,0,0
25,68515,RENT,2.0,MEDICAL,5600,12.61,0,0.08,N,3,1,5754,0,0
22,48000,MORTGAGE,0.0,MEDICAL,5000,6.03,0,0.1,N,4,1,5757,0,0
26,48000,MORTGAGE,10.0,VENTURE,13800,13.49,0,0.29,Y,2,0,5762,0,0
22,70000,RENT,3.0,PERSONAL,5600,11.14,0,0.08,N,3,1,5763,0,0
23,48000,MORTGAGE,8.0,PERSONAL,10000,10.65,0,0.21,N,3,1,5766,0,0
25,81600,RENT,2.0,EDUCATION,5600,5.99,0,0.07,N,4,1,5770,0,0
22,37000,RENT,4.0,EDUCATION,5700,5.42,0,0.15,N,4,1,5787,0,0
24,48000,MORTGAGE,8.0,MEDICAL,10000,7.49,0,0.21,N,3,1,5794,0,0
23,30900,RENT,1.0,PERSONAL,5775,9.63,1,0.19,N,4,1,5803,1,0
26,48000,MORTGAGE,9.0,PERSONAL,8000,10.59,0,0.17,N,4,1,5822,0,0
23,42000,MORTGAGE,3.0,DEBTCONSOLIDATION,1800,12.99,1,0.04,Y,3,0,5823,1,0
25,19200,RENT,5.0,EDUCATION,5875,14.11,1,0.31,N,3,1,5836,1,1
24,23000,RENT,4.0,PERSONAL,5900,9.63,0,0.26,N,4,1,5841,0,0
26,36800,RENT,0.0,PERSONAL,5900,10.71,0,0.16,N,3,1,5843,0,0
23,48000,MORTGAGE,7.0,VENTURE,14125,10.99,0,0.29,N,2,1,5847,0,0
24,14880,RENT,2.0,EDUCATION,6000,10.0,1,0.4,N,3,1,5853,1,1
22,15000,RENT,6.0,MEDICAL,6000,6.03,1,0.4,N,3,1,5854,1,1
22,15000,RENT,3.0,EDUCATION,6000,14.59,1,0.4,N,4,1,5855,1,1
24,48000,MORTGAGE,3.0,DEBTCONSOLIDATION,4800,9.99,0,0.1,N,2,1,5857,0,0
22,18000,RENT,2.0,VENTURE,6000,6.62,1,0.33,N,2,1,5861,1,1
24,48000,MORTGAGE,4.0,DEBTCONSOLIDATION,12000,10.99,0,0.25,N,3,1,5862,0,0
22,18000,RENT,1.0,MEDICAL,6000,10.99,1,0.33,N,3,1,5864,1,1
22,18200,RENT,4.0,HOMEIMPROVEMENT,6000,7.66,1,0.33,N,3,1,5865,1,1
24,19200,RENT,0.0,EDUCATION,6000,10.59,1,0.31,N,3,1,5872,1,1
21,19200,RENT,0.0,PERSONAL,6000,9.88,1,0.31,N,2,1,5874,1,1
25,19200,RENT,2.0,HOMEIMPROVEMENT,6000,13.11,1,0.31,Y,2,0,5875,1,1
22,48000,MORTGAGE,4.0,PERSONAL,6500,6.17,0,0.14,N,2,1,5876,0,0
24,48000,OWN,4.0,EDUCATION,3000,5.79,0,0.06,N,4,1,5879,0,0
22,21300,RENT,0.0,DEBTCONSOLIDATION,6000,15.96,0,0.28,Y,3,0,5881,0,1
23,22884,RENT,8.0,EDUCATION,6000,11.49,0,0.26,N,3,1,5893,0,0
23,24000,RENT,4.0,EDUCATION,6000,5.42,0,0.25,N,4,1,5904,0,0
24,48000,MORTGAGE,3.0,VENTURE,9600,10.99,0,0.2,N,4,1,5907,0,0
26,48000,OWN,10.0,VENTURE,15000,11.12,0,0.31,N,3,1,5908,0,0
25,25000,RENT,1.0,DEBTCONSOLIDATION,6000,16.4,1,0.24,N,2,1,5920,1,1
21,25000,RENT,3.0,DEBTCONSOLIDATION,6000,10.99,0,0.24,N,4,1,5921,0,0
25,48000,OWN,7.0,EDUCATION,15000,10.25,0,0.31,N,4,1,5923,0,0
24,25200,RENT,6.0,MEDICAL,6000,7.49,0,0.24,N,2,1,5925,0,0
26,48000,MORTGAGE,10.0,VENTURE,4000,10.99,0,0.08,N,2,1,5929,0,0
23,25200,RENT,0.0,HOMEIMPROVEMENT,6000,13.23,1,0.24,Y,4,0,5931,1,1
23,25800,RENT,2.0,VENTURE,6000,10.99,0,0.23,Y,3,0,5936,0,0
26,26400,RENT,6.0,MEDICAL,6000,6.0,0,0.23,N,4,1,5940,0,0
25,27000,RENT,9.0,VENTURE,6000,11.86,0,0.22,N,3,1,5946,0,0
22,27600,RENT,2.0,DEBTCONSOLIDATION,6000,10.38,0,0.22,N,4,1,5954,0,0
25,28000,RENT,2.0,PERSONAL,6000,10.59,1,0.21,N,4,1,5959,1,0
25,28675,RENT,1.0,DEBTCONSOLIDATION,6000,8.9,0,0.21,N,3,1,5966,0,0
22,29000,RENT,5.0,VENTURE,6000,10.25,0,0.21,N,2,1,5975,0,0
24,48000,OWN,3.0,HOMEIMPROVEMENT,2800,12.53,0,0.06,Y,4,0,5977,0,0
23,48000,MORTGAGE,2.0,EDUCATION,10000,9.32,0,0.21,N,4,1,5987,0,0
24,30000,RENT,0.0,VENTURE,6000,12.42,0,0.2,N,2,1,5990,0,0
22,30000,RENT,2.0,PERSONAL,6000,12.42,0,0.2,N,4,1,5991,0,0
22,48000,OWN,4.0,PERSONAL,2400,11.46,0,0.05,N,3,1,5994,0,0
22,48156,MORTGAGE,6.0,DEBTCONSOLIDATION,3000,10.99,0,0.06,N,2,1,6013,0,0
21,31000,RENT,6.0,MEDICAL,6000,6.03,0,0.19,N,3,1,6014,0,0
25,48360,MORTGAGE,9.0,EDUCATION,6000,7.66,0,0.12,N,3,1,6016,0,0
26,31200,RENT,10.0,DEBTCONSOLIDATION,6000,15.23,0,0.19,N,3,1,6017,0,1
22,31200,RENT,4.0,EDUCATION,6000,13.22,0,0.19,N,2,1,6020,0,0
22,42500,MORTGAGE,6.0,MEDICAL,7000,15.57,1,0.16,Y,4,0,6029,1,1
23,48600,OWN,2.0,MEDICAL,5000,7.49,0,0.1,N,2,1,6034,0,0
24,48800,MORTGAGE,7.0,DEBTCONSOLIDATION,9000,7.49,0,0.18,N,2,1,6046,0,0
24,34000,RENT,0.0,PERSONAL,6000,8.9,0,0.18,N,4,1,6049,0,0
22,35000,RENT,2.0,MEDICAL,6000,7.49,0,0.17,N,2,1,6056,0,0
24,35000,RENT,0.0,VENTURE,6000,13.98,0,0.17,Y,4,0,6059,0,0
23,49000,MORTGAGE,6.0,DEBTCONSOLIDATION,9600,5.42,0,0.2,N,3,1,6065,0,0
23,49000,MORTGAGE,5.0,EDUCATION,3500,5.42,0,0.07,N,2,1,6067,0,0
24,43000,MORTGAGE,2.0,DEBTCONSOLIDATION,3000,10.99,1,0.07,N,3,1,6072,1,0
25,49000,MORTGAGE,9.0,DEBTCONSOLIDATION,7000,6.99,0,0.14,N,3,1,6075,0,0
22,49000,MORTGAGE,6.0,EDUCATION,2400,5.79,0,0.05,N,4,1,6079,0,0
25,49000,MORTGAGE,2.0,HOMEIMPROVEMENT,18225,10.0,0,0.37,N,4,1,6081,0,0
26,49000,MORTGAGE,10.0,EDUCATION,20000,10.0,0,0.41,N,2,1,6082,0,0
22,49000,MORTGAGE,6.0,VENTURE,4000,8.94,0,0.08,N,2,1,6095,0,0
21,49000,MORTGAGE,5.0,VENTURE,14000,10.99,0,0.29,N,3,1,6098,0,0
22,49000,MORTGAGE,4.0,VENTURE,7000,9.32,0,0.14,N,2,1,6100,0,0
25,49152,MORTGAGE,7.0,MEDICAL,3000,11.71,0,0.06,N,2,1,6108,0,0
25,30000,RENT,9.0,EDUCATION,6000,14.74,1,0.2,Y,4,0,6111,1,0
22,49200,MORTGAGE,6.0,VENTURE,4800,7.51,0,0.1,N,3,1,6113,0,0
26,49200,MORTGAGE,8.0,EDUCATION,4800,6.17,0,0.1,N,3,1,6119,0,0
24,37000,RENT,8.0,MEDICAL,6000,6.76,0,0.16,N,4,1,6128,0,0
22,37000,RENT,5.0,EDUCATION,6000,11.83,0,0.16,N,4,1,6129,0,0
24,37200,RENT,2.0,PERSONAL,6000,9.99,0,0.16,N,3,1,6132,0,0
22,37500,RENT,6.0,MEDICAL,6000,12.42,0,0.16,N,2,1,6133,0,0
25,49500,MORTGAGE,3.0,DEBTCONSOLIDATION,9250,13.79,0,0.19,Y,2,0,6140,0,1
22,49536,MORTGAGE,6.0,DEBTCONSOLIDATION,5200,6.62,0,0.1,N,2,1,6143,0,0
22,33000,RENT,2.0,EDUCATION,6000,10.99,1,0.18,N,4,1,6156,1,0
25,39996,RENT,9.0,VENTURE,6000,9.7,0,0.15,N,4,1,6161,0,0
22,49920,MORTGAGE,1.0,EDUCATION,10000,12.53,0,0.2,N,3,1,6166,0,0
23,40000,RENT,3.0,EDUCATION,6000,5.79,0,0.15,N,4,1,6178,0,0
25,40000,RENT,5.0,PERSONAL,6000,7.88,0,0.15,N,4,1,6179,0,0
22,40000,RENT,5.0,VENTURE,6000,7.51,0,0.15,N,4,1,6181,0,0
22,50000,MORTGAGE,6.0,EDUCATION,13000,10.65,0,0.26,N,3,1,6184,0,0
21,50000,MORTGAGE,5.0,EDUCATION,9000,13.49,0,0.18,N,4,1,6188,0,0
24,41000,RENT,3.0,EDUCATION,6000,8.9,0,0.15,N,3,1,6193,0,0
24,50000,MORTGAGE,0.0,EDUCATION,18650,9.91,0,0.37,N,3,1,6194,0,0
23,41000,RENT,3.0,MEDICAL,6000,10.99,0,0.15,N,2,1,6196,0,0
23,41124,RENT,7.0,DEBTCONSOLIDATION,6000,7.49,0,0.15,N,4,1,6199,0,0
24,44000,MORTGAGE,4.0,HOMEIMPROVEMENT,2200,8.9,1,0.05,N,4,1,6201,1,1
25,35196,RENT,2.0,MEDICAL,6000,14.54,1,0.17,N,3,1,6202,1,1
25,42000,RENT,5.0,MEDICAL,6000,12.42,0,0.14,N,2,1,6204,0,0
22,42000,RENT,6.0,DEBTCONSOLIDATION,6000,10.65,0,0.14,N,2,1,6205,0,0
23,42000,RENT,5.0,VENTURE,6000,9.99,0,0.14,N,4,1,6206,0,0
24,42000,RENT,8.0,DEBTCONSOLIDATION,6000,12.68,0,0.14,N,4,1,6211,0,0
26,42000,RENT,0.0,VENTURE,6000,11.12,0,0.14,N,4,1,6215,0,0
25,50000,OWN,2.0,HOMEIMPROVEMENT,20000,11.71,0,0.4,N,4,1,6217,0,0
23,50000,MORTGAGE,7.0,DEBTCONSOLIDATION,2000,6.62,0,0.04,N,4,1,6224,0,0
22,50000,MORTGAGE,6.0,PERSONAL,8000,6.03,0,0.16,N,3,1,6230,0,0
24,44000,RENT,1.0,MEDICAL,6000,8.0,0,0.14,N,2,1,6231,0,0
23,50000,OWN,4.0,PERSONAL,12600,11.71,0,0.25,N,4,1,6232,0,0
24,50000,OWN,5.0,VENTURE,5000,12.69,0,0.1,N,3,1,6233,0,0
25,50000,MORTGAGE,2.0,VENTURE,10000,7.9,0,0.2,N,2,1,6234,0,0
24,50000,MORTGAGE,2.0,MEDICAL,12000,6.62,0,0.24,N,4,1,6244,0,0
26,50000,OWN,10.0,VENTURE,9825,7.9,0,0.2,N,4,1,6245,0,0
22,45000,RENT,0.0,PERSONAL,6000,13.23,0,0.13,N,4,1,6253,0,0
21,45000,RENT,5.0,MEDICAL,6000,9.38,0,0.13,N,4,1,6262,0,0
26,39600,RENT,3.0,PERSONAL,6000,12.42,1,0.15,N,3,1,6266,1,0
24,50000,MORTGAGE,3.0,VENTURE,15000,8.9,0,0.3,N,2,1,6267,0,0
22,50000,OWN,6.0,EDUCATION,1000,9.91,0,0.02,N,2,1,6268,0,0
21,46200,RENT,5.0,EDUCATION,6000,10.99,0,0.13,N,4,1,6274,0,0
23,50000,MORTGAGE,2.0,VENTURE,6400,8.49,0,0.13,N,4,1,6282,0,0
23,44000,MORTGAGE,3.0,MEDICAL,5400,10.99,1,0.12,N,2,1,6293,1,1
25,48000,RENT,2.0,PERSONAL,6000,10.37,0,0.13,N,4,1,6301,0,0
25,44000,MORTGAGE,9.0,DEBTCONSOLIDATION,9800,7.49,1,0.22,N,4,1,6308,1,0
26,50000,OWN,10.0,PERSONAL,7500,5.99,0,0.15,N,2,1,6311,0,0
23,50000,MORTGAGE,3.0,MEDICAL,10000,10.99,0,0.2,N,3,1,6312,0,0
23,48000,RENT,3.0,EDUCATION,6000,11.89,0,0.13,N,3,1,6314,0,0
23,49000,RENT,6.0,DEBTCONSOLIDATION,6000,7.9,0,0.12,N,3,1,6322,0,0
24,49500,RENT,9.0,EDUCATION,6000,16.07,0,0.12,Y,4,0,6329,0,0
25,50000,RENT,5.0,HOMEIMPROVEMENT,6000,12.99,0,0.12,Y,3,0,6340,0,0
21,50000,MORTGAGE,5.0,PERSONAL,7000,10.59,0,0.14,N,3,1,6347,0,0
25,50000,RENT,9.0,HOMEIMPROVEMENT,6000,14.17,0,0.12,N,3,1,6348,0,0
22,50000,RENT,3.0,DEBTCONSOLIDATION,6000,10.25,0,0.12,N,3,1,6350,0,0
26,50000,MORTGAGE,6.0,DEBTCONSOLIDATION,10800,10.99,0,0.22,N,4,1,6354,0,0
22,50508,RENT,5.0,VENTURE,6000,5.42,0,0.12,N,3,1,6361,0,0
24,50000,MORTGAGE,8.0,EDUCATION,3000,7.66,0,0.06,N,2,1,6365,0,0
24,50740,RENT,0.0,MEDICAL,6000,9.63,0,0.12,N,3,1,6366,0,0
24,45000,RENT,0.0,MEDICAL,6000,17.19,1,0.13,N,3,1,6367,1,1
23,52000,RENT,4.0,DEBTCONSOLIDATION,6000,14.22,0,0.12,N,4,1,6373,0,0
22,50000,OWN,3.0,EDUCATION,5000,7.29,0,0.1,N,4,1,6381,0,0
23,50000,MORTGAGE,5.0,DEBTCONSOLIDATION,6000,7.66,0,0.12,N,4,1,6383,0,0
26,48000,RENT,0.0,PERSONAL,6000,16.45,1,0.13,N,4,1,6390,1,1
25,54000,RENT,4.0,HOMEIMPROVEMENT,6000,8.59,0,0.11,N,4,1,6392,0,0
22,50000,MORTGAGE,7.0,VENTURE,8800,11.11,0,0.18,N,4,1,6394,0,0
25,50000,MORTGAGE,9.0,PERSONAL,12000,10.99,0,0.24,N,2,1,6400,0,0
22,55000,RENT,2.0,EDUCATION,6000,8.9,0,0.11,N,3,1,6404,0,0
22,55000,RENT,6.0,EDUCATION,6000,6.62,0,0.11,N,2,1,6407,0,0
22,55000,RENT,7.0,EDUCATION,6000,9.25,0,0.11,N,3,1,6413,0,0
24,50000,MORTGAGE,8.0,MEDICAL,12000,5.42,0,0.24,N,2,1,6415,0,0
21,55000,RENT,3.0,EDUCATION,6000,10.99,0,0.11,N,3,1,6418,0,0
22,50000,MORTGAGE,4.0,PERSONAL,7000,9.25,0,0.14,N,3,1,6420,0,0
23,56000,RENT,6.0,EDUCATION,6000,7.49,0,0.11,N,4,1,6424,0,0
25,50000,MORTGAGE,7.0,PERSONAL,6600,12.61,0,0.13,Y,3,0,6425,0,0
25,56000,RENT,1.0,HOMEIMPROVEMENT,6000,10.74,0,0.11,N,2,1,6427,0,0
25,50000,MORTGAGE,9.0,EDUCATION,5000,5.79,0,0.1,N,2,1,6428,0,0
26,44000,MORTGAGE,3.0,EDUCATION,22500,10.99,1,0.51,N,3,1,6429,1,0
23,50000,RENT,1.0,DEBTCONSOLIDATION,6000,11.48,1,0.12,N,4,1,6431,1,0
24,57000,RENT,0.0,VENTURE,6000,7.9,0,0.11,N,3,1,6432,0,0
25,57000,RENT,5.0,PERSONAL,6000,8.0,0,0.11,N,3,1,6433,0,0
22,58000,RENT,2.0,PERSONAL,6000,6.92,0,0.1,N,4,1,6434,0,0
25,50000,MORTGAGE,3.0,HOMEIMPROVEMENT,4800,13.61,0,0.1,Y,2,0,6463,0,0
23,50000,MORTGAGE,2.0,EDUCATION,8000,13.61,0,0.16,N,2,1,6467,0,0
21,62000,RENT,2.0,EDUCATION,6000,10.25,0,0.1,N,4,1,6478,0,0
22,26124,RENT,2.0,EDUCATION,7125,5.79,0,0.27,N,2,1,6483,0,0
22,28000,RENT,6.0,DEBTCONSOLIDATION,7125,10.99,0,0.25,N,4,1,6484,0,0
23,50000,MORTGAGE,4.0,EDUCATION,20000,10.62,0,0.4,N,4,1,6491,0,0
25,95000,RENT,3.0,DEBTCONSOLIDATION,7100,6.99,0,0.07,N,2,1,6493,0,0
22,30500,RENT,0.0,EDUCATION,7025,6.54,1,0.23,N,4,1,6496,1,1
26,22884,RENT,2.0,MEDICAL,7000,7.51,1,0.31,N,4,1,6515,1,1
25,23460,RENT,5.0,MEDICAL,7000,10.99,0,0.3,N,2,1,6522,0,0
26,24000,RENT,2.0,PERSONAL,7000,12.99,0,0.29,N,3,1,6524,0,0
22,50000,MORTGAGE,5.0,PERSONAL,2000,12.18,0,0.04,N,3,1,6526,0,0
26,50000,MORTGAGE,5.0,EDUCATION,5000,7.4,0,0.1,N,2,1,6529,0,0
22,63000,RENT,6.0,PERSONAL,6000,11.49,0,0.1,N,2,1,6535,0,0
26,63000,RENT,3.0,HOMEIMPROVEMENT,6000,13.23,0,0.1,N,2,1,6536,0,0
23,63402,RENT,3.0,DEBTCONSOLIDATION,6000,13.22,0,0.09,N,4,1,6537,0,0
23,65000,RENT,2.0,EDUCATION,6000,11.99,0,0.09,N,2,1,6541,0,0
26,65000,RENT,7.0,EDUCATION,6000,16.49,0,0.09,Y,2,0,6542,0,0
21,65004,RENT,5.0,PERSONAL,6000,7.68,0,0.09,N,3,1,6552,0,0
25,44000,MORTGAGE,4.0,MEDICAL,5550,14.11,1,0.13,Y,4,0,6556,1,1
23,69000,RENT,7.0,MEDICAL,6000,7.88,0,0.09,N,2,1,6567,0,0
24,69996,RENT,0.0,HOMEIMPROVEMENT,6000,13.06,0,0.09,N,2,1,6573,0,0
23,70000,RENT,4.0,EDUCATION,6000,7.49,0,0.09,N,2,1,6576,0,0
24,50000,MORTGAGE,1.0,PERSONAL,11400,12.53,0,0.23,N,2,1,6583,0,0
22,70000,RENT,0.0,EDUCATION,6000,11.89,0,0.09,N,2,1,6585,0,0
23,65074,RENT,0.0,EDUCATION,6000,14.42,1,0.09,Y,3,0,6592,1,0
25,44000,MORTGAGE,7.0,PERSONAL,7500,10.08,1,0.17,N,2,1,6600,1,0
26,50000,MORTGAGE,10.0,MEDICAL,13000,11.97,0,0.26,Y,3,0,6605,0,0
25,50004,OWN,1.0,VENTURE,10000,7.29,0,0.2,N,3,1,6623,0,0
23,50004,MORTGAGE,7.0,PERSONAL,16000,11.83,0,0.32,N,2,1,6631,0,0
26,50004,OWN,2.0,HOMEIMPROVEMENT,11000,13.87,0,0.22,Y,4,0,6648,0,0
23,84000,RENT,5.0,VENTURE,6000,6.99,0,0.07,N,3,1,6650,0,0
21,50031,MORTGAGE,5.0,PERSONAL,2000,5.99,0,0.04,N,2,1,6651,0,0
23,50052,OWN,8.0,PERSONAL,15000,9.63,0,0.3,N,4,1,6653,0,0
25,85000,RENT,4.0,MEDICAL,6000,10.0,0,0.07,N,3,1,6656,0,0
25,73000,RENT,2.0,DEBTCONSOLIDATION,6000,14.96,1,0.08,N,4,1,6658,1,1
25,50280,MORTGAGE,0.0,HOMEIMPROVEMENT,10000,9.63,0,0.2,N,2,1,6660,0,0
23,50400,MORTGAGE,7.0,EDUCATION,2500,10.99,0,0.05,N,4,1,6675,0,0
23,50400,MORTGAGE,4.0,VENTURE,11200,7.42,0,0.22,N,3,1,6676,0,0
25,50400,MORTGAGE,5.0,HOMEIMPROVEMENT,12000,9.62,0,0.24,N,4,1,6682,0,0
26,95000,RENT,0.0,MEDICAL,6000,10.99,0,0.06,N,2,1,6684,0,0
26,50400,OWN,0.0,VENTURE,6725,10.62,0,0.13,N,4,1,6687,0,0
24,96500,RENT,0.0,DEBTCONSOLIDATION,6000,7.66,0,0.06,N,2,1,6689,0,0
24,50496,MORTGAGE,3.0,PERSONAL,3000,11.99,0,0.06,N,3,1,6693,0,0
22,50500,OWN,6.0,VENTURE,6000,11.83,0,0.12,N,2,1,6699,0,0
25,50600,OWN,3.0,PERSONAL,3000,7.51,0,0.06,N,2,1,6705,0,0
24,120000,RENT,0.0,PERSONAL,6000,10.99,0,0.05,N,3,1,6708,0,0
23,42000,RENT,7.0,EDUCATION,6025,9.63,0,0.14,N,4,1,6715,0,0
22,51000,OWN,0.0,VENTURE,16000,7.9,0,0.31,N,3,1,6720,0,0
23,51000,OWN,7.0,PERSONAL,6000,5.42,0,0.12,N,4,1,6730,0,0
21,51000,MORTGAGE,5.0,EDUCATION,13000,10.99,0,0.25,N,3,1,6735,0,0
26,39996,RENT,2.0,DEBTCONSOLIDATION,6200,13.79,0,0.16,N,2,1,6736,0,0
22,45000,RENT,7.0,EDUCATION,6200,13.79,0,0.14,N,3,1,6739,0,0
22,46000,RENT,1.0,DEBTCONSOLIDATION,6200,10.99,1,0.13,N,4,1,6747,1,0
23,56000,RENT,4.0,PERSONAL,6200,8.49,0,0.11,N,2,1,6748,0,0
25,51000,MORTGAGE,0.0,PERSONAL,4200,7.29,0,0.08,N,2,1,6750,0,0
23,45000,MORTGAGE,6.0,MEDICAL,5000,10.74,1,0.11,N,2,1,6752,1,0
26,69000,RENT,7.0,EDUCATION,6200,7.88,0,0.09,N,3,1,6756,0,0
22,51000,MORTGAGE,6.0,MEDICAL,6000,5.79,0,0.12,N,2,1,6757,0,0
26,51000,MORTGAGE,2.0,DEBTCONSOLIDATION,12000,6.17,0,0.24,N,4,1,6758,0,0
22,72000,RENT,4.0,PERSONAL,6200,5.99,0,0.09,N,2,1,6759,0,0
23,19250,RENT,1.0,HOMEIMPROVEMENT,6250,16.82,1,0.32,Y,4,0,6769,1,1
23,24000,RENT,0.0,EDUCATION,6250,12.53,0,0.26,N,3,1,6778,0,0
22,56000,RENT,0.0,DEBTCONSOLIDATION,7000,11.36,0,0.13,N,2,1,6788,0,0
25,50000,RENT,2.0,MEDICAL,7000,15.57,1,0.14,N,3,1,6793,1,1
23,60000,RENT,4.0,DEBTCONSOLIDATION,7000,6.03,0,0.12,N,3,1,6802,0,0
24,51072,MORTGAGE,8.0,EDUCATION,13000,10.95,0,0.25,N,2,1,6803,0,0
25,54000,RENT,1.0,DEBTCONSOLIDATION,7000,20.89,1,0.13,N,3,1,6804,1,1
25,60000,RENT,3.0,VENTURE,7000,15.62,0,0.12,N,4,1,6807,0,0
25,60000,RENT,3.0,HOMEIMPROVEMENT,7000,6.92,0,0.12,N,2,1,6808,0,0
23,60000,RENT,4.0,DEBTCONSOLIDATION,7000,5.79,0,0.12,N,3,1,6809,0,0
26,60000,RENT,3.0,MEDICAL,7000,6.91,0,0.12,N,2,1,6810,0,0
22,54000,RENT,2.0,PERSONAL,7000,14.96,1,0.13,N,3,1,6821,1,1
26,51500,MORTGAGE,7.0,VENTURE,11000,10.99,0,0.21,N,3,1,6832,0,0
22,51500,MORTGAGE,6.0,EDUCATION,7500,9.88,0,0.15,N,3,1,6835,0,0
26,63000,RENT,4.0,VENTURE,7000,14.84,0,0.11,N,2,1,6839,0,0
22,65000,RENT,7.0,EDUCATION,7000,15.99,0,0.11,N,3,1,6847,0,0
25,51600,OWN,2.0,VENTURE,6000,10.99,0,0.12,N,4,1,6848,0,0
26,51600,OWN,10.0,HOMEIMPROVEMENT,15000,9.88,0,0.29,N,3,1,6850,0,0
24,51600,OWN,8.0,VENTURE,20000,12.87,0,0.39,N,4,1,6851,0,0
23,51996,MORTGAGE,3.0,PERSONAL,5000,6.92,0,0.1,N,3,1,6872,0,0
25,51996,MORTGAGE,6.0,VENTURE,7000,10.99,0,0.13,N,3,1,6882,0,0
25,70356,RENT,8.0,HOMEIMPROVEMENT,7000,7.29,0,0.1,N,4,1,6885,0,0
22,51996,MORTGAGE,6.0,EDUCATION,9600,7.14,0,0.18,N,4,1,6887,0,0
23,72000,RENT,0.0,MEDICAL,7000,7.9,0,0.1,N,2,1,6888,0,0
26,72000,RENT,8.0,PERSONAL,7000,9.32,0,0.1,N,2,1,6890,0,0
21,45996,MORTGAGE,2.0,EDUCATION,17000,13.16,1,0.37,Y,4,0,6892,1,0
26,75000,RENT,0.0,DEBTCONSOLIDATION,7000,8.9,0,0.09,N,4,1,6896,0,0
23,75800,RENT,0.0,PERSONAL,7000,6.54,0,0.09,N,2,1,6902,0,0
22,52000,MORTGAGE,5.0,EDUCATION,6000,7.9,0,0.12,N,4,1,6904,0,0
26,80400,RENT,6.0,VENTURE,7000,10.65,0,0.09,N,2,1,6912,0,0
24,82000,RENT,8.0,EDUCATION,7000,10.0,0,0.09,N,4,1,6915,0,0
25,52000,MORTGAGE,8.0,HOMEIMPROVEMENT,14500,10.65,0,0.28,N,4,1,6916,0,0
23,52000,MORTGAGE,7.0,EDUCATION,8400,8.9,0,0.16,N,2,1,6920,0,0
21,52000,OWN,1.0,EDUCATION,13200,12.42,0,0.25,N,2,1,6921,0,0
26,52000,OWN,10.0,PERSONAL,10000,8.9,0,0.19,N,3,1,6923,0,0
23,83236,RENT,6.0,EDUCATION,7000,6.92,0,0.08,N,2,1,6925,0,0
21,52000,MORTGAGE,5.0,DEBTCONSOLIDATION,5000,7.9,0,0.1,N,3,1,6926,0,0
25,66300,RENT,3.0,MEDICAL,7000,9.25,1,0.09,N,3,1,6927,1,0
22,28500,RENT,2.0,HOMEIMPROVEMENT,6250,14.84,1,0.22,N,4,1,6935,1,1
24,29000,RENT,0.0,DEBTCONSOLIDATION,6250,10.99,0,0.22,N,2,1,6936,0,1
26,46000,MORTGAGE,8.0,HOMEIMPROVEMENT,7000,9.99,1,0.15,N,3,1,6939,1,0
26,52000,OWN,10.0,VENTURE,8000,8.49,0,0.15,N,3,1,6942,0,0
23,54000,RENT,3.0,DEBTCONSOLIDATION,6250,6.99,0,0.12,N,3,1,6943,0,0
22,90000,RENT,2.0,PERSONAL,7000,8.88,0,0.08,N,3,1,6946,0,0
22,52000,MORTGAGE,0.0,EDUCATION,20000,13.99,0,0.38,Y,3,0,6948,0,0
26,97000,RENT,2.0,DEBTCONSOLIDATION,7000,7.91,0,0.07,N,4,1,6954,0,0
24,52000,MORTGAGE,6.0,VENTURE,9000,5.79,0,0.17,N,2,1,6957,0,0
25,52000,MORTGAGE,9.0,DEBTCONSOLIDATION,8500,10.74,0,0.16,N,3,1,6965,0,0
26,52000,MORTGAGE,7.0,VENTURE,6500,10.74,0,0.13,N,2,1,6969,0,0
22,28000,RENT,0.0,EDUCATION,6975,12.29,0,0.25,N,4,1,6974,0,0
26,52000,MORTGAGE,10.0,HOMEIMPROVEMENT,10750,9.62,0,0.21,N,2,1,6975,0,0
24,25000,RENT,0.0,MEDICAL,6950,14.42,1,0.28,Y,3,0,6976,1,1
24,52000,OWN,4.0,DEBTCONSOLIDATION,7000,14.09,0,0.13,Y,4,0,6978,0,0
21,42504,RENT,0.0,EDUCATION,6300,6.99,0,0.15,N,3,1,6981,0,0
24,46000,MORTGAGE,9.0,EDUCATION,12000,7.88,1,0.26,N,4,1,6985,1,0
25,54503,RENT,9.0,EDUCATION,6300,7.51,0,0.12,N,2,1,6988,0,0
23,74415,RENT,1.0,PERSONAL,6350,12.92,1,0.09,Y,3,0,6994,1,0
22,52000,MORTGAGE,2.0,MEDICAL,18000,9.88,0,0.35,N,4,1,7003,0,0
24,30000,RENT,0.0,VENTURE,6500,10.99,0,0.22,N,3,1,7024,0,0
22,31000,RENT,2.0,EDUCATION,6500,8.32,0,0.21,N,3,1,7027,0,0
23,32000,RENT,0.0,EDUCATION,6500,7.88,0,0.2,N,4,1,7029,0,0
24,46000,MORTGAGE,2.0,PERSONAL,15250,12.53,1,0.33,N,2,1,7033,1,0
25,52000,MORTGAGE,3.0,MEDICAL,6000,9.32,0,0.12,N,2,1,7040,0,0
22,42000,RENT,2.0,EDUCATION,6500,5.99,0,0.15,N,2,1,7055,0,0
21,45000,RENT,3.0,VENTURE,6500,10.74,0,0.14,N,2,1,7062,0,0
26,45600,RENT,2.0,MEDICAL,6500,10.99,0,0.14,N,4,1,7063,0,0
22,46320,MORTGAGE,6.0,DEBTCONSOLIDATION,15000,12.86,1,0.32,Y,4,0,7064,1,0
22,53000,RENT,2.0,EDUCATION,6500,10.65,0,0.12,N,4,1,7070,0,0
25,75000,RENT,2.0,EDUCATION,6500,13.57,0,0.09,Y,2,0,7090,0,0
25,84000,RENT,4.0,EDUCATION,6500,11.89,0,0.08,N,4,1,7094,0,0
25,85296,RENT,7.0,DEBTCONSOLIDATION,6500,12.98,0,0.08,Y,4,0,7096,0,0
24,91700,RENT,1.0,EDUCATION,6500,9.88,0,0.07,N,3,1,7100,0,0
22,52800,MORTGAGE,6.0,PERSONAL,7000,6.76,0,0.13,N,2,1,7104,0,0
23,21888,RENT,8.0,EDUCATION,6600,11.11,0,0.3,N,2,1,7112,0,0
26,35000,RENT,0.0,MEDICAL,6600,8.59,0,0.19,N,4,1,7117,0,0
26,41000,RENT,3.0,DEBTCONSOLIDATION,6600,13.85,0,0.16,Y,4,0,7122,0,0
23,48000,RENT,3.0,EDUCATION,6600,11.11,0,0.14,N,2,1,7126,0,0
23,52000,RENT,8.0,DEBTCONSOLIDATION,6600,7.49,0,0.13,N,3,1,7128,0,0
24,52000,RENT,3.0,HOMEIMPROVEMENT,6600,10.99,0,0.13,N,3,1,7132,0,0
21,53000,OWN,5.0,MEDICAL,3000,7.51,0,0.06,N,4,1,7133,0,0
26,53000,MORTGAGE,10.0,MEDICAL,11500,14.65,0,0.22,N,4,1,7134,0,1
22,53000,MORTGAGE,0.0,DEBTCONSOLIDATION,5025,7.49,0,0.09,N,3,1,7142,0,0
23,70000,RENT,3.0,VENTURE,6600,12.84,0,0.09,Y,3,0,7143,0,0
26,53000,OWN,3.0,VENTURE,6000,9.99,0,0.11,N,2,1,7144,0,0
22,53000,MORTGAGE,6.0,VENTURE,7350,14.79,0,0.14,Y,4,0,7149,0,0
24,53000,MORTGAGE,8.0,VENTURE,6850,6.92,0,0.13,N,2,1,7155,0,0
24,56000,RENT,2.0,VENTURE,6650,12.69,0,0.12,N,2,1,7161,0,0
22,27600,RENT,0.0,VENTURE,6700,15.31,1,0.24,N,3,1,7168,1,1
26,53000,MORTGAGE,9.0,DEBTCONSOLIDATION,8000,7.88,0,0.15,N,2,1,7173,0,0
23,47000,MORTGAGE,7.0,MEDICAL,16000,14.35,1,0.34,Y,3,0,7175,1,1
26,41000,RENT,4.0,EDUCATION,6750,5.99,0,0.16,N,3,1,7180,0,0
25,75000,RENT,9.0,VENTURE,6775,7.9,0,0.09,N,4,1,7182,0,0
24,53000,OWN,3.0,HOMEIMPROVEMENT,9800,7.51,0,0.18,N,4,1,7184,0,0
22,53000,MORTGAGE,6.0,EDUCATION,10000,17.39,0,0.19,N,3,1,7191,0,1
22,37000,RENT,6.0,PERSONAL,6800,7.14,0,0.18,N,2,1,7193,0,0
25,53000,MORTGAGE,2.0,VENTURE,10750,11.14,0,0.2,N,2,1,7195,0,0
22,41196,RENT,6.0,PERSONAL,6800,11.59,0,0.17,Y,2,0,7200,0,0
21,45000,RENT,1.0,PERSONAL,6800,5.79,0,0.15,N,3,1,7201,0,0
22,53000,MORTGAGE,0.0,DEBTCONSOLIDATION,4000,10.39,0,0.08,N,2,1,7205,0,0
25,53004,MORTGAGE,3.0,VENTURE,4800,5.42,0,0.09,N,2,1,7209,0,0
23,53004,MORTGAGE,7.0,PERSONAL,10000,5.79,0,0.19,N,3,1,7212,0,0
23,55000,RENT,1.0,VENTURE,6800,11.49,0,0.12,N,2,1,7217,0,0
22,65700,RENT,7.0,PERSONAL,6800,10.37,0,0.1,N,3,1,7220,0,0
26,53155,MORTGAGE,10.0,MEDICAL,4000,6.76,0,0.08,N,3,1,7225,0,0
25,96050,RENT,9.0,MEDICAL,6500,14.61,1,0.06,N,2,1,7229,1,1
22,29361,RENT,4.0,HOMEIMPROVEMENT,6450,10.99,1,0.22,N,3,1,7234,1,1
25,53481,OWN,4.0,EDUCATION,15000,6.03,0,0.28,N,3,1,7237,0,0
24,70000,RENT,0.0,MEDICAL,6425,13.72,0,0.09,N,2,1,7238,0,0
23,30000,RENT,2.0,EDUCATION,6400,6.99,0,0.21,N,4,1,7247,0,0
23,53664,MORTGAGE,7.0,EDUCATION,15000,10.75,0,0.28,N,4,1,7251,0,0
24,53800,MORTGAGE,4.0,DEBTCONSOLIDATION,6000,10.99,0,0.11,N,2,1,7258,0,0
22,53832,MORTGAGE,2.0,MEDICAL,11700,12.87,0,0.22,N,2,1,7262,0,0
22,53913,MORTGAGE,6.0,VENTURE,11500,5.99,0,0.21,N,4,1,7264,0,0
23,53976,MORTGAGE,7.0,EDUCATION,2000,10.74,0,0.04,N,3,1,7266,0,0
26,31836,RENT,1.0,VENTURE,6400,14.35,0,0.2,N,4,1,7267,0,1
22,54000,MORTGAGE,6.0,MEDICAL,5000,6.03,0,0.09,N,2,1,7268,0,0
24,33000,RENT,8.0,MEDICAL,6400,9.99,0,0.19,N,2,1,7270,0,0
26,54000,MORTGAGE,4.0,PERSONAL,9600,6.62,0,0.18,N,3,1,7277,0,0
25,54000,OWN,9.0,EDUCATION,15000,10.99,0,0.28,Y,4,0,7284,0,0
22,38000,RENT,2.0,DEBTCONSOLIDATION,6400,20.62,1,0.17,N,3,1,7289,1,1
26,48000,MORTGAGE,0.0,EDUCATION,15000,5.99,1,0.31,N,2,1,7294,1,0
26,48000,RENT,2.0,DEBTCONSOLIDATION,6400,13.47,0,0.13,Y,3,0,7298,0,0
23,50000,RENT,3.0,VENTURE,6400,6.91,0,0.13,N,2,1,7305,0,0
24,54000,MORTGAGE,8.0,HOMEIMPROVEMENT,8500,10.99,0,0.16,N,3,1,7306,0,0
22,54000,MORTGAGE,4.0,EDUCATION,5000,15.62,0,0.09,N,2,1,7308,0,1
24,65000,RENT,2.0,DEBTCONSOLIDATION,6400,10.65,0,0.1,N,2,1,7321,0,0
21,70000,RENT,4.0,PERSONAL,6400,17.49,0,0.09,N,4,1,7324,0,0
22,71500,RENT,2.0,EDUCATION,6400,13.11,0,0.09,Y,2,0,7327,0,0
25,75000,RENT,5.0,PERSONAL,6400,15.99,0,0.09,Y,2,0,7330,0,0
25,54000,MORTGAGE,4.0,MEDICAL,8400,11.11,0,0.16,N,4,1,7337,0,0
21,54000,OWN,5.0,VENTURE,20000,10.74,0,0.37,N,2,1,7339,0,0
25,54000,MORTGAGE,5.0,DEBTCONSOLIDATION,5100,9.62,0,0.09,N,4,1,7340,0,0
22,110000,RENT,6.0,MEDICAL,6400,9.32,0,0.06,N,4,1,7342,0,0
22,54000,MORTGAGE,1.0,MEDICAL,4000,13.98,0,0.07,N,4,1,7356,0,1
26,37000,RENT,0.0,VENTURE,6825,7.49,0,0.18,N,2,1,7359,0,0
23,73000,RENT,0.0,DEBTCONSOLIDATION,6825,10.99,0,0.09,N,3,1,7360,0,0
23,54000,MORTGAGE,0.0,EDUCATION,10000,11.49,0,0.19,N,4,1,7364,0,0
22,60000,RENT,1.0,EDUCATION,6850,7.14,0,0.11,N,2,1,7365,0,0
26,54000,MORTGAGE,6.0,HOMEIMPROVEMENT,10000,7.51,0,0.19,N,3,1,7374,0,0
26,34000,RENT,10.0,DEBTCONSOLIDATION,6925,15.99,1,0.2,N,3,1,7379,1,1
24,54000,OWN,8.0,EDUCATION,1200,13.11,0,0.02,Y,3,0,7385,0,0
22,54000,MORTGAGE,3.0,PERSONAL,9000,7.51,0,0.17,N,3,1,7390,0,0
21,27600,RENT,5.0,EDUCATION,7000,5.99,0,0.25,N,2,1,7397,0,0
22,48000,MORTGAGE,6.0,EDUCATION,12000,16.0,1,0.25,N,4,1,7401,1,0
23,54000,MORTGAGE,7.0,DEBTCONSOLIDATION,3000,10.99,0,0.06,N,3,1,7402,0,1
23,54000,MORTGAGE,1.0,EDUCATION,13650,10.99,0,0.25,Y,2,0,7406,0,0
23,54000,MORTGAGE,7.0,MEDICAL,13500,9.63,0,0.25,N,2,1,7411,0,0
23,28800,RENT,4.0,MEDICAL,7000,7.49,0,0.24,N,4,1,7414,0,0
22,54252,MORTGAGE,6.0,DEBTCONSOLIDATION,3500,6.39,0,0.06,N,2,1,7427,0,0
26,31000,RENT,6.0,EDUCATION,7000,10.99,0,0.23,N,2,1,7431,0,0
22,54500,MORTGAGE,6.0,EDUCATION,7500,10.59,0,0.14,N,3,1,7439,0,0
22,32340,RENT,6.0,DEBTCONSOLIDATION,7000,6.62,0,0.22,N,2,1,7441,0,0
24,32400,RENT,1.0,MEDICAL,7000,13.98,0,0.22,Y,2,0,7442,0,0
23,33000,RENT,1.0,DEBTCONSOLIDATION,7000,13.61,0,0.21,N,4,1,7449,0,0
26,54600,MORTGAGE,10.0,PERSONAL,4800,10.99,0,0.09,N,2,1,7451,0,0
26,33996,RENT,10.0,VENTURE,7000,8.0,0,0.21,N,2,1,7456,0,0
20,34800,RENT,3.0,MEDICAL,7000,13.61,0,0.2,Y,2,0,7460,0,0
24,35000,RENT,8.0,MEDICAL,7000,12.69,0,0.2,N,2,1,7462,0,0
24,35000,RENT,9.0,PERSONAL,7000,5.99,0,0.2,N,2,1,7468,0,0
23,54996,MORTGAGE,7.0,EDUCATION,2100,11.49,0,0.04,N,3,1,7474,0,0
22,35350,RENT,3.0,DEBTCONSOLIDATION,7000,9.99,0,0.2,N,3,1,7478,0,0
24,54996,MORTGAGE,8.0,VENTURE,5500,5.99,0,0.1,N,4,1,7479,0,0
24,36000,RENT,1.0,MEDICAL,7000,6.03,0,0.19,N,3,1,7481,0,0
24,54996,OWN,4.0,EDUCATION,10000,10.37,0,0.18,N,4,1,7487,0,0
25,37200,RENT,0.0,DEBTCONSOLIDATION,7000,12.42,0,0.19,N,3,1,7496,0,0
25,37200,RENT,6.0,VENTURE,7000,7.14,0,0.19,N,4,1,7497,0,0
21,37200,RENT,1.0,DEBTCONSOLIDATION,7000,10.99,0,0.19,N,3,1,7499,0,0
22,37740,RENT,6.0,MEDICAL,7000,10.99,0,0.19,N,3,1,7503,0,1
24,39996,RENT,1.0,MEDICAL,7000,13.11,0,0.18,N,3,1,7514,0,0
22,40000,RENT,0.0,DEBTCONSOLIDATION,7000,10.65,0,0.17,N,2,1,7515,0,0
22,40000,RENT,6.0,MEDICAL,7000,7.9,0,0.17,N,2,1,7516,0,0
21,40000,RENT,3.0,EDUCATION,7000,14.46,0,0.17,N,3,1,7519,0,0
24,34000,RENT,0.0,EDUCATION,7000,17.04,1,0.21,N,2,1,7524,1,1
23,55000,MORTGAGE,8.0,VENTURE,7200,11.71,0,0.13,N,3,1,7525,0,0
23,34320,RENT,5.0,DEBTCONSOLIDATION,7000,18.3,1,0.2,Y,3,0,7530,1,1
22,55000,MORTGAGE,6.0,EDUCATION,1400,13.49,0,0.03,N,3,1,7538,0,0
23,55000,MORTGAGE,7.0,VENTURE,5200,8.9,0,0.09,N,4,1,7540,0,0
22,55000,MORTGAGE,6.0,PERSONAL,3250,13.49,0,0.06,Y,4,0,7544,0,0
26,36000,RENT,3.0,DEBTCONSOLIDATION,7000,14.96,1,0.19,Y,4,0,7557,1,1
22,42000,RENT,4.0,EDUCATION,7000,8.63,0,0.17,N,4,1,7560,0,0
23,55000,MORTGAGE,8.0,EDUCATION,12375,9.91,0,0.23,N,3,1,7563,0,0
23,43000,RENT,7.0,EDUCATION,7000,10.99,0,0.16,N,4,1,7565,0,0
25,55000,MORTGAGE,9.0,EDUCATION,6300,11.49,0,0.11,N,3,1,7568,0,0
25,55000,MORTGAGE,3.0,EDUCATION,5000,15.99,0,0.09,N,4,1,7576,0,0
23,39000,RENT,1.0,VENTURE,7000,16.77,1,0.18,N,3,1,7586,1,1
24,55000,MORTGAGE,0.0,HOMEIMPROVEMENT,4200,15.23,0,0.08,Y,3,0,7592,0,0
23,55000,MORTGAGE,0.0,EDUCATION,11075,13.49,0,0.2,N,3,1,7596,0,0
24,55000,OWN,4.0,VENTURE,9000,16.49,0,0.16,Y,2,0,7598,0,0
25,55000,OWN,1.0,PERSONAL,6000,15.23,0,0.11,Y,3,0,7613,0,0
21,47000,RENT,5.0,VENTURE,7000,14.96,0,0.15,Y,3,0,7615,0,0
23,55000,MORTGAGE,7.0,MEDICAL,8000,7.49,0,0.15,N,4,1,7616,0,0
25,48226,RENT,9.0,MEDICAL,7000,7.9,0,0.15,N,3,1,7624,0,0
23,49500,RENT,2.0,MEDICAL,7000,10.99,0,0.14,N,4,1,7625,0,1
26,55000,MORTGAGE,1.0,EDUCATION,10000,10.0,0,0.18,N,2,1,7635,0,0
22,55000,OWN,6.0,EDUCATION,25000,10.74,0,0.45,N,2,1,7638,0,0
21,44004,RENT,2.0,HOMEIMPROVEMENT,7000,11.46,1,0.16,N,2,1,7646,1,1
23,55000,MORTGAGE,5.0,PERSONAL,7750,6.17,0,0.14,N,4,1,7648,0,0
21,45000,RENT,0.0,PERSONAL,7000,14.96,1,0.16,Y,4,0,7650,1,1
23,52000,RENT,3.0,EDUCATION,7000,10.65,0,0.13,N,2,1,7652,0,0
22,54000,RENT,0.0,DEBTCONSOLIDATION,7000,13.61,0,0.13,N,4,1,7667,0,0
24,49000,RENT,8.0,EDUCATION,7000,7.49,1,0.14,N,3,1,7672,1,0
23,55000,MORTGAGE,1.0,EDUCATION,10000,10.75,0,0.18,N,4,1,7673,0,0
23,85000,RENT,0.0,EDUCATION,7000,10.74,0,0.08,N,3,1,7677,0,0
23,49000,MORTGAGE,7.0,MEDICAL,5000,15.21,1,0.1,N,2,1,7678,1,1
25,89000,RENT,4.0,EDUCATION,7000,10.99,0,0.08,N,3,1,7679,0,0
26,55000,MORTGAGE,10.0,HOMEIMPROVEMENT,9800,7.88,0,0.18,N,3,1,7680,0,0
24,55000,MORTGAGE,3.0,EDUCATION,7500,14.84,0,0.14,Y,2,0,7682,0,0
26,55000,MORTGAGE,4.0,DEBTCONSOLIDATION,13000,13.98,0,0.24,Y,3,0,7686,0,0
26,61200,RENT,3.0,HOMEIMPROVEMENT,7150,6.99,0,0.12,N,2,1,7687,0,0
22,27600,RENT,7.0,MEDICAL,7200,10.59,0,0.26,N,3,1,7705,0,0
23,55000,MORTGAGE,6.0,EDUCATION,8000,9.88,0,0.15,N,3,1,7708,0,0
22,55000,OWN,4.0,DEBTCONSOLIDATION,5000,14.61,0,0.09,Y,2,0,7718,0,0
24,55000,MORTGAGE,8.0,VENTURE,5500,8.59,0,0.1,N,3,1,7725,0,0
24,49000,MORTGAGE,0.0,MEDICAL,5000,12.18,1,0.1,N,3,1,7738,1,1
26,55000,MORTGAGE,8.0,VENTURE,7000,12.53,0,0.13,N,4,1,7743,0,0
25,40000,RENT,1.0,EDUCATION,7200,9.88,0,0.18,N,4,1,7745,0,0
24,43200,RENT,8.0,MEDICAL,7200,13.49,0,0.17,Y,4,0,7753,0,0
23,48000,RENT,7.0,PERSONAL,7200,11.71,0,0.15,N,2,1,7762,0,0
24,50000,RENT,0.0,VENTURE,7200,11.71,0,0.14,N,2,1,7772,0,0
25,50000,RENT,5.0,MEDICAL,7200,7.29,0,0.14,N,4,1,7776,0,0
24,49000,OTHER,1.0,PERSONAL,20000,11.34,1,0.41,Y,4,0,7779,1,1
23,55000,MORTGAGE,7.0,DEBTCONSOLIDATION,15000,9.2,0,0.27,N,4,1,7780,0,0
25,52000,RENT,3.0,EDUCATION,7200,12.69,0,0.14,N,3,1,7781,0,0
25,54990,RENT,4.0,DEBTCONSOLIDATION,7200,15.27,0,0.13,Y,3,0,7785,0,0
23,55008,OWN,5.0,MEDICAL,10500,13.16,0,0.19,Y,4,0,7786,0,0
25,55000,RENT,1.0,MEDICAL,7200,7.9,0,0.13,N,2,1,7789,0,0
22,49200,MORTGAGE,6.0,MEDICAL,6500,12.68,1,0.13,Y,2,0,7800,1,1
23,60000,RENT,5.0,EDUCATION,7200,13.22,0,0.12,N,4,1,7801,0,0
26,55316,OWN,10.0,HOMEIMPROVEMENT,6000,5.42,0,0.11,N,3,1,7811,0,0
23,68400,RENT,7.0,EDUCATION,7200,14.72,0,0.11,N,2,1,7815,0,0
25,71604,RENT,0.0,EDUCATION,7200,10.95,0,0.1,N,4,1,7817,0,0
21,55530,MORTGAGE,5.0,EDUCATION,3200,6.62,0,0.06,N,4,1,7821,0,0
23,49530,MORTGAGE,7.0,DEBTCONSOLIDATION,16000,14.54,1,0.32,Y,2,0,7822,1,1
25,73000,RENT,2.0,PERSONAL,7200,14.96,1,0.1,N,3,1,7831,1,1
23,55812,MORTGAGE,4.0,MEDICAL,21825,11.36,0,0.39,N,2,1,7836,0,0
24,56000,MORTGAGE,8.0,DEBTCONSOLIDATION,12000,10.99,0,0.21,N,3,1,7841,0,0
22,56000,MORTGAGE,3.0,EDUCATION,10075,16.29,0,0.18,Y,4,0,7844,0,0
25,62467,RENT,1.0,HOMEIMPROVEMENT,7250,10.65,0,0.12,N,4,1,7852,0,0
22,56000,MORTGAGE,4.0,MEDICAL,9000,10.59,0,0.16,N,2,1,7861,0,0
21,50000,RENT,4.0,EDUCATION,7300,11.71,0,0.15,N,3,1,7870,0,0
25,32500,RENT,5.0,MEDICAL,7350,13.43,0,0.23,Y,3,0,7879,0,0
25,62000,RENT,0.0,DEBTCONSOLIDATION,7400,6.99,0,0.12,N,2,1,7886,0,0
22,34359,RENT,6.0,EDUCATION,7475,9.63,0,0.22,N,2,1,7890,0,0
21,12720,RENT,1.0,EDUCATION,7500,7.05,1,0.59,N,4,1,7891,1,1
23,56000,MORTGAGE,4.0,EDUCATION,3000,6.76,0,0.05,N,3,1,7892,0,0
24,56000,OWN,8.0,EDUCATION,2000,11.49,0,0.04,N,2,1,7893,0,0
24,20796,RENT,2.0,VENTURE,7500,7.88,1,0.36,N,3,1,7895,1,1
26,56000,MORTGAGE,0.0,HOMEIMPROVEMENT,8000,11.14,0,0.14,N,4,1,7905,0,0
23,56000,MORTGAGE,7.0,PERSONAL,13750,18.43,0,0.25,N,2,1,7911,0,0
21,30000,RENT,5.0,VENTURE,7500,9.99,0,0.25,N,4,1,7915,0,0
23,30000,RENT,3.0,DEBTCONSOLIDATION,7500,10.99,0,0.25,N,4,1,7916,0,0
23,56000,MORTGAGE,7.0,PERSONAL,4500,11.83,0,0.08,N,4,1,7918,0,0
21,30000,RENT,5.0,EDUCATION,7500,11.83,0,0.25,N,4,1,7920,0,0
22,56004,MORTGAGE,6.0,MEDICAL,6000,7.88,0,0.11,N,4,1,7932,0,0
26,56004,MORTGAGE,10.0,EDUCATION,20000,13.57,0,0.36,Y,4,0,7936,0,0
22,56368,MORTGAGE,5.0,EDUCATION,6000,12.99,0,0.11,N,2,1,7947,0,0
25,50400,MORTGAGE,9.0,DEBTCONSOLIDATION,12000,16.89,1,0.24,N,4,1,7949,1,1
22,56400,MORTGAGE,6.0,EDUCATION,17300,15.62,0,0.31,N,4,1,7950,0,0
26,38400,RENT,10.0,MEDICAL,7500,17.58,0,0.2,N,2,1,7955,0,1
22,32400,RENT,6.0,VENTURE,7500,14.27,1,0.23,N,2,1,7956,1,0
25,56655,MORTGAGE,9.0,VENTURE,20000,13.61,0,0.35,N,2,1,7964,0,0
22,40906,RENT,4.0,VENTURE,7500,9.63,0,0.18,N,2,1,7974,0,0
21,57000,OWN,5.0,PERSONAL,8000,10.65,0,0.14,N,3,1,7976,0,0
22,42500,RENT,0.0,EDUCATION,7500,7.9,0,0.18,N,2,1,7982,0,0
25,57000,MORTGAGE,5.0,PERSONAL,13000,8.9,0,0.23,N,2,1,7984,0,0
26,57000,MORTGAGE,6.0,MEDICAL,9000,12.99,0,0.16,Y,4,0,7990,0,0
23,48000,RENT,4.0,MEDICAL,7500,5.79,0,0.16,N,4,1,8006,0,0
23,57000,MORTGAGE,6.0,EDUCATION,17500,14.09,0,0.31,Y,3,0,8020,0,0
25,44000,RENT,7.0,MEDICAL,7500,13.92,1,0.17,N,3,1,8023,1,1
22,50663,RENT,0.0,DEBTCONSOLIDATION,7500,13.22,0,0.15,N,3,1,8034,0,0
26,51000,MORTGAGE,10.0,MEDICAL,13000,15.33,1,0.25,Y,3,0,8035,1,1
22,57000,MORTGAGE,6.0,EDUCATION,11400,12.53,0,0.2,N,3,1,8037,0,0
25,53000,RENT,0.0,EDUCATION,7500,10.39,0,0.14,N,4,1,8040,0,0
24,51000,MORTGAGE,8.0,DEBTCONSOLIDATION,12000,10.99,1,0.24,N,3,1,8042,1,0
24,57000,OWN,8.0,EDUCATION,9000,8.0,0,0.16,N,4,1,8045,0,0
26,57006,MORTGAGE,10.0,DEBTCONSOLIDATION,6000,6.17,0,0.11,N,2,1,8053,0,0
22,52000,RENT,1.0,HOMEIMPROVEMENT,7500,10.99,1,0.14,Y,4,0,8057,1,1
21,57192,MORTGAGE,0.0,MEDICAL,8000,7.49,0,0.14,N,3,1,8059,0,0
25,67000,RENT,7.0,MEDICAL,7500,12.18,0,0.11,N,4,1,8085,0,0
24,79992,RENT,0.0,DEBTCONSOLIDATION,7500,10.71,0,0.09,N,4,1,8113,0,0
24,100300,RENT,3.0,MEDICAL,7500,11.49,0,0.07,N,4,1,8132,0,0
25,125000,RENT,3.0,HOMEIMPROVEMENT,7500,12.69,0,0.06,N,4,1,8140,0,0
26,50000,RENT,3.0,EDUCATION,7525,11.49,0,0.15,N,2,1,8145,0,0
25,54000,RENT,7.0,HOMEIMPROVEMENT,7575,6.99,0,0.14,N,4,1,8153,0,0
24,58000,MORTGAGE,5.0,DEBTCONSOLIDATION,7000,6.99,0,0.12,N,4,1,8161,0,0
24,52000,MORTGAGE,8.0,EDUCATION,5000,15.28,1,0.1,N,4,1,8171,1,0
25,58000,MORTGAGE,9.0,MEDICAL,8500,7.14,0,0.15,N,3,1,8178,0,0
22,19680,RENT,2.0,EDUCATION,7750,14.83,1,0.39,Y,3,0,8180,1,1
21,26000,RENT,4.0,EDUCATION,7750,13.16,0,0.3,Y,3,0,8188,0,0
23,58000,MORTGAGE,3.0,DEBTCONSOLIDATION,5000,7.14,0,0.09,N,2,1,8191,0,0
24,30000,RENT,6.0,EDUCATION,7750,10.99,0,0.26,Y,2,0,8193,0,0
24,33000,RENT,2.0,VENTURE,7750,10.99,1,0.23,N,2,1,8194,1,0
22,48000,RENT,1.0,PERSONAL,7750,7.74,0,0.16,N,2,1,8200,0,0
23,33000,RENT,0.0,PERSONAL,7800,10.95,1,0.24,N,2,1,8206,1,0
25,43000,RENT,2.0,VENTURE,7800,7.14,0,0.18,N,3,1,8220,0,0
23,45000,RENT,0.0,DEBTCONSOLIDATION,7800,12.69,0,0.17,N,4,1,8224,0,0
24,45000,RENT,3.0,PERSONAL,7800,7.51,0,0.17,N,3,1,8225,0,0
22,60000,RENT,6.0,VENTURE,7800,15.21,0,0.13,N,4,1,8230,0,0
24,26000,RENT,3.0,MEDICAL,7850,9.96,0,0.3,N,2,1,8238,0,0
22,32000,RENT,0.0,PERSONAL,7875,14.91,1,0.25,N,2,1,8239,1,1
25,58560,MORTGAGE,9.0,DEBTCONSOLIDATION,5000,10.59,0,0.09,N,4,1,8241,0,0
23,30000,RENT,4.0,DEBTCONSOLIDATION,7925,15.27,0,0.26,Y,4,0,8247,0,1
26,52704,MORTGAGE,8.0,HOMEIMPROVEMENT,3000,10.95,1,0.06,N,4,1,8248,1,0
25,58750,MORTGAGE,6.0,HOMEIMPROVEMENT,6000,15.33,0,0.1,Y,3,0,8249,0,1
22,19200,RENT,4.0,HOMEIMPROVEMENT,8000,16.29,1,0.42,Y,3,0,8256,1,1
22,58896,MORTGAGE,6.0,PERSONAL,9500,6.76,0,0.16,N,3,1,8257,0,0
22,59000,MORTGAGE,6.0,EDUCATION,10000,10.99,0,0.17,N,4,1,8270,0,0
22,59000,MORTGAGE,1.0,MEDICAL,15000,5.99,0,0.25,N,3,1,8274,0,0
22,59000,MORTGAGE,6.0,DEBTCONSOLIDATION,6400,10.99,0,0.11,N,4,1,8276,0,0
24,53000,MORTGAGE,6.0,MEDICAL,5000,15.62,1,0.09,N,4,1,8278,1,1
23,59000,MORTGAGE,7.0,EDUCATION,9000,8.49,0,0.15,N,3,1,8279,0,0
21,59000,MORTGAGE,5.0,PERSONAL,5600,11.49,0,0.09,N,4,1,8293,0,0
26,25000,RENT,1.0,MEDICAL,8000,11.71,1,0.32,N,4,1,8296,1,1
25,25000,RENT,1.0,HOMEIMPROVEMENT,8000,12.42,1,0.32,N,3,1,8297,1,1
23,25200,RENT,1.0,DEBTCONSOLIDATION,8000,12.73,1,0.32,N,4,1,8305,1,1
26,59500,MORTGAGE,9.0,VENTURE,12000,6.62,0,0.2,N,3,1,8317,0,0
24,59500,MORTGAGE,0.0,EDUCATION,4200,10.59,0,0.07,N,2,1,8318,0,1
21,28000,RENT,3.0,EDUCATION,8000,10.99,1,0.29,N,2,1,8321,1,0
23,28000,RENT,8.0,DEBTCONSOLIDATION,8000,7.74,0,0.29,N,4,1,8322,0,0
24,28590,RENT,7.0,MEDICAL,8000,15.65,0,0.28,Y,2,0,8326,0,1
23,59800,MORTGAGE,7.0,VENTURE,15000,15.96,0,0.25,Y,3,0,8331,0,0
22,59959,MORTGAGE,4.0,EDUCATION,6000,10.99,0,0.1,N,3,1,8337,0,0
22,30000,RENT,6.0,MEDICAL,8000,5.42,0,0.27,N,4,1,8344,0,0
26,30000,RENT,1.0,MEDICAL,8000,10.0,0,0.27,N,3,1,8350,0,0
22,30000,RENT,3.0,VENTURE,8000,12.53,0,0.27,N,2,1,8358,0,0
22,30996,RENT,2.0,DEBTCONSOLIDATION,8000,11.49,0,0.26,N,2,1,8368,0,1
26,60000,MORTGAGE,2.0,MEDICAL,18000,13.49,0,0.3,N,4,1,8370,0,0
23,31200,RENT,6.0,VENTURE,8000,11.49,0,0.26,N,4,1,8374,0,0
25,31416,RENT,5.0,PERSONAL,8000,12.61,0,0.25,Y,4,0,8375,0,1
25,32000,RENT,2.0,DEBTCONSOLIDATION,8000,10.62,0,0.25,N,3,1,8379,0,0
24,54000,MORTGAGE,6.0,HOMEIMPROVEMENT,6300,14.65,1,0.12,Y,2,0,8383,1,1
22,34000,RENT,2.0,DEBTCONSOLIDATION,8000,9.91,0,0.24,N,4,1,8385,0,1
22,60000,MORTGAGE,6.0,PERSONAL,10000,8.9,0,0.17,N,4,1,8393,0,0
23,60000,MORTGAGE,0.0,PERSONAL,8000,7.51,0,0.13,N,2,1,8394,0,0
23,60000,OWN,2.0,MEDICAL,5000,6.03,0,0.08,N,3,1,8402,0,0
23,29000,RENT,0.0,VENTURE,8000,18.3,1,0.28,N,2,1,8404,1,1
22,60000,MORTGAGE,1.0,MEDICAL,10000,7.9,0,0.17,N,4,1,8406,0,0
22,35000,RENT,1.0,VENTURE,8000,12.41,0,0.23,N,3,1,8407,0,0
25,60000,MORTGAGE,4.0,VENTURE,14000,7.9,0,0.23,N,2,1,8409,0,0
23,35004,RENT,7.0,VENTURE,8000,10.99,0,0.23,N,3,1,8413,0,0
22,30000,RENT,2.0,DEBTCONSOLIDATION,8000,11.11,1,0.27,N,3,1,8420,1,0
24,60000,MORTGAGE,4.0,EDUCATION,4000,7.9,0,0.07,N,3,1,8435,0,0
23,60000,MORTGAGE,7.0,PERSONAL,6000,8.9,0,0.1,N,4,1,8440,0,0
25,31008,RENT,7.0,MEDICAL,8000,10.99,1,0.26,N,3,1,8442,1,0
23,37440,RENT,8.0,EDUCATION,8000,14.18,0,0.21,N,2,1,8445,0,0
22,60000,MORTGAGE,6.0,EDUCATION,16800,11.99,0,0.28,N,3,1,8451,0,0
22,60000,MORTGAGE,6.0,DEBTCONSOLIDATION,18000,12.99,0,0.3,N,2,1,8454,0,0
23,60000,MORTGAGE,5.0,EDUCATION,8850,6.99,0,0.15,N,3,1,8466,0,0
23,38000,RENT,0.0,MEDICAL,8000,6.17,0,0.21,N,2,1,8468,0,0
22,38400,RENT,6.0,EDUCATION,8000,7.88,0,0.21,N,4,1,8470,0,0
26,39000,RENT,2.0,DEBTCONSOLIDATION,8000,6.62,0,0.21,N,2,1,8473,0,0
25,60000,MORTGAGE,9.0,VENTURE,15000,8.49,0,0.25,N,3,1,8474,0,0
26,54000,MORTGAGE,11.0,DEBTCONSOLIDATION,4800,11.49,1,0.09,N,2,1,8477,1,0
22,60000,MORTGAGE,2.0,EDUCATION,3500,9.99,0,0.06,N,2,1,8478,0,0
22,39860,RENT,6.0,PERSONAL,8000,11.11,0,0.2,N,3,1,8479,0,0
24,60000,MORTGAGE,8.0,MEDICAL,17000,7.49,0,0.28,N,2,1,8481,0,0
22,60000,MORTGAGE,5.0,VENTURE,5600,7.49,0,0.09,N,3,1,8489,0,0
21,40000,RENT,2.0,DEBTCONSOLIDATION,8000,9.63,0,0.2,N,2,1,8492,0,0
25,60000,OWN,1.0,DEBTCONSOLIDATION,10000,16.49,0,0.17,N,3,1,8504,0,0
25,60000,MORTGAGE,2.0,MEDICAL,12500,11.49,0,0.21,N,2,1,8510,0,0
23,36000,RENT,2.0,MEDICAL,8000,7.51,1,0.22,N,2,1,8517,1,0
22,60000,MORTGAGE,6.0,EDUCATION,2800,10.99,0,0.05,N,4,1,8525,0,0
22,60000,MORTGAGE,2.0,MEDICAL,10000,10.99,0,0.17,N,2,1,8528,0,0
23,60000,MORTGAGE,6.0,VENTURE,10000,5.42,0,0.17,N,4,1,8530,0,0
23,42000,RENT,1.0,VENTURE,8000,12.84,0,0.19,N,4,1,8537,0,1
25,42500,RENT,1.0,PERSONAL,8000,10.99,0,0.19,Y,4,0,8538,0,0
22,60000,MORTGAGE,6.0,EDUCATION,2500,6.99,0,0.04,N,3,1,8543,0,0
24,60000,MORTGAGE,2.0,MEDICAL,12000,9.99,0,0.2,N,2,1,8546,0,0
25,54000,MORTGAGE,4.0,EDUCATION,12000,17.49,1,0.22,N,4,1,8557,1,1
26,60000,MORTGAGE,10.0,EDUCATION,7875,7.66,0,0.13,N,3,1,8564,0,0
26,45000,RENT,3.0,PERSONAL,8000,15.33,0,0.18,Y,4,0,8565,0,0
22,60000,MORTGAGE,7.0,EDUCATION,10950,11.11,0,0.18,N,3,1,8568,0,0
24,60000,MORTGAGE,8.0,MEDICAL,13000,7.29,0,0.22,N,2,1,8569,0,0
23,60000,OWN,3.0,MEDICAL,10000,6.92,0,0.17,N,4,1,8570,0,0
22,45996,RENT,2.0,EDUCATION,8000,7.51,0,0.17,N,3,1,8578,0,0
26,60000,MORTGAGE,10.0,MEDICAL,5000,6.92,0,0.08,N,4,1,8582,0,0
22,60000,MORTGAGE,2.0,PERSONAL,10000,10.99,0,0.17,N,4,1,8592,0,0
26,60000,MORTGAGE,6.0,PERSONAL,3050,7.29,0,0.05,N,3,1,8596,0,0
24,48500,RENT,5.0,MEDICAL,8000,15.96,0,0.16,N,3,1,8615,0,0
26,48701,RENT,3.0,MEDICAL,8000,11.48,0,0.16,N,4,1,8617,0,0
23,60000,MORTGAGE,7.0,PERSONAL,12000,10.99,0,0.2,N,4,1,8639,0,0
23,60000,MORTGAGE,6.0,PERSONAL,2000,10.36,0,0.03,N,2,1,8647,0,0
24,50000,RENT,0.0,EDUCATION,8000,7.74,0,0.16,N,4,1,8648,0,0
21,50400,RENT,4.0,VENTURE,8000,15.62,0,0.16,Y,2,0,8658,0,0
26,60000,MORTGAGE,4.0,EDUCATION,7000,9.62,0,0.12,N,3,1,8659,0,0
25,51996,RENT,6.0,MEDICAL,8000,10.37,0,0.15,N,2,1,8663,0,0
24,52000,RENT,2.0,MEDICAL,8000,7.51,0,0.15,N,4,1,8665,0,0
26,46000,RENT,3.0,PERSONAL,8000,14.42,1,0.17,N,2,1,8668,1,0
24,46500,RENT,2.0,HOMEIMPROVEMENT,8000,15.23,1,0.17,Y,2,0,8675,1,1
21,60000,OWN,0.0,VENTURE,16000,10.99,0,0.27,N,2,1,8677,0,0
23,48000,RENT,3.0,DEBTCONSOLIDATION,8000,15.58,1,0.17,N,2,1,8684,1,1
22,54600,RENT,6.0,DEBTCONSOLIDATION,8000,7.51,0,0.15,N,2,1,8690,0,0
22,48996,RENT,0.0,PERSONAL,8000,14.96,1,0.16,Y,2,0,8692,1,1
23,54000,MORTGAGE,2.0,MEDICAL,7500,15.58,1,0.14,N,2,1,8694,1,1
23,50000,RENT,7.0,DEBTCONSOLIDATION,8000,16.02,1,0.16,N,3,1,8718,1,1
24,60000,MORTGAGE,9.0,PERSONAL,5000,7.88,0,0.08,N,4,1,8726,0,0
24,58033,RENT,4.0,VENTURE,8000,10.62,0,0.14,N,2,1,8739,0,0
22,60000,RENT,2.0,EDUCATION,8000,10.0,0,0.13,N,4,1,8745,0,0
22,60000,RENT,6.0,MEDICAL,8000,7.88,0,0.13,N,2,1,8755,0,0
24,60000,RENT,3.0,HOMEIMPROVEMENT,8000,14.59,0,0.13,Y,3,0,8760,0,0
23,60000,RENT,2.0,EDUCATION,8000,8.94,0,0.13,N,3,1,8761,0,0
21,60000,MORTGAGE,4.0,EDUCATION,12000,11.36,0,0.2,N,3,1,8763,0,0
26,55700,RENT,2.0,HOMEIMPROVEMENT,8000,13.49,1,0.14,Y,4,0,8777,1,0
23,54000,MORTGAGE,7.0,DEBTCONSOLIDATION,5000,14.96,1,0.09,Y,2,0,8780,1,1
22,52000,RENT,3.0,EDUCATION,5200,10.99,0,0.1,Y,4,0,8781,0,0
22,60000,MORTGAGE,6.0,VENTURE,7000,7.14,0,0.12,N,3,1,8784,0,0
22,54000,MORTGAGE,6.0,HOMEIMPROVEMENT,12000,13.48,1,0.22,N,2,1,8786,1,1
23,15000,RENT,3.0,DEBTCONSOLIDATION,5175,12.18,1,0.34,N,2,1,8790,1,1
24,53000,RENT,5.0,EDUCATION,5100,7.9,0,0.1,N,2,1,8807,0,0
22,36000,RENT,4.0,DEBTCONSOLIDATION,5075,10.99,0,0.14,N,2,1,8812,0,0
24,10668,RENT,0.0,HOMEIMPROVEMENT,5000,7.88,1,0.47,N,3,1,8822,1,1
25,15600,RENT,6.0,MEDICAL,5000,10.75,1,0.32,N,3,1,8842,1,1
23,60000,MORTGAGE,7.0,PERSONAL,9500,12.53,0,0.16,N,2,1,8844,0,0
26,60000,MORTGAGE,5.0,EDUCATION,6000,11.83,0,0.1,N,2,1,8850,0,0
22,54000,MORTGAGE,0.0,EDUCATION,4000,11.14,1,0.07,N,3,1,8853,1,0
22,60000,MORTGAGE,6.0,PERSONAL,12900,11.14,0,0.21,N,4,1,8858,0,0
23,60000,MORTGAGE,6.0,EDUCATION,11500,11.26,0,0.19,N,2,1,8869,0,0
21,19968,RENT,4.0,MEDICAL,5000,10.99,1,0.25,N,3,1,8870,1,1
24,60000,MORTGAGE,8.0,PERSONAL,10000,14.42,0,0.17,N,4,1,8871,0,0
22,60000,MORTGAGE,6.0,MEDICAL,9000,13.79,0,0.15,Y,2,0,8875,0,0
21,20000,RENT,2.0,DEBTCONSOLIDATION,5000,10.39,0,0.25,N,2,1,8877,0,0
22,60000,MORTGAGE,4.0,EDUCATION,16750,12.53,0,0.28,N,2,1,8879,0,0
22,60000,MORTGAGE,3.0,VENTURE,10000,8.0,0,0.17,N,4,1,8880,0,0
24,54000,MORTGAGE,9.0,MEDICAL,10000,9.63,1,0.19,N,2,1,8883,1,0
26,21600,RENT,0.0,DEBTCONSOLIDATION,5000,9.99,0,0.23,N,4,1,8891,0,0
23,21600,RENT,5.0,PERSONAL,5000,13.06,1,0.23,Y,4,0,8893,1,0
26,54000,MORTGAGE,2.0,DEBTCONSOLIDATION,8000,11.89,1,0.15,N,2,1,8895,1,0
23,60000,MORTGAGE,0.0,PERSONAL,10000,11.26,0,0.17,N,3,1,8897,0,0
22,60000,MORTGAGE,2.0,EDUCATION,1000,9.63,0,0.02,N,3,1,8899,0,0
25,60000,MORTGAGE,9.0,HOMEIMPROVEMENT,10000,10.83,0,0.17,N,4,1,8901,0,0
23,22944,RENT,7.0,EDUCATION,5000,11.11,0,0.22,N,3,1,8904,0,0
23,24000,RENT,0.0,HOMEIMPROVEMENT,5000,14.27,1,0.21,Y,2,0,8908,1,1
22,60000,MORTGAGE,6.0,EDUCATION,1600,11.66,0,0.03,N,4,1,8909,0,0
22,60000,MORTGAGE,1.0,EDUCATION,7500,11.66,0,0.13,N,2,1,8919,0,0
23,60000,MORTGAGE,7.0,DEBTCONSOLIDATION,6000,9.45,0,0.1,N,2,1,8920,0,0
23,24000,RENT,1.0,VENTURE,5000,11.48,0,0.21,N,4,1,8929,0,0
22,24044,RENT,2.0,PERSONAL,5000,8.9,0,0.21,N,3,1,8931,0,0
24,60204,MORTGAGE,8.0,PERSONAL,10000,7.49,0,0.17,N,4,1,8932,0,0
24,60400,OWN,5.0,VENTURE,5500,8.0,0,0.09,N,2,1,8939,0,0
24,54417,MORTGAGE,1.0,MEDICAL,9525,11.66,1,0.18,Y,3,0,8940,1,0
22,60612,MORTGAGE,2.0,MEDICAL,18000,13.72,0,0.3,Y,3,0,8952,0,0
24,26400,RENT,5.0,MEDICAL,5000,7.9,0,0.19,N,4,1,8960,0,0
21,26400,RENT,2.0,EDUCATION,5000,13.49,0,0.19,Y,2,0,8961,0,0
25,61000,OWN,2.0,EDUCATION,15000,14.65,0,0.25,Y,3,0,8962,0,0
21,61000,MORTGAGE,6.0,PERSONAL,6000,10.99,0,0.1,N,3,1,8971,0,0
21,27200,RENT,0.0,MEDICAL,5000,10.99,0,0.18,N,3,1,8976,0,0
26,55000,MORTGAGE,4.0,DEBTCONSOLIDATION,10000,7.51,1,0.18,N,3,1,8994,1,0
24,56400,RENT,4.0,MEDICAL,8000,14.96,1,0.14,Y,2,0,9002,1,1
24,64000,RENT,8.0,HOMEIMPROVEMENT,8000,7.9,0,0.13,N,2,1,9006,0,0
23,64000,RENT,5.0,VENTURE,8000,10.0,0,0.13,N,2,1,9008,0,0
24,61193,MORTGAGE,5.0,EDUCATION,6400,8.59,0,0.1,N,3,1,9011,0,0
23,61200,MORTGAGE,2.0,DEBTCONSOLIDATION,10000,7.88,0,0.16,N,3,1,9020,0,0
24,55200,MORTGAGE,0.0,MEDICAL,6000,14.42,1,0.11,Y,2,0,9022,1,1
24,61200,MORTGAGE,5.0,EDUCATION,5100,10.51,0,0.08,N,2,1,9024,0,1
22,55200,MORTGAGE,6.0,HOMEIMPROVEMENT,7200,10.99,1,0.13,N,4,1,9025,1,1
24,55200,MORTGAGE,8.0,EDUCATION,9600,10.78,1,0.17,N,4,1,9026,1,0
23,55400,MORTGAGE,1.0,MEDICAL,5500,14.61,1,0.1,N,2,1,9036,1,1
23,61498,MORTGAGE,5.0,PERSONAL,5000,11.36,0,0.08,N,2,1,9040,0,0
22,70000,RENT,6.0,EDUCATION,8000,6.99,0,0.11,N,2,1,9055,0,0
25,64000,RENT,7.0,DEBTCONSOLIDATION,8000,15.28,1,0.13,Y,4,0,9057,1,1
23,70000,RENT,4.0,EDUCATION,8000,16.02,0,0.11,N,2,1,9058,0,0
22,70000,RENT,0.0,EDUCATION,8000,7.66,0,0.11,N,4,1,9060,0,0
23,62000,MORTGAGE,3.0,VENTURE,4000,8.9,0,0.06,N,2,1,9061,0,0
22,64000,RENT,0.0,PERSONAL,8000,14.84,1,0.13,N,2,1,9062,1,1
25,70000,RENT,3.0,PERSONAL,8000,14.26,0,0.11,N,4,1,9064,0,0
23,62000,MORTGAGE,6.0,EDUCATION,1800,11.71,0,0.03,N,3,1,9068,0,0
22,66000,RENT,6.0,HOMEIMPROVEMENT,8000,14.65,1,0.12,Y,4,0,9073,1,1
23,62000,OWN,2.0,VENTURE,5575,10.99,0,0.09,N,3,1,9084,0,0
26,74000,RENT,2.0,EDUCATION,8000,13.92,0,0.11,N,3,1,9086,0,0
23,62000,MORTGAGE,3.0,MEDICAL,9000,10.99,0,0.15,N,4,1,9093,0,0
25,69000,RENT,1.0,HOMEIMPROVEMENT,8000,13.99,1,0.12,Y,2,0,9097,1,1
25,76460,RENT,1.0,MEDICAL,8000,6.03,0,0.1,N,3,1,9100,0,0
23,56000,MORTGAGE,7.0,VENTURE,8000,14.54,1,0.14,Y,2,0,9105,1,0
25,74000,RENT,9.0,HOMEIMPROVEMENT,8000,7.29,1,0.11,N,3,1,9113,1,0
22,62000,MORTGAGE,6.0,EDUCATION,17000,6.91,0,0.27,N,3,1,9118,0,0
25,56000,MORTGAGE,7.0,HOMEIMPROVEMENT,2000,11.49,1,0.04,N,3,1,9123,1,0
25,62000,MORTGAGE,9.0,EDUCATION,2100,11.86,0,0.03,N,2,1,9125,0,0
24,56000,MORTGAGE,1.0,VENTURE,10000,14.35,1,0.18,N,4,1,9126,1,0
22,84996,RENT,2.0,PERSONAL,8000,13.92,0,0.09,Y,3,0,9128,0,0
22,86004,RENT,6.0,EDUCATION,8000,13.92,0,0.09,Y,2,0,9134,0,0
23,62000,MORTGAGE,2.0,VENTURE,5000,13.57,0,0.08,Y,3,0,9141,0,0
22,90000,RENT,0.0,EDUCATION,8000,7.49,0,0.09,N,3,1,9146,0,0
23,62000,MORTGAGE,4.0,VENTURE,9600,9.2,0,0.15,N,2,1,9159,0,0
25,95000,RENT,0.0,DEBTCONSOLIDATION,8000,10.36,0,0.08,N,3,1,9163,0,0
22,95004,RENT,0.0,EDUCATION,8000,12.61,0,0.08,Y,4,0,9165,0,0
25,56004,MORTGAGE,5.0,DEBTCONSOLIDATION,8000,11.71,1,0.14,N,3,1,9167,1,0
24,56004,MORTGAGE,5.0,DEBTCONSOLIDATION,6000,10.0,1,0.11,N,3,1,9170,1,0
24,105000,RENT,8.0,DEBTCONSOLIDATION,8000,7.51,0,0.08,N,3,1,9183,0,0
26,81600,RENT,10.0,MEDICAL,8000,16.29,1,0.08,Y,3,0,9186,1,1
24,110000,RENT,4.0,PERSONAL,8000,5.99,0,0.07,N,3,1,9189,0,0
24,116664,RENT,8.0,VENTURE,8000,16.49,0,0.07,N,3,1,9192,0,0
25,108000,RENT,5.0,DEBTCONSOLIDATION,8000,16.77,1,0.07,N,3,1,9194,1,1
25,120000,RENT,1.0,EDUCATION,8000,10.99,0,0.07,N,3,1,9195,0,0
23,120000,RENT,4.0,EDUCATION,8000,14.61,0,0.07,Y,4,0,9199,0,0
23,130000,RENT,3.0,MEDICAL,8000,11.99,0,0.06,N,3,1,9205,0,0
25,135000,RENT,9.0,VENTURE,8000,10.99,0,0.06,N,3,1,9207,0,0
21,25000,RENT,0.0,EDUCATION,8125,7.9,1,0.33,N,3,1,9224,1,1
25,62496,MORTGAGE,1.0,HOMEIMPROVEMENT,8000,7.51,0,0.13,N,2,1,9225,0,0
22,62500,MORTGAGE,6.0,PERSONAL,10000,5.99,0,0.16,N,3,1,9233,0,0
25,34000,RENT,4.0,VENTURE,8200,12.21,0,0.24,N,4,1,9234,0,0
24,62500,MORTGAGE,2.0,VENTURE,6000,5.79,0,0.1,N,2,1,9235,0,0
24,40944,RENT,0.0,MEDICAL,8200,11.36,0,0.2,N,2,1,9237,0,0
23,30000,RENT,5.0,MEDICAL,8250,7.51,0,0.28,N,4,1,9242,0,0
23,62500,MORTGAGE,7.0,VENTURE,4000,7.43,0,0.06,N,3,1,9246,0,0
25,30000,RENT,0.0,HOMEIMPROVEMENT,8300,8.9,1,0.28,N,3,1,9253,1,1
22,45020,RENT,6.0,EDUCATION,8300,10.99,0,0.18,N,4,1,9254,0,0
21,30000,RENT,5.0,EDUCATION,8400,6.03,0,0.28,N,3,1,9264,0,0
24,63000,MORTGAGE,0.0,VENTURE,6000,9.91,0,0.1,N,4,1,9266,0,0
24,31200,RENT,2.0,VENTURE,8400,13.23,0,0.27,N,3,1,9267,0,0
22,32000,RENT,3.0,EDUCATION,8400,11.49,0,0.26,N,4,1,9270,0,0
25,63000,MORTGAGE,6.0,VENTURE,11000,10.99,0,0.17,Y,3,0,9273,0,0
25,36000,RENT,9.0,PERSONAL,8400,18.64,0,0.23,Y,4,0,9282,0,0
23,30000,RENT,1.0,EDUCATION,8400,10.99,1,0.28,N,3,1,9284,1,0
22,41000,RENT,0.0,EDUCATION,8400,8.94,0,0.2,N,2,1,9287,0,0
22,63000,OWN,6.0,EDUCATION,9000,10.99,0,0.14,N,4,1,9289,0,0
26,35500,RENT,10.0,DEBTCONSOLIDATION,8400,17.27,1,0.24,N,4,1,9293,1,1
23,39000,RENT,5.0,PERSONAL,8400,13.79,1,0.22,N,2,1,9301,1,0
26,47000,RENT,2.0,VENTURE,8400,11.83,0,0.18,N,4,1,9303,0,0
22,51420,RENT,6.0,PERSONAL,8400,11.97,0,0.16,Y,3,0,9311,0,0
26,51996,RENT,8.0,MEDICAL,8400,13.99,0,0.16,Y,2,0,9312,0,0
24,63000,OWN,0.0,HOMEIMPROVEMENT,17600,8.94,0,0.28,N,4,1,9313,0,0
23,52000,RENT,2.0,EDUCATION,8400,6.17,0,0.16,N,3,1,9314,0,0
22,63000,MORTGAGE,2.0,DEBTCONSOLIDATION,4000,10.99,0,0.06,N,2,1,9317,0,0
25,63000,MORTGAGE,3.0,EDUCATION,3000,13.47,0,0.05,N,2,1,9324,0,0
25,60000,RENT,9.0,MEDICAL,8400,13.99,0,0.14,Y,3,0,9331,0,0
26,65004,RENT,3.0,VENTURE,8400,7.51,0,0.13,N,3,1,9349,0,0
23,61000,RENT,2.0,PERSONAL,8400,14.84,1,0.14,N,2,1,9351,1,1
26,68926,RENT,4.0,PERSONAL,8400,17.27,0,0.12,N,2,1,9353,0,0
25,63300,MORTGAGE,0.0,EDUCATION,17600,12.53,0,0.28,Y,4,0,9354,0,0
26,140000,RENT,5.0,VENTURE,8400,12.53,0,0.06,N,2,1,9366,0,0
26,18000,RENT,2.0,DEBTCONSOLIDATION,8500,14.27,1,0.47,N,3,1,9367,1,1
22,42000,RENT,3.0,MEDICAL,8550,11.99,0,0.2,N,2,1,9376,0,0
22,63996,MORTGAGE,6.0,DEBTCONSOLIDATION,4000,5.42,0,0.06,N,4,1,9381,0,0
25,55000,RENT,0.0,DEBTCONSOLIDATION,8575,14.65,0,0.16,N,3,1,9384,0,0
22,40000,RENT,0.0,VENTURE,8600,7.66,0,0.21,N,2,1,9389,0,0
24,64000,MORTGAGE,5.0,VENTURE,12000,16.77,0,0.19,N,2,1,9391,0,0
24,64000,MORTGAGE,5.0,DEBTCONSOLIDATION,5200,7.9,0,0.08,N,3,1,9400,0,0
25,64000,MORTGAGE,9.0,HOMEIMPROVEMENT,9000,5.99,0,0.14,N,2,1,9401,0,0
23,64000,MORTGAGE,7.0,DEBTCONSOLIDATION,8000,10.99,0,0.13,N,2,1,9403,0,0
22,64000,MORTGAGE,6.0,EDUCATION,6000,10.99,0,0.09,N,4,1,9405,0,0
23,64000,MORTGAGE,4.0,VENTURE,5550,7.29,0,0.09,N,4,1,9410,0,0
24,64000,MORTGAGE,3.0,MEDICAL,13225,10.37,0,0.21,N,3,1,9413,0,0
22,64000,MORTGAGE,4.0,PERSONAL,14000,13.23,0,0.22,Y,3,0,9420,0,0
22,64000,MORTGAGE,2.0,EDUCATION,25000,11.83,0,0.39,N,4,1,9427,0,0
22,25600,RENT,5.0,VENTURE,9000,8.9,1,0.35,N,4,1,9430,1,1
22,26000,RENT,0.0,DEBTCONSOLIDATION,9000,12.73,1,0.35,N,4,1,9433,1,1
23,26976,RENT,4.0,PERSONAL,9000,7.51,1,0.33,N,4,1,9441,1,1
22,30000,RENT,0.0,HOMEIMPROVEMENT,9000,13.49,1,0.3,Y,4,0,9444,1,1
21,30000,RENT,5.0,MEDICAL,9000,12.99,0,0.3,Y,2,0,9447,0,1
26,64260,MORTGAGE,3.0,MEDICAL,4500,8.94,0,0.07,N,2,1,9451,0,0
22,64312,MORTGAGE,4.0,VENTURE,5000,14.91,0,0.08,Y,4,0,9452,0,0
25,64500,OWN,4.0,PERSONAL,12000,13.48,0,0.19,Y,4,0,9459,0,0
24,34000,RENT,0.0,DEBTCONSOLIDATION,9000,11.83,0,0.26,N,4,1,9468,0,0
23,64800,MORTGAGE,7.0,PERSONAL,4000,13.99,0,0.06,Y,2,0,9478,0,0
24,64800,MORTGAGE,5.0,VENTURE,11000,5.79,0,0.17,N,3,1,9480,0,0
25,65000,MORTGAGE,0.0,VENTURE,12000,7.9,0,0.18,N,4,1,9501,0,0
23,33359,RENT,2.0,EDUCATION,9000,10.99,1,0.27,N,4,1,9506,1,0
26,65000,MORTGAGE,11.0,VENTURE,12000,7.9,0,0.18,N,2,1,9519,0,0
23,65000,MORTGAGE,0.0,PERSONAL,12000,7.9,0,0.18,N,3,1,9520,0,0
24,65000,MORTGAGE,8.0,DEBTCONSOLIDATION,6600,10.65,0,0.1,N,2,1,9523,0,0
23,42000,RENT,3.0,DEBTCONSOLIDATION,9000,7.51,0,0.21,N,4,1,9531,0,0
23,65000,MORTGAGE,7.0,DEBTCONSOLIDATION,7425,6.03,0,0.11,N,4,1,9532,0,0
24,65000,MORTGAGE,9.0,PERSONAL,4200,15.27,0,0.06,N,2,1,9536,0,1
26,43000,RENT,0.0,PERSONAL,9000,13.85,0,0.21,Y,4,0,9538,0,0
22,45000,RENT,7.0,PERSONAL,9000,7.9,0,0.2,N,3,1,9549,0,0
22,65000,MORTGAGE,6.0,EDUCATION,12800,5.99,0,0.2,N,4,1,9553,0,0
26,65000,OWN,1.0,HOMEIMPROVEMENT,4800,13.49,0,0.07,Y,2,0,9555,0,0
25,39512,RENT,3.0,VENTURE,9000,15.23,1,0.23,N,4,1,9561,1,0
24,46704,RENT,2.0,EDUCATION,9000,11.49,0,0.19,N,4,1,9571,0,0
22,49500,RENT,0.0,PERSONAL,9000,14.35,0,0.18,Y,4,0,9580,0,0
24,65000,MORTGAGE,1.0,PERSONAL,6000,10.99,0,0.09,N,2,1,9584,0,0
26,50760,RENT,3.0,DEBTCONSOLIDATION,9000,8.94,0,0.18,N,2,1,9590,0,0
23,65000,MORTGAGE,5.0,DEBTCONSOLIDATION,2275,10.99,0,0.04,N,2,1,9592,0,0
23,65000,MORTGAGE,0.0,EDUCATION,8500,15.23,0,0.13,Y,3,0,9598,0,0
24,65000,MORTGAGE,3.0,EDUCATION,8000,5.99,0,0.12,N,2,1,9604,0,0
22,65000,MORTGAGE,6.0,DEBTCONSOLIDATION,8000,6.99,0,0.12,N,3,1,9606,0,0
24,65000,MORTGAGE,7.0,PERSONAL,1525,5.42,0,0.02,N,3,1,9613,0,0
23,65000,MORTGAGE,2.0,DEBTCONSOLIDATION,7000,8.49,0,0.11,N,3,1,9618,0,0
22,54000,RENT,4.0,DEBTCONSOLIDATION,9000,15.96,0,0.17,Y,3,0,9620,0,1
26,65000,MORTGAGE,0.0,DEBTCONSOLIDATION,4000,5.42,0,0.06,N,3,1,9621,0,0
24,65000,MORTGAGE,8.0,HOMEIMPROVEMENT,2000,5.42,0,0.03,N,3,1,9625,0,0
26,55000,RENT,0.0,VENTURE,9000,10.99,0,0.16,N,2,1,9632,0,0
24,65000,MORTGAGE,8.0,MEDICAL,10000,5.79,0,0.15,N,2,1,9634,0,0
24,65000,MORTGAGE,8.0,HOMEIMPROVEMENT,10000,7.66,0,0.15,N,4,1,9645,0,0
26,29000,RENT,10.0,DEBTCONSOLIDATION,9200,7.49,1,0.32,N,3,1,9647,1,1
21,30000,RENT,6.0,DEBTCONSOLIDATION,9200,6.62,1,0.31,N,3,1,9648,1,1
23,65000,MORTGAGE,7.0,VENTURE,13750,9.62,0,0.21,N,3,1,9654,0,0
23,65000,MORTGAGE,0.0,VENTURE,7300,9.99,0,0.11,N,3,1,9656,0,0
25,59000,MORTGAGE,4.0,HOMEIMPROVEMENT,3600,12.98,1,0.06,N,3,1,9661,1,1
21,13000,RENT,0.0,DEBTCONSOLIDATION,9250,12.53,1,0.71,N,3,1,9666,1,1
25,65000,OWN,1.0,VENTURE,12000,12.61,0,0.18,Y,4,0,9667,0,0
25,25716,RENT,1.0,MEDICAL,9250,6.54,1,0.36,N,3,1,9672,1,1
24,65000,OWN,6.0,EDUCATION,3500,6.76,0,0.05,N,4,1,9679,0,0
25,65000,MORTGAGE,2.0,MEDICAL,10000,10.75,0,0.15,N,4,1,9683,0,0
25,65000,MORTGAGE,1.0,PERSONAL,15000,11.12,0,0.23,N,4,1,9685,0,0
23,36707,RENT,3.0,PERSONAL,9250,16.32,0,0.25,Y,4,0,9693,0,0
24,65000,MORTGAGE,6.0,PERSONAL,11000,11.49,0,0.17,N,2,1,9694,0,0
24,65000,MORTGAGE,5.0,VENTURE,8000,7.51,0,0.12,N,4,1,9709,0,0
22,65000,MORTGAGE,6.0,VENTURE,6000,10.99,0,0.09,N,2,1,9712,0,0
23,50400,RENT,5.0,EDUCATION,9400,9.99,0,0.19,N,4,1,9720,0,0
23,65000,MORTGAGE,2.0,DEBTCONSOLIDATION,4400,11.36,0,0.07,N,4,1,9722,0,0
21,26000,RENT,1.0,DEBTCONSOLIDATION,9450,16.77,1,0.36,N,2,1,9725,1,1
24,65000,MORTGAGE,7.0,VENTURE,14000,15.31,0,0.22,Y,4,0,9728,0,0
26,65000,OWN,3.0,MEDICAL,7000,13.92,0,0.11,Y,3,0,9731,0,0
21,20000,RENT,2.0,VENTURE,9500,8.9,1,0.47,N,4,1,9733,1,1
24,23040,RENT,0.0,DEBTCONSOLIDATION,9500,19.04,1,0.41,Y,4,0,9736,1,1
24,28000,RENT,1.0,MEDICAL,9500,5.99,1,0.34,N,3,1,9738,1,1
24,37157,RENT,4.0,MEDICAL,9500,10.99,0,0.26,N,2,1,9743,0,0
24,65000,MORTGAGE,1.0,MEDICAL,10000,8.59,0,0.15,N,3,1,9744,0,0
24,48602,RENT,0.0,MEDICAL,9500,12.73,0,0.2,N,4,1,9758,0,0
26,65000,MORTGAGE,6.0,MEDICAL,9250,10.99,0,0.14,N,2,1,9763,0,0
23,65000,MORTGAGE,2.0,EDUCATION,15000,10.95,0,0.23,N,3,1,9767,0,0
22,56400,RENT,2.0,DEBTCONSOLIDATION,9500,8.9,0,0.17,N,4,1,9769,0,0
21,24000,RENT,4.0,HOMEIMPROVEMENT,9600,14.27,1,0.4,N,4,1,9790,1,1
23,65000,MORTGAGE,7.0,EDUCATION,4000,7.75,0,0.06,N,2,1,9792,0,0
23,65000,MORTGAGE,0.0,PERSONAL,12800,8.38,0,0.2,N,2,1,9793,0,0
21,28800,RENT,1.0,EDUCATION,9600,10.37,1,0.33,N,3,1,9798,1,1
23,33280,RENT,2.0,VENTURE,9600,10.99,0,0.29,N,4,1,9801,0,0
25,65004,MORTGAGE,9.0,MEDICAL,4500,6.92,0,0.07,N,2,1,9803,0,0
22,65004,MORTGAGE,5.0,EDUCATION,6500,10.99,0,0.1,N,2,1,9804,0,0
25,34000,RENT,3.0,MEDICAL,9600,7.88,0,0.28,N,4,1,9807,0,0
25,34000,RENT,7.0,PERSONAL,9600,14.54,1,0.28,N,2,1,9826,1,1
24,65158,MORTGAGE,9.0,VENTURE,18000,10.25,0,0.28,N,4,1,9828,0,0
22,40000,RENT,0.0,MEDICAL,9600,14.72,0,0.24,Y,2,0,9829,0,0
22,65200,MORTGAGE,1.0,DEBTCONSOLIDATION,4000,7.14,0,0.06,N,4,1,9830,0,0
24,65544,OWN,4.0,EDUCATION,5000,10.74,0,0.08,N,2,1,9845,0,0
21,65592,MORTGAGE,5.0,EDUCATION,3600,15.99,0,0.05,Y,3,0,9846,0,0
21,45000,RENT,3.0,MEDICAL,9600,12.18,0,0.21,N,3,1,9848,0,0
22,65856,MORTGAGE,6.0,MEDICAL,16800,13.92,0,0.26,N,2,1,9856,0,0
24,50500,RENT,7.0,HOMEIMPROVEMENT,9600,10.99,0,0.19,N,2,1,9861,0,0
25,49000,RENT,10.0,EDUCATION,9600,7.51,1,0.2,N,2,1,9877,1,1
22,60000,RENT,4.0,PERSONAL,9600,7.9,0,0.16,N,3,1,9887,0,0
26,66000,MORTGAGE,7.0,PERSONAL,4000,11.99,0,0.06,N,2,1,9889,0,0
21,66000,MORTGAGE,5.0,MEDICAL,18000,6.91,0,0.27,N,3,1,9908,0,0
24,69996,RENT,1.0,EDUCATION,9600,11.71,0,0.14,N,4,1,9911,0,0
25,71000,RENT,5.0,HOMEIMPROVEMENT,9600,5.79,0,0.14,N,4,1,9920,0,0
24,66000,MORTGAGE,5.0,DEBTCONSOLIDATION,13000,10.25,0,0.2,N,2,1,9925,0,0
21,66000,MORTGAGE,4.0,DEBTCONSOLIDATION,7000,7.88,0,0.11,N,2,1,9928,0,0
23,60000,MORTGAGE,5.0,DEBTCONSOLIDATION,5600,14.22,1,0.09,Y,4,0,9931,1,0
23,80000,RENT,2.0,PERSONAL,9600,7.88,0,0.12,N,4,1,9932,0,0
23,66000,MORTGAGE,1.0,EDUCATION,13200,11.14,0,0.2,N,4,1,9935,0,0
25,80000,RENT,2.0,EDUCATION,9600,12.21,0,0.12,N,4,1,9936,0,0
25,78000,RENT,0.0,DEBTCONSOLIDATION,9600,14.11,1,0.12,Y,4,0,9951,1,1
25,66252,OWN,10.0,MEDICAL,5000,12.53,0,0.08,Y,4,0,9955,0,0
22,66396,MORTGAGE,6.0,EDUCATION,15000,13.48,0,0.23,N,2,1,9957,0,0
23,66480,OWN,6.0,EDUCATION,4000,8.32,0,0.06,N,2,1,9960,0,0
25,66500,MORTGAGE,9.0,DEBTCONSOLIDATION,5000,9.63,0,0.08,N,3,1,9961,0,0
22,66996,MORTGAGE,6.0,EDUCATION,6000,10.37,0,0.09,N,3,1,9976,0,0
22,20008,RENT,2.0,EDUCATION,10000,10.95,1,0.5,N,2,1,9985,1,1
21,21000,RENT,2.0,EDUCATION,10000,11.71,1,0.48,N,2,1,9986,1,1
24,67000,OWN,2.0,MEDICAL,16000,12.69,0,0.24,N,4,1,9987,0,0
22,21000,RENT,4.0,EDUCATION,10000,13.72,1,0.48,Y,2,0,9988,1,1
26,22000,RENT,10.0,VENTURE,10000,9.63,1,0.45,N,4,1,9998,1,1
22,23000,RENT,6.0,MEDICAL,10000,9.88,1,0.43,N,2,1,10003,1,1
21,24000,RENT,5.0,EDUCATION,10000,10.99,1,0.42,N,2,1,10009,1,1
24,67000,MORTGAGE,2.0,HOMEIMPROVEMENT,12150,10.37,0,0.18,N,3,1,10012,0,0
24,24000,RENT,3.0,VENTURE,10000,8.7,1,0.42,N,2,1,10020,1,1
22,24996,RENT,3.0,MEDICAL,10000,8.94,1,0.4,N,4,1,10026,1,1
22,67145,MORTGAGE,2.0,EDUCATION,10000,10.62,0,0.15,N,4,1,10036,0,0
24,61200,MORTGAGE,8.0,EDUCATION,2500,10.99,1,0.04,N,4,1,10045,1,0
23,52102,MORTGAGE,1.0,MEDICAL,3500,10.75,1,0.06,N,3,1,10050,1,1
24,67430,MORTGAGE,8.0,MEDICAL,12000,12.87,0,0.18,Y,4,0,10054,0,0
22,27048,RENT,0.0,EDUCATION,10000,12.61,1,0.37,Y,4,0,10069,1,1
25,67675,MORTGAGE,9.0,MEDICAL,3000,14.35,0,0.04,N,3,1,10074,0,1
21,28600,RENT,3.0,PERSONAL,10000,11.34,1,0.35,Y,3,0,10075,1,1
24,29000,RENT,1.0,VENTURE,10000,10.74,1,0.34,N,2,1,10079,1,1
22,68000,MORTGAGE,6.0,EDUCATION,20000,16.77,0,0.29,Y,4,0,10089,0,0
21,30000,RENT,5.0,VENTURE,10000,11.99,1,0.33,N,4,1,10092,1,1
25,68000,OWN,8.0,HOMEIMPROVEMENT,6000,12.42,0,0.09,N,4,1,10098,0,0
23,68000,MORTGAGE,7.0,MEDICAL,10000,9.91,0,0.15,N,4,1,10099,0,0
26,68000,MORTGAGE,10.0,EDUCATION,10000,8.49,0,0.15,N,3,1,10115,0,0
25,30000,RENT,4.0,MEDICAL,10000,7.51,1,0.33,N,3,1,10118,1,1
23,68000,MORTGAGE,2.0,VENTURE,10000,10.37,0,0.15,N,2,1,10123,0,0
23,68000,MORTGAGE,7.0,PERSONAL,12000,5.42,0,0.18,N,4,1,10126,0,0
23,30000,RENT,3.0,PERSONAL,10000,11.14,1,0.33,N,2,1,10127,1,1
22,68000,MORTGAGE,6.0,MEDICAL,13000,7.88,0,0.19,N,2,1,10132,0,0
24,68000,MORTGAGE,7.0,EDUCATION,6000,7.88,0,0.09,N,2,1,10134,0,0
22,31000,RENT,6.0,PERSONAL,10000,8.9,1,0.32,N,4,1,10146,1,1
22,31000,RENT,3.0,VENTURE,10000,19.42,1,0.32,Y,2,0,10151,1,1
23,31000,RENT,0.0,MEDICAL,10000,7.51,1,0.32,N,2,1,10153,1,1
24,68000,MORTGAGE,1.0,PERSONAL,5500,15.68,0,0.08,N,4,1,10157,0,0
23,62000,MORTGAGE,8.0,HOMEIMPROVEMENT,9000,11.03,1,0.15,N,2,1,10163,1,1
24,68004,MORTGAGE,7.0,EDUCATION,4000,6.39,0,0.06,N,3,1,10166,0,0
22,32000,RENT,4.0,VENTURE,10000,16.07,1,0.31,N,2,1,10171,1,1
22,32000,RENT,2.0,VENTURE,10000,13.22,1,0.31,N,3,1,10172,1,1
22,32376,RENT,1.0,EDUCATION,10000,13.61,1,0.31,Y,4,0,10175,1,1
22,68500,MORTGAGE,3.0,PERSONAL,12000,10.99,0,0.18,N,4,1,10189,0,0
26,68500,MORTGAGE,7.0,MEDICAL,9000,7.88,0,0.13,N,4,1,10192,0,0
25,33600,RENT,2.0,MEDICAL,10000,11.03,0,0.3,Y,4,0,10202,0,1
24,68900,MORTGAGE,2.0,HOMEIMPROVEMENT,19500,11.83,0,0.28,N,2,1,10210,0,0
21,69000,MORTGAGE,5.0,PERSONAL,13250,6.62,0,0.19,N,2,1,10214,0,0
24,69000,MORTGAGE,9.0,DEBTCONSOLIDATION,3000,11.11,0,0.04,N,2,1,10229,0,1
24,69000,MORTGAGE,3.0,PERSONAL,11000,10.62,0,0.16,N,3,1,10239,0,0
26,69000,MORTGAGE,4.0,VENTURE,16000,15.7,0,0.23,N,4,1,10240,0,1
25,69000,MORTGAGE,3.0,VENTURE,6000,7.88,0,0.09,N,2,1,10241,0,0
22,69077,MORTGAGE,2.0,PERSONAL,10000,7.51,0,0.14,N,3,1,10254,0,0
25,36000,RENT,2.0,MEDICAL,10000,7.49,0,0.28,N,4,1,10259,0,0
22,36000,RENT,3.0,EDUCATION,10000,14.72,0,0.28,N,2,1,10263,0,0
25,36000,RENT,2.0,PERSONAL,10000,10.99,0,0.28,N,2,1,10268,0,0
22,36000,RENT,4.0,EDUCATION,10000,13.48,0,0.28,Y,4,0,10271,0,0
21,36000,RENT,5.0,PERSONAL,10000,11.48,0,0.28,N,4,1,10276,0,0
22,36000,RENT,2.0,VENTURE,10000,11.14,0,0.28,N,3,1,10279,0,0
23,69743,MORTGAGE,7.0,PERSONAL,1000,14.11,0,0.01,N,3,1,10280,0,0
22,69867,MORTGAGE,2.0,EDUCATION,13000,11.14,0,0.19,N,2,1,10284,0,0
24,36000,RENT,2.0,DEBTCONSOLIDATION,10000,11.46,0,0.28,N,4,1,10289,0,0
23,69996,MORTGAGE,4.0,VENTURE,4000,8.0,0,0.06,N,2,1,10317,0,0
21,38000,RENT,3.0,PERSONAL,10000,12.18,0,0.26,N,3,1,10324,0,0
22,70000,MORTGAGE,5.0,DEBTCONSOLIDATION,8000,13.49,0,0.11,Y,2,0,10339,0,0
22,70000,MORTGAGE,6.0,MEDICAL,6000,6.03,0,0.09,N,2,1,10342,0,0
25,33000,RENT,0.0,VENTURE,10000,15.96,1,0.3,Y,3,0,10347,1,1
24,70000,MORTGAGE,3.0,EDUCATION,7750,6.62,0,0.11,N,3,1,10351,0,0
22,70000,MORTGAGE,7.0,EDUCATION,2000,7.9,0,0.03,N,3,1,10365,0,0
22,64000,MORTGAGE,3.0,DEBTCONSOLIDATION,14400,11.71,1,0.23,N,2,1,10369,1,0
24,34000,RENT,1.0,HOMEIMPROVEMENT,10000,12.69,1,0.29,N,2,1,10378,1,1
24,40000,RENT,0.0,PERSONAL,10000,8.49,0,0.25,N,3,1,10388,0,0
22,70000,MORTGAGE,6.0,EDUCATION,9750,8.49,0,0.14,N,4,1,10389,0,0
22,34000,RENT,0.0,MEDICAL,10000,15.28,1,0.29,Y,3,0,10390,1,1
24,40000,RENT,0.0,MEDICAL,10000,5.79,0,0.25,N,2,1,10393,0,0
26,34000,RENT,5.0,VENTURE,10000,13.11,1,0.29,Y,3,0,10406,1,0
22,70000,MORTGAGE,1.0,EDUCATION,8000,7.49,0,0.11,N,3,1,10407,0,0
22,40000,RENT,6.0,MEDICAL,10000,12.21,0,0.25,N,2,1,10413,0,0
22,70000,MORTGAGE,6.0,VENTURE,6000,11.49,0,0.09,N,2,1,10417,0,0
25,70000,OWN,4.0,PERSONAL,4000,7.42,0,0.06,N,2,1,10421,0,0
25,34000,RENT,0.0,HOMEIMPROVEMENT,10000,13.79,1,0.29,Y,4,0,10422,1,1
22,40000,RENT,0.0,EDUCATION,10000,8.0,0,0.25,N,4,1,10424,0,0
24,41000,RENT,4.0,EDUCATION,10000,6.99,0,0.24,N,4,1,10427,0,0
22,64000,MORTGAGE,6.0,DEBTCONSOLIDATION,6000,10.99,1,0.09,N,2,1,10430,1,1
23,70000,OWN,0.0,EDUCATION,3600,10.59,0,0.05,N,4,1,10434,0,0
22,42000,RENT,1.0,EDUCATION,10000,12.42,0,0.24,N,4,1,10436,0,0
25,42000,RENT,5.0,EDUCATION,10000,12.99,0,0.24,Y,2,0,10439,0,0
23,42000,RENT,4.0,PERSONAL,10000,5.42,0,0.24,N,3,1,10441,0,0
22,42000,RENT,6.0,PERSONAL,10000,10.99,0,0.24,Y,4,0,10444,0,0
22,42000,RENT,4.0,EDUCATION,10000,10.99,0,0.24,N,4,1,10445,0,0
22,36000,RENT,4.0,PERSONAL,10000,11.36,1,0.28,N,2,1,10453,1,0
25,70000,MORTGAGE,6.0,MEDICAL,12000,10.37,0,0.17,N,4,1,10460,0,0
26,70000,MORTGAGE,10.0,PERSONAL,8000,10.0,0,0.11,N,2,1,10463,0,0
22,70000,MORTGAGE,5.0,VENTURE,8000,13.35,0,0.11,Y,2,0,10465,0,0
24,70000,MORTGAGE,8.0,VENTURE,25000,9.62,0,0.36,N,2,1,10474,0,0
22,70000,OWN,3.0,MEDICAL,8000,5.79,0,0.11,N,3,1,10476,0,0
22,44000,RENT,6.0,MEDICAL,10000,10.65,0,0.23,N,4,1,10477,0,0
21,45000,RENT,5.0,VENTURE,10000,6.62,0,0.22,N,4,1,10490,0,0
25,45000,RENT,4.0,MEDICAL,10000,12.69,0,0.22,N,2,1,10491,0,0
23,70000,MORTGAGE,7.0,EDUCATION,4000,10.99,0,0.06,N,4,1,10496,0,0
22,45000,RENT,6.0,MEDICAL,10000,9.91,0,0.22,N,2,1,10499,0,0
24,70000,MORTGAGE,6.0,VENTURE,6000,7.88,0,0.09,N,3,1,10500,0,0
23,70000,OWN,7.0,EDUCATION,16000,14.35,0,0.23,N,3,1,10504,0,0
22,45000,RENT,2.0,EDUCATION,10000,7.51,0,0.22,N,3,1,10506,0,0
23,70000,MORTGAGE,7.0,DEBTCONSOLIDATION,4400,6.76,0,0.06,N,4,1,10508,0,0
26,70000,MORTGAGE,1.0,VENTURE,25000,10.99,0,0.36,N,4,1,10512,0,0
24,45000,RENT,1.0,EDUCATION,10000,6.54,0,0.22,N,3,1,10520,0,0
26,70000,MORTGAGE,6.0,HOMEIMPROVEMENT,10000,10.99,0,0.14,N,4,1,10527,0,0
26,70000,MORTGAGE,5.0,PERSONAL,4500,7.51,0,0.06,N,4,1,10530,0,0
24,70000,MORTGAGE,9.0,DEBTCONSOLIDATION,16000,10.62,0,0.23,N,2,1,10533,0,0
24,70000,MORTGAGE,8.0,HOMEIMPROVEMENT,4800,11.36,0,0.07,N,2,1,10536,0,0
22,70000,MORTGAGE,6.0,MEDICAL,11000,11.36,0,0.16,N,3,1,10539,0,0
25,70000,OWN,9.0,HOMEIMPROVEMENT,5000,8.59,0,0.07,N,3,1,10552,0,0
22,52000,RENT,7.0,DEBTCONSOLIDATION,4300,10.99,0,0.08,Y,2,0,10557,0,1
23,45600,RENT,5.0,MEDICAL,4250,10.99,0,0.09,Y,2,0,10565,0,0
22,45600,RENT,5.0,VENTURE,10000,14.61,0,0.22,N,4,1,10577,0,0
23,70000,MORTGAGE,4.0,VENTURE,6000,13.16,0,0.09,N,4,1,10583,0,0
24,46256,RENT,7.0,EDUCATION,10000,11.48,0,0.22,N,3,1,10586,0,0
23,46585,RENT,3.0,MEDICAL,10000,13.57,0,0.21,Y,4,0,10587,0,0
21,30000,RENT,0.0,EDUCATION,4200,6.92,0,0.14,N,4,1,10591,0,0
25,30000,RENT,0.0,MEDICAL,4200,12.23,0,0.14,Y,4,0,10592,0,0
24,70000,MORTGAGE,2.0,PERSONAL,8950,11.89,0,0.13,N,3,1,10595,0,0
26,34000,RENT,4.0,PERSONAL,4200,16.82,1,0.12,Y,3,0,10598,1,0
26,34400,RENT,5.0,MEDICAL,4200,8.9,0,0.12,N,3,1,10600,0,0
24,35000,RENT,0.0,PERSONAL,4200,10.37,0,0.12,N,4,1,10604,0,0
26,64000,MORTGAGE,9.0,DEBTCONSOLIDATION,8000,12.17,1,0.13,N,4,1,10608,1,1
25,36996,RENT,4.0,MEDICAL,4200,11.11,0,0.11,N,3,1,10609,0,0
25,40000,RENT,2.0,EDUCATION,4200,9.63,0,0.1,N,2,1,10612,0,0
24,70092,MORTGAGE,0.0,DEBTCONSOLIDATION,13950,11.14,0,0.2,N,2,1,10613,0,0
26,70800,MORTGAGE,6.0,EDUCATION,8500,6.54,0,0.12,N,3,1,10629,0,0
23,70800,MORTGAGE,6.0,EDUCATION,9600,10.99,0,0.14,N,4,1,10630,0,0
24,55243,MORTGAGE,6.0,MEDICAL,2900,9.62,1,0.04,N,2,1,10632,1,0
23,71000,MORTGAGE,7.0,EDUCATION,9600,7.51,0,0.14,N,4,1,10636,0,0
23,71000,MORTGAGE,7.0,DEBTCONSOLIDATION,7500,9.99,0,0.11,N,3,1,10639,0,0
24,71000,OWN,4.0,PERSONAL,14000,10.99,0,0.2,N,3,1,10644,0,0
25,63000,RENT,6.0,VENTURE,4200,14.22,0,0.07,N,4,1,10648,0,0
24,71000,MORTGAGE,8.0,EDUCATION,20000,11.36,0,0.28,N,2,1,10656,0,0
22,71000,MORTGAGE,6.0,PERSONAL,3200,7.4,0,0.05,N,2,1,10657,0,0
23,100000,RENT,4.0,VENTURE,4150,10.65,0,0.04,N,2,1,10660,0,0
22,38004,RENT,0.0,MEDICAL,4100,11.49,0,0.11,N,4,1,10665,0,0
26,50500,RENT,0.0,HOMEIMPROVEMENT,4050,7.88,0,0.08,N,4,1,10675,0,0
25,71328,MORTGAGE,3.0,EDUCATION,25000,14.96,0,0.35,Y,3,0,10676,0,0
26,46999,RENT,2.0,VENTURE,10000,10.99,0,0.21,N,3,1,10688,0,0
26,47004,RENT,5.0,PERSONAL,10000,15.05,0,0.21,N,2,1,10689,0,0
24,72000,MORTGAGE,8.0,PERSONAL,12000,6.03,0,0.17,N,2,1,10708,0,0
26,48000,RENT,2.0,MEDICAL,10000,12.21,0,0.21,N,3,1,10723,0,0
23,42720,RENT,1.0,EDUCATION,10000,16.89,1,0.23,Y,4,0,10733,1,1
22,48996,RENT,4.0,EDUCATION,10000,12.87,0,0.2,N,2,1,10734,0,0
26,49571,RENT,1.0,VENTURE,10000,13.11,0,0.2,Y,3,0,10741,0,0
24,49639,RENT,8.0,MEDICAL,10000,10.99,0,0.2,N,3,1,10742,0,0
26,72000,MORTGAGE,7.0,VENTURE,16000,10.59,0,0.22,N,3,1,10743,0,0
24,72000,MORTGAGE,5.0,MEDICAL,11200,7.29,0,0.16,N,4,1,10746,0,0
23,50000,RENT,0.0,DEBTCONSOLIDATION,10000,10.99,0,0.2,N,2,1,10755,0,0
22,72000,OWN,6.0,VENTURE,16000,10.37,0,0.22,N,3,1,10761,0,0
24,72000,MORTGAGE,1.0,VENTURE,6000,9.99,0,0.08,N,2,1,10783,0,0
23,72000,MORTGAGE,7.0,VENTURE,9000,6.76,0,0.13,N,2,1,10791,0,0
24,72000,MORTGAGE,8.0,VENTURE,18000,11.86,0,0.25,N,4,1,10798,0,0
26,72000,MORTGAGE,3.0,HOMEIMPROVEMENT,10000,10.99,0,0.14,N,3,1,10801,0,0
25,50000,RENT,4.0,EDUCATION,10000,16.82,0,0.2,Y,2,0,10802,0,0
23,72000,MORTGAGE,7.0,EDUCATION,11875,10.38,0,0.16,N,3,1,10803,0,0
22,72000,MORTGAGE,3.0,EDUCATION,5000,10.99,0,0.07,N,2,1,10810,0,0
23,50004,RENT,7.0,EDUCATION,10000,6.17,0,0.2,N,4,1,10814,0,0
22,50004,RENT,6.0,PERSONAL,10000,12.21,0,0.2,N,2,1,10817,0,0
22,44307,RENT,6.0,HOMEIMPROVEMENT,10000,11.36,1,0.23,N,2,1,10820,1,1
25,50500,RENT,3.0,DEBTCONSOLIDATION,10000,13.85,0,0.2,N,2,1,10821,0,0
22,45000,RENT,6.0,HOMEIMPROVEMENT,10000,15.96,1,0.22,N,2,1,10823,1,1
22,72000,OWN,1.0,PERSONAL,15000,10.25,0,0.21,N,3,1,10824,0,0
26,45000,RENT,4.0,PERSONAL,10000,11.86,1,0.22,N,4,1,10827,1,0
23,72000,MORTGAGE,5.0,MEDICAL,16000,7.4,0,0.22,N,3,1,10829,0,0
22,51360,RENT,4.0,EDUCATION,10000,10.99,0,0.19,N,2,1,10835,0,0
24,52000,RENT,2.0,DEBTCONSOLIDATION,10000,9.91,0,0.19,N,2,1,10842,0,0
23,46000,RENT,7.0,HOMEIMPROVEMENT,10000,13.43,1,0.22,N,4,1,10849,1,1
25,52000,RENT,1.0,VENTURE,10000,5.79,0,0.19,N,3,1,10852,0,0
22,72000,OTHER,6.0,VENTURE,15000,11.58,0,0.21,N,2,1,10853,0,0
23,52000,RENT,7.0,VENTURE,10000,6.54,0,0.19,N,2,1,10855,0,0
23,46000,RENT,2.0,DEBTCONSOLIDATION,10000,12.61,1,0.22,N,2,1,10859,1,0
21,72252,MORTGAGE,0.0,VENTURE,8000,6.99,0,0.11,N,2,1,10869,0,0
23,56403,MORTGAGE,7.0,MEDICAL,30000,16.49,1,0.45,N,2,1,10873,1,1
22,54000,RENT,6.0,VENTURE,10000,6.62,0,0.19,N,4,1,10880,0,0
26,54000,RENT,6.0,EDUCATION,10000,7.9,0,0.19,N,2,1,10881,0,0
22,72500,MORTGAGE,7.0,EDUCATION,13200,7.29,0,0.18,N,3,1,10883,0,0
26,72645,OWN,5.0,VENTURE,12000,10.99,0,0.17,N,2,1,10890,0,0
24,72800,MORTGAGE,0.0,HOMEIMPROVEMENT,2300,10.62,0,0.03,N,4,1,10894,0,0
22,55000,RENT,6.0,VENTURE,10000,15.27,0,0.18,N,3,1,10901,0,0
26,73000,MORTGAGE,10.0,EDUCATION,10625,6.03,0,0.15,N,4,1,10904,0,0
22,73000,MORTGAGE,6.0,VENTURE,7000,7.49,0,0.1,N,2,1,10907,0,0
22,73000,MORTGAGE,6.0,MEDICAL,5000,7.49,0,0.07,N,2,1,10915,0,0
26,73000,MORTGAGE,5.0,MEDICAL,14400,13.61,0,0.2,N,4,1,10926,0,0
26,55000,RENT,7.0,MEDICAL,10000,8.59,0,0.18,N,3,1,10927,0,0
23,73000,MORTGAGE,7.0,EDUCATION,7500,13.22,0,0.1,Y,2,0,10936,0,0
25,56950,MORTGAGE,9.0,MEDICAL,25000,10.91,1,0.37,Y,3,0,10941,1,1
23,73164,MORTGAGE,7.0,VENTURE,1000,10.36,0,0.01,N,2,1,10945,0,0
25,57000,RENT,1.0,PERSONAL,10000,14.27,0,0.18,Y,4,0,10949,0,0
23,73426,MORTGAGE,0.0,EDUCATION,7500,10.99,0,0.1,N,2,1,10951,0,0
22,58608,RENT,4.0,PERSONAL,10000,7.51,0,0.17,N,4,1,10970,0,0
22,74000,MORTGAGE,6.0,MEDICAL,4000,6.99,0,0.05,N,4,1,10981,0,0
23,74000,MORTGAGE,7.0,EDUCATION,10000,10.99,0,0.14,N,2,1,10986,0,0
24,60000,RENT,1.0,MEDICAL,10000,10.99,0,0.17,N,3,1,10989,0,0
26,74000,MORTGAGE,1.0,MEDICAL,3000,6.76,0,0.04,N,3,1,10992,0,0
25,74000,MORTGAGE,5.0,HOMEIMPROVEMENT,10000,14.59,0,0.14,Y,4,0,10993,0,1
26,57800,MORTGAGE,0.0,MEDICAL,15000,10.99,1,0.22,Y,3,0,10996,1,1
24,60000,RENT,4.0,EDUCATION,10000,16.89,0,0.17,Y,4,0,10999,0,0
24,60000,RENT,4.0,MEDICAL,10000,6.54,0,0.17,N,2,1,11010,0,0
22,74263,MORTGAGE,3.0,MEDICAL,11500,9.99,0,0.15,N,3,1,11015,0,0
23,68500,MORTGAGE,7.0,PERSONAL,9800,14.84,1,0.14,N,2,1,11024,1,0
26,74500,MORTGAGE,10.0,DEBTCONSOLIDATION,8000,9.88,0,0.11,N,3,1,11026,0,0
24,60000,RENT,1.0,MEDICAL,10000,12.73,0,0.17,Y,2,0,11028,0,0
26,68551,MORTGAGE,1.0,EDUCATION,4000,14.22,1,0.06,Y,2,0,11029,1,0
25,58313,MORTGAGE,9.0,MEDICAL,5300,19.91,1,0.08,Y,2,0,11032,1,1
24,74700,MORTGAGE,7.0,EDUCATION,12000,5.42,0,0.16,N,4,1,11034,0,0
24,74700,MORTGAGE,4.0,VENTURE,19750,11.12,0,0.26,N,3,1,11035,0,0
22,54000,RENT,6.0,EDUCATION,10000,13.79,1,0.19,N,4,1,11044,1,1
25,60000,RENT,2.0,HOMEIMPROVEMENT,10000,12.09,0,0.17,N,2,1,11048,0,0
26,75000,MORTGAGE,7.0,DEBTCONSOLIDATION,6500,8.9,0,0.09,N,4,1,11061,0,0
22,69000,MORTGAGE,6.0,PERSONAL,15000,10.65,1,0.22,N,4,1,11062,1,0
23,75000,OWN,0.0,EDUCATION,5000,14.65,0,0.07,N,4,1,11065,0,0
24,75000,MORTGAGE,3.0,VENTURE,15600,10.99,0,0.21,N,4,1,11072,0,0
24,75000,MORTGAGE,4.0,VENTURE,16000,12.42,0,0.21,N,2,1,11076,0,0
22,75000,MORTGAGE,6.0,MEDICAL,15000,14.27,0,0.2,N,2,1,11077,0,0
25,45000,RENT,0.0,MEDICAL,4000,13.8,0,0.09,Y,4,0,11081,0,0
22,45000,RENT,0.0,DEBTCONSOLIDATION,4000,10.99,0,0.09,N,4,1,11096,0,0
25,75000,MORTGAGE,4.0,HOMEIMPROVEMENT,12000,13.49,0,0.16,N,4,1,11097,0,0
26,45000,RENT,1.0,DEBTCONSOLIDATION,4000,12.21,0,0.09,N,3,1,11098,0,0
24,75000,MORTGAGE,4.0,HOMEIMPROVEMENT,15000,6.03,0,0.2,N,2,1,11099,0,0
23,75000,MORTGAGE,5.0,VENTURE,12000,7.51,0,0.16,N,3,1,11100,0,0
22,69000,MORTGAGE,1.0,EDUCATION,17000,15.27,1,0.25,N,3,1,11107,1,0
26,75000,OWN,10.0,VENTURE,7000,10.59,0,0.09,N,4,1,11119,0,0
26,75000,MORTGAGE,8.0,DEBTCONSOLIDATION,7200,15.23,0,0.1,N,4,1,11121,0,1
25,75000,MORTGAGE,5.0,EDUCATION,5800,10.99,0,0.08,N,2,1,11124,0,0
23,59000,RENT,3.0,EDUCATION,10000,15.58,1,0.17,N,3,1,11153,1,0
22,65000,RENT,0.0,PERSONAL,10000,9.45,0,0.15,N,3,1,11165,0,0
24,75000,MORTGAGE,8.0,EDUCATION,3000,5.42,0,0.04,N,3,1,11168,0,0
25,69000,MORTGAGE,10.0,DEBTCONSOLIDATION,15000,14.54,1,0.22,Y,3,0,11178,1,1
24,75000,MORTGAGE,3.0,VENTURE,25000,19.74,0,0.33,N,4,1,11189,0,0
26,68000,RENT,3.0,EDUCATION,10000,15.05,0,0.15,N,4,1,11192,0,0
24,68750,RENT,6.0,DEBTCONSOLIDATION,10000,6.17,0,0.15,N,4,1,11196,0,0
22,70000,RENT,5.0,PERSONAL,10000,6.03,0,0.14,N,3,1,11209,0,0
25,58650,MORTGAGE,0.0,MEDICAL,5200,6.54,1,0.08,N,2,1,11210,1,0
26,64000,RENT,0.0,VENTURE,10000,16.4,1,0.16,N,3,1,11214,1,1
25,75000,MORTGAGE,5.0,MEDICAL,1500,6.54,0,0.02,N,4,1,11220,0,0
26,75000,MORTGAGE,10.0,DEBTCONSOLIDATION,15350,6.17,0,0.2,N,4,1,11224,0,0
23,70000,RENT,1.0,MEDICAL,10000,9.99,0,0.14,N,4,1,11225,0,0
23,64000,RENT,7.0,EDUCATION,10000,10.99,1,0.16,N,4,1,11235,1,0
22,72000,RENT,5.0,PERSONAL,10000,17.27,0,0.14,N,2,1,11247,0,0
23,72000,RENT,4.0,MEDICAL,10000,13.85,0,0.14,Y,3,0,11264,0,0
25,72345,RENT,10.0,EDUCATION,10000,12.99,0,0.14,N,4,1,11265,0,0
26,73000,RENT,3.0,PERSONAL,10000,7.29,0,0.14,N,3,1,11270,0,0
23,69000,MORTGAGE,0.0,HOMEIMPROVEMENT,15000,14.96,1,0.22,N,2,1,11275,1,1
24,75000,RENT,4.0,VENTURE,10000,6.62,0,0.13,N,4,1,11281,0,0
23,75000,MORTGAGE,7.0,EDUCATION,8000,7.05,0,0.11,N,2,1,11296,0,0
25,75000,RENT,9.0,PERSONAL,10000,7.49,0,0.13,N,3,1,11297,0,0
23,75000,MORTGAGE,4.0,EDUCATION,8000,8.59,0,0.11,N,2,1,11306,0,0
25,69000,RENT,3.0,HOMEIMPROVEMENT,10000,14.09,1,0.14,Y,2,0,11309,1,1
26,75000,RENT,10.0,EDUCATION,10000,15.58,0,0.13,Y,2,0,11313,0,0
24,75000,OWN,8.0,MEDICAL,16500,12.18,0,0.22,N,2,1,11321,0,0
26,75000,MORTGAGE,10.0,DEBTCONSOLIDATION,10000,8.94,0,0.13,N,2,1,11327,0,0
22,78000,RENT,3.0,VENTURE,10000,12.42,0,0.13,N,2,1,11331,0,0
26,78513,RENT,1.0,MEDICAL,10000,8.94,0,0.13,N,4,1,11335,0,0
24,75000,MORTGAGE,7.0,PERSONAL,15000,11.58,0,0.2,N,3,1,11337,0,0
22,79000,RENT,3.0,DEBTCONSOLIDATION,10000,7.88,0,0.13,N,2,1,11342,0,0
23,75000,MORTGAGE,8.0,EDUCATION,3000,14.11,0,0.04,N,3,1,11347,0,0
23,75000,MORTGAGE,4.0,MEDICAL,16800,13.47,0,0.22,N,4,1,11348,0,0
26,80000,RENT,1.0,PERSONAL,10000,12.73,0,0.13,Y,4,0,11359,0,0
24,82632,RENT,0.0,EDUCATION,10000,12.21,0,0.12,N,4,1,11380,0,0
23,84000,RENT,7.0,DEBTCONSOLIDATION,10000,5.99,0,0.12,N,2,1,11398,0,0
25,75912,MORTGAGE,9.0,HOMEIMPROVEMENT,22400,9.99,0,0.3,N,4,1,11402,0,0
24,76000,MORTGAGE,8.0,DEBTCONSOLIDATION,13500,9.99,0,0.18,N,3,1,11416,0,0
25,76000,MORTGAGE,4.0,HOMEIMPROVEMENT,14000,7.66,0,0.18,N,3,1,11426,0,0
25,76000,MORTGAGE,9.0,PERSONAL,6000,12.98,0,0.08,Y,2,0,11427,0,0
24,85000,RENT,8.0,PERSONAL,10000,16.0,0,0.12,Y,3,0,11429,0,0
26,85500,RENT,0.0,EDUCATION,10000,10.99,0,0.12,N,2,1,11433,0,0
24,75996,RENT,1.0,DEBTCONSOLIDATION,10000,16.0,1,0.13,N,2,1,11438,1,1
24,90000,RENT,0.0,DEBTCONSOLIDATION,10000,10.99,0,0.11,N,2,1,11444,0,0
25,90000,RENT,5.0,PERSONAL,10000,7.49,0,0.11,N,2,1,11449,0,0
22,76296,MORTGAGE,6.0,VENTURE,18000,7.88,0,0.24,N,3,1,11450,0,0
24,76494,MORTGAGE,3.0,DEBTCONSOLIDATION,12000,10.99,0,0.16,N,3,1,11457,0,0
22,76500,MORTGAGE,2.0,DEBTCONSOLIDATION,15000,10.99,0,0.2,Y,4,0,11461,0,1
25,76700,MORTGAGE,1.0,VENTURE,14800,19.42,0,0.19,Y,4,0,11466,0,1
23,92000,RENT,7.0,VENTURE,10000,11.71,0,0.11,N,4,1,11475,0,0
22,76875,MORTGAGE,0.0,MEDICAL,13750,10.99,0,0.18,N,4,1,11476,0,0
23,76896,MORTGAGE,8.0,EDUCATION,25000,11.71,0,0.33,N,2,1,11477,0,0
24,77000,MORTGAGE,6.0,DEBTCONSOLIDATION,12000,12.42,0,0.16,N,2,1,11478,0,0
25,77000,MORTGAGE,8.0,HOMEIMPROVEMENT,9000,6.03,0,0.12,N,3,1,11483,0,0
25,77000,MORTGAGE,9.0,DEBTCONSOLIDATION,3000,7.49,0,0.04,N,3,1,11487,0,0
22,60350,MORTGAGE,6.0,MEDICAL,35000,16.89,1,0.49,N,3,1,11489,1,1
24,95000,RENT,8.0,DEBTCONSOLIDATION,10000,10.99,0,0.11,N,2,1,11494,0,0
26,29136,RENT,0.0,PERSONAL,10100,13.55,1,0.35,Y,4,0,11497,1,1
23,77000,MORTGAGE,7.0,EDUCATION,10000,7.88,0,0.13,N,4,1,11499,0,0
24,70000,RENT,4.0,VENTURE,10125,14.65,0,0.14,Y,3,0,11500,0,0
23,55000,RENT,0.0,PERSONAL,10200,12.73,0,0.19,Y,2,0,11521,0,0
25,32000,RENT,7.0,DEBTCONSOLIDATION,11000,7.66,1,0.34,N,3,1,11538,1,1
23,78000,MORTGAGE,7.0,EDUCATION,2400,12.42,0,0.03,N,2,1,11546,0,0
24,72000,MORTGAGE,8.0,EDUCATION,14000,14.65,1,0.19,Y,4,0,11547,1,1
25,45000,RENT,2.0,DEBTCONSOLIDATION,11100,13.11,0,0.25,N,2,1,11562,0,0
23,78000,MORTGAGE,4.0,DEBTCONSOLIDATION,6000,12.99,0,0.08,N,3,1,11568,0,0
25,78000,MORTGAGE,9.0,EDUCATION,8000,5.79,0,0.1,N,2,1,11574,0,0
22,40000,RENT,2.0,VENTURE,11200,7.88,0,0.28,N,2,1,11583,0,0
23,45000,RENT,2.0,PERSONAL,11200,10.59,0,0.25,N,2,1,11591,0,0
25,78000,MORTGAGE,0.0,VENTURE,14000,7.51,0,0.18,N,3,1,11592,0,0
23,78000,MORTGAGE,0.0,VENTURE,25000,15.58,0,0.32,Y,3,0,11597,0,1
24,50000,RENT,0.0,VENTURE,11200,13.85,0,0.22,Y,3,0,11601,0,0
22,78000,MORTGAGE,6.0,EDUCATION,18000,10.99,0,0.23,N,3,1,11605,0,0
22,78000,MORTGAGE,6.0,EDUCATION,16000,16.45,0,0.21,Y,2,0,11607,0,0
22,78000,OTHER,4.0,PERSONAL,5600,10.99,0,0.07,N,2,1,11625,0,0
23,61455,MORTGAGE,0.0,MEDICAL,15000,16.82,1,0.21,N,3,1,11632,1,1
24,78400,MORTGAGE,5.0,VENTURE,17400,13.48,0,0.22,N,2,1,11636,0,0
25,78500,MORTGAGE,9.0,DEBTCONSOLIDATION,16000,7.88,0,0.2,N,2,1,11645,0,0
23,71000,RENT,7.0,MEDICAL,11300,7.49,0,0.16,N,2,1,11660,0,0
21,29000,RENT,5.0,DEBTCONSOLIDATION,11325,9.91,1,0.39,N,3,1,11661,1,1
24,79000,MORTGAGE,4.0,PERSONAL,8000,5.99,0,0.1,N,3,1,11665,0,0
25,30000,RENT,10.0,VENTURE,11400,7.51,1,0.38,N,4,1,11666,1,1
26,41500,RENT,9.0,EDUCATION,11400,7.66,0,0.27,N,3,1,11667,0,0
24,43000,RENT,3.0,MEDICAL,11400,10.99,0,0.27,N,2,1,11668,0,0
22,79000,MORTGAGE,3.0,VENTURE,35000,13.8,0,0.44,Y,2,0,11670,0,0
22,79000,MORTGAGE,6.0,EDUCATION,10000,10.99,0,0.13,N,2,1,11680,0,0
23,107806,RENT,3.0,VENTURE,11425,10.37,0,0.11,N,3,1,11682,0,0
24,79768,OWN,2.0,EDUCATION,12000,13.49,0,0.15,Y,4,0,11708,0,0
23,40000,OWN,7.0,EDUCATION,13000,7.29,0,0.33,N,4,1,11709,0,0
23,79992,MORTGAGE,7.0,DEBTCONSOLIDATION,6000,10.99,0,0.08,N,3,1,11711,0,0
23,79996,MORTGAGE,2.0,EDUCATION,24000,16.32,0,0.3,Y,3,0,11713,0,0
26,74000,MORTGAGE,8.0,EDUCATION,15000,9.91,1,0.2,N,3,1,11715,1,0
22,40000,OWN,4.0,EDUCATION,8000,5.79,0,0.2,N,2,1,11729,0,0
24,62500,RENT,5.0,EDUCATION,11500,5.79,0,0.18,N,3,1,11730,0,0
24,80000,MORTGAGE,8.0,HOMEIMPROVEMENT,18000,7.9,0,0.23,N,2,1,11732,0,0
24,68298,RENT,3.0,VENTURE,11500,10.99,0,0.17,N,2,1,11734,0,0
26,70000,RENT,0.0,DEBTCONSOLIDATION,11600,6.99,0,0.17,N,3,1,11749,0,0
26,71000,RENT,0.0,MEDICAL,11600,10.99,0,0.16,N,2,1,11751,0,0
22,80000,MORTGAGE,6.0,VENTURE,16000,12.42,0,0.2,N,4,1,11753,0,0
24,80000,MORTGAGE,6.0,HOMEIMPROVEMENT,7000,14.65,0,0.09,N,4,1,11756,0,0
25,80000,MORTGAGE,9.0,VENTURE,6000,6.03,0,0.07,N,4,1,11757,0,0
25,80000,MORTGAGE,5.0,PERSONAL,18200,7.9,0,0.23,N,2,1,11761,0,0
22,94000,RENT,5.0,VENTURE,11800,13.99,0,0.13,N,4,1,11771,0,0
24,80000,MORTGAGE,2.0,HOMEIMPROVEMENT,5000,6.99,0,0.06,N,4,1,11789,0,0
21,80000,MORTGAGE,5.0,EDUCATION,12000,5.99,0,0.15,N,2,1,11797,0,0
23,28000,RENT,2.0,EDUCATION,12000,14.27,1,0.43,Y,4,0,11799,1,1
26,80000,MORTGAGE,5.0,MEDICAL,5000,10.99,0,0.06,N,3,1,11806,0,0
25,80000,MORTGAGE,0.0,MEDICAL,15500,10.99,0,0.19,N,3,1,11807,0,0
22,30000,RENT,1.0,EDUCATION,12000,10.99,1,0.4,N,3,1,11808,1,1
25,80000,OWN,9.0,PERSONAL,2700,10.59,0,0.03,N,4,1,11812,0,0
24,80000,OWN,8.0,VENTURE,12000,7.49,0,0.15,N,3,1,11813,0,0
25,30000,RENT,0.0,VENTURE,12000,11.48,1,0.4,N,4,1,11823,1,1
23,80000,MORTGAGE,3.0,EDUCATION,6000,5.99,0,0.07,N,4,1,11827,0,0
22,31200,RENT,6.0,EDUCATION,12000,10.39,1,0.38,N,2,1,11834,1,1
26,74000,MORTGAGE,1.0,EDUCATION,24000,10.74,1,0.32,N,3,1,11836,1,0
22,74000,MORTGAGE,0.0,VENTURE,19000,20.48,1,0.26,Y,2,0,11838,1,1
23,74000,MORTGAGE,7.0,PERSONAL,2100,10.99,1,0.03,N,4,1,11839,1,0
24,32000,RENT,5.0,EDUCATION,12000,13.85,1,0.38,N,3,1,11843,1,1
26,32000,RENT,6.0,MEDICAL,12000,8.94,1,0.38,N,3,1,11846,1,1
22,33504,RENT,3.0,PERSONAL,12000,13.98,1,0.36,Y,3,0,11852,1,1
24,80000,OWN,0.0,EDUCATION,16000,6.17,0,0.2,N,4,1,11863,0,0
26,80000,MORTGAGE,6.0,MEDICAL,2000,6.91,0,0.03,N,3,1,11868,0,0
24,34132,RENT,0.0,EDUCATION,12000,10.62,1,0.35,N,3,1,11872,1,1
22,40000,OWN,0.0,EDUCATION,6000,8.0,0,0.15,N,3,1,11873,0,0
22,34500,RENT,3.0,EDUCATION,12000,14.84,1,0.35,Y,2,0,11875,1,1
23,35000,RENT,3.0,DEBTCONSOLIDATION,12000,10.0,1,0.34,N,4,1,11886,1,1
24,80000,MORTGAGE,8.0,DEBTCONSOLIDATION,24000,14.35,0,0.3,Y,3,0,11890,0,1
26,30000,RENT,4.0,DEBTCONSOLIDATION,12000,11.11,1,0.4,N,3,1,11897,1,1
23,40000,OWN,0.0,VENTURE,6400,8.32,0,0.16,N,3,1,11900,0,0
24,36000,RENT,7.0,MEDICAL,12000,8.88,1,0.33,N,4,1,11901,1,1
26,80000,MORTGAGE,5.0,DEBTCONSOLIDATION,7000,7.51,0,0.09,N,2,1,11902,0,0
23,80000,MORTGAGE,1.0,PERSONAL,11000,12.73,0,0.14,N,3,1,11904,0,0
25,62900,MORTGAGE,9.0,MEDICAL,8825,15.7,1,0.12,Y,3,0,11905,1,1
24,80000,MORTGAGE,8.0,PERSONAL,12000,13.48,0,0.15,Y,4,0,11910,0,0
22,80000,MORTGAGE,6.0,DEBTCONSOLIDATION,10000,7.14,0,0.13,N,4,1,11911,0,0
23,80000,MORTGAGE,1.0,EDUCATION,15000,9.88,0,0.19,N,4,1,11912,0,0
25,80000,MORTGAGE,9.0,VENTURE,12000,7.88,0,0.15,N,3,1,11915,0,0
24,80000,MORTGAGE,0.0,MEDICAL,25000,10.99,0,0.31,Y,2,0,11921,0,0
26,80000,MORTGAGE,10.0,PERSONAL,25000,10.62,0,0.31,N,4,1,11923,0,0
26,38000,RENT,0.0,PERSONAL,12000,10.99,1,0.32,N,4,1,11933,1,1
24,80000,OWN,0.0,VENTURE,5500,8.94,0,0.07,N,2,1,11947,0,0
26,80000,MORTGAGE,6.0,PERSONAL,15000,12.53,0,0.19,N,3,1,11948,0,0
22,39000,RENT,1.0,EDUCATION,12000,11.11,1,0.31,N,3,1,11960,1,1
24,80000,MORTGAGE,8.0,EDUCATION,7500,8.63,0,0.09,N,4,1,11972,0,0
24,40000,RENT,6.0,MEDICAL,12000,13.49,0,0.3,N,2,1,11980,0,0
24,80004,OWN,8.0,HOMEIMPROVEMENT,25000,10.36,0,0.31,N,3,1,11986,0,0
26,40000,RENT,2.0,MEDICAL,12000,7.51,0,0.3,N,2,1,11987,0,0
26,80004,MORTGAGE,0.0,HOMEIMPROVEMENT,6000,8.0,0,0.07,N,4,1,11993,0,0
22,80070,MORTGAGE,6.0,EDUCATION,27525,10.74,0,0.34,N,3,1,12000,0,0
25,80140,MORTGAGE,4.0,DEBTCONSOLIDATION,11300,10.37,0,0.14,N,2,1,12001,0,0
22,80340,OWN,2.0,EDUCATION,7000,7.14,0,0.09,N,3,1,12005,0,0
26,40800,RENT,2.0,PERSONAL,12000,10.99,0,0.29,N,2,1,12006,0,0
25,41000,RENT,6.0,DEBTCONSOLIDATION,12000,11.71,0,0.29,N,3,1,12007,0,0
25,80400,MORTGAGE,10.0,VENTURE,25000,17.49,0,0.31,Y,4,0,12009,0,1
24,80400,MORTGAGE,5.0,VENTURE,12000,5.79,0,0.15,N,3,1,12010,0,0
26,80730,MORTGAGE,7.0,HOMEIMPROVEMENT,9600,7.29,0,0.12,N,2,1,12024,0,0
26,81000,MORTGAGE,10.0,DEBTCONSOLIDATION,10750,8.49,0,0.13,N,2,1,12030,0,0
25,81000,OWN,9.0,VENTURE,12000,10.99,0,0.15,Y,2,0,12037,0,0
26,81000,MORTGAGE,6.0,MEDICAL,5000,10.75,0,0.06,N,3,1,12038,0,0
22,81000,MORTGAGE,6.0,EDUCATION,24000,9.88,0,0.3,N,2,1,12044,0,0
25,81000,MORTGAGE,2.0,MEDICAL,5200,10.95,0,0.06,N,2,1,12051,0,0
24,81100,MORTGAGE,8.0,PERSONAL,3200,10.99,0,0.04,N,2,1,12053,0,0
22,81500,MORTGAGE,6.0,PERSONAL,20000,6.54,0,0.25,N,2,1,12065,0,0
25,81600,MORTGAGE,10.0,HOMEIMPROVEMENT,20000,12.18,0,0.25,N,2,1,12074,0,0
21,45000,RENT,0.0,EDUCATION,12000,11.97,0,0.27,N,3,1,12082,0,0
26,82000,MORTGAGE,7.0,VENTURE,7000,12.42,0,0.09,N,3,1,12083,0,0
21,39760,RENT,0.0,PERSONAL,12000,16.07,1,0.3,Y,2,0,12088,1,1
26,45900,RENT,0.0,PERSONAL,12000,10.39,0,0.26,N,3,1,12090,0,0
26,82000,MORTGAGE,5.0,PERSONAL,19075,7.9,0,0.23,N,2,1,12092,0,0
21,46800,RENT,3.0,PERSONAL,12000,15.21,0,0.26,Y,3,0,12103,0,0
25,82000,MORTGAGE,3.0,HOMEIMPROVEMENT,15000,10.37,0,0.18,N,2,1,12104,0,0
22,82000,MORTGAGE,6.0,EDUCATION,10750,9.25,0,0.13,N,2,1,12110,0,0
24,48000,RENT,8.0,PERSONAL,12000,16.77,0,0.25,Y,3,0,12117,0,0
22,82000,MORTGAGE,6.0,DEBTCONSOLIDATION,6000,10.99,0,0.07,N,2,1,12123,0,0
26,76000,MORTGAGE,10.0,DEBTCONSOLIDATION,7200,16.35,1,0.09,Y,2,0,12124,1,1
22,82000,MORTGAGE,3.0,PERSONAL,8300,11.46,0,0.1,N,3,1,12130,0,0
26,60000,RENT,5.0,HOMEIMPROVEMENT,12000,10.65,0,0.2,N,3,1,12136,0,0
23,60000,RENT,2.0,DEBTCONSOLIDATION,12000,12.69,0,0.2,N,2,1,12140,0,0
26,82305,MORTGAGE,10.0,DEBTCONSOLIDATION,18600,6.99,0,0.23,N,2,1,12141,0,0
25,60000,RENT,9.0,EDUCATION,12000,7.9,0,0.2,N,2,1,12144,0,0
24,82500,OWN,8.0,VENTURE,10000,5.79,0,0.12,N,4,1,12146,0,0
23,65025,MORTGAGE,7.0,MEDICAL,16000,14.35,1,0.21,N,3,1,12147,1,0
22,82500,MORTGAGE,3.0,MEDICAL,14400,9.32,0,0.17,N,3,1,12151,0,0
24,60000,RENT,5.0,MEDICAL,12000,9.63,0,0.2,N,2,1,12169,0,0
24,83000,MORTGAGE,6.0,MEDICAL,15000,6.91,0,0.18,N,4,1,12179,0,0
23,83000,MORTGAGE,7.0,EDUCATION,1500,11.12,0,0.02,N,2,1,12181,0,0
26,83000,MORTGAGE,2.0,MEDICAL,25000,10.99,0,0.3,N,3,1,12184,0,0
21,83000,MORTGAGE,4.0,MEDICAL,8500,8.0,0,0.1,N,4,1,12187,0,0
26,24856,RENT,0.0,DEBTCONSOLIDATION,3000,9.32,0,0.12,N,4,1,12203,0,0
25,25000,RENT,3.0,DEBTCONSOLIDATION,3000,11.12,0,0.12,N,4,1,12208,0,0
26,83600,MORTGAGE,2.0,HOMEIMPROVEMENT,13600,7.66,0,0.16,N,3,1,12212,0,0
24,25000,RENT,3.0,MEDICAL,3000,10.95,0,0.12,N,2,1,12214,0,0
24,26400,RENT,7.0,MEDICAL,3000,10.99,0,0.11,N,2,1,12223,0,0
25,84000,MORTGAGE,9.0,VENTURE,5000,10.99,0,0.06,N,2,1,12229,0,0
23,84000,MORTGAGE,0.0,PERSONAL,28000,8.49,0,0.33,N,4,1,12233,0,0
22,28000,RENT,4.0,EDUCATION,3000,10.59,0,0.11,N,3,1,12235,0,0
22,84000,MORTGAGE,6.0,DEBTCONSOLIDATION,7200,5.79,0,0.09,N,2,1,12248,0,0
22,84000,MORTGAGE,3.0,EDUCATION,10000,10.38,0,0.12,N,3,1,12257,0,0
23,62000,RENT,8.0,DEBTCONSOLIDATION,12000,5.79,0,0.19,N,2,1,12261,0,0
25,62300,RENT,9.0,MEDICAL,12000,7.9,0,0.19,N,4,1,12266,0,0
23,84000,MORTGAGE,7.0,VENTURE,25000,12.53,0,0.3,N,2,1,12267,0,0
26,84191,MORTGAGE,5.0,MEDICAL,9000,6.62,0,0.11,N,4,1,12283,0,0
21,84400,OWN,2.0,VENTURE,12000,8.94,0,0.14,N,3,1,12285,0,0
22,58000,RENT,3.0,MEDICAL,12000,10.99,1,0.21,N,3,1,12287,1,0
23,64000,RENT,0.0,PERSONAL,12000,13.16,0,0.19,N,2,1,12290,0,0
22,84600,MORTGAGE,4.0,PERSONAL,6000,10.99,0,0.07,N,4,1,12292,0,0
24,64575,RENT,2.0,PERSONAL,12000,7.29,0,0.19,N,4,1,12296,0,0
24,84996,OWN,4.0,PERSONAL,8000,15.57,0,0.09,Y,2,0,12301,0,0
21,65000,RENT,6.0,PERSONAL,12000,14.3,0,0.18,N,3,1,12313,0,0
24,70000,RENT,8.0,PERSONAL,12000,10.65,0,0.17,N,3,1,12335,0,0
23,85000,MORTGAGE,0.0,EDUCATION,11000,14.27,0,0.13,N,4,1,12338,0,0
26,70000,RENT,0.0,EDUCATION,12000,5.99,0,0.17,N,4,1,12341,0,0
26,85000,MORTGAGE,1.0,PERSONAL,7200,8.9,0,0.08,N,4,1,12347,0,0
25,70000,RENT,6.0,VENTURE,12000,12.18,0,0.17,N,3,1,12351,0,0
23,70000,RENT,4.0,MEDICAL,12000,10.99,0,0.17,N,2,1,12353,0,0
26,85000,MORTGAGE,10.0,PERSONAL,12000,6.62,0,0.14,N,3,1,12358,0,0
23,85000,MORTGAGE,0.0,EDUCATION,24000,7.49,0,0.28,N,4,1,12362,0,0
24,85000,MORTGAGE,8.0,VENTURE,10000,12.99,0,0.12,Y,4,0,12364,0,0
26,85000,MORTGAGE,10.0,DEBTCONSOLIDATION,4650,13.49,0,0.05,Y,3,0,12365,0,0
26,85000,MORTGAGE,0.0,MEDICAL,11600,5.42,0,0.14,N,4,1,12371,0,0
23,85000,MORTGAGE,6.0,EDUCATION,10000,10.99,0,0.12,N,2,1,12372,0,0
25,66000,RENT,9.0,PERSONAL,12000,16.89,1,0.18,N,2,1,12376,1,0
25,85000,MORTGAGE,0.0,EDUCATION,2800,7.49,0,0.03,N,3,1,12377,0,0
25,85000,MORTGAGE,10.0,VENTURE,16000,10.99,0,0.19,N,2,1,12387,0,0
26,85000,MORTGAGE,0.0,VENTURE,20000,10.37,0,0.24,N,2,1,12395,0,0
22,85000,MORTGAGE,6.0,EDUCATION,10000,10.99,0,0.12,N,2,1,12400,0,0
26,41000,RENT,8.0,DEBTCONSOLIDATION,3000,12.42,0,0.07,N,3,1,12403,0,0
26,73000,MORTGAGE,3.0,HOMEIMPROVEMENT,14400,13.8,1,0.2,Y,3,0,12407,1,0
22,85000,MORTGAGE,0.0,VENTURE,12800,6.54,0,0.15,N,3,1,12414,0,0
23,85000,MORTGAGE,7.0,VENTURE,25000,10.36,0,0.29,N,4,1,12418,0,0
24,85000,MORTGAGE,8.0,MEDICAL,25000,10.36,0,0.29,N,3,1,12423,0,0
21,37000,OWN,0.0,VENTURE,9250,12.23,0,0.25,N,4,1,12426,0,0
22,85000,MORTGAGE,4.0,VENTURE,12000,6.91,0,0.14,N,3,1,12429,0,0
22,42000,RENT,6.0,PERSONAL,3000,11.49,0,0.07,N,2,1,12431,0,0
25,85000,MORTGAGE,4.0,HOMEIMPROVEMENT,5000,6.17,0,0.06,N,2,1,12435,0,0
25,85000,MORTGAGE,7.0,PERSONAL,2000,10.99,0,0.02,N,2,1,12447,0,0
25,85000,MORTGAGE,9.0,VENTURE,4000,7.88,0,0.05,N,2,1,12451,0,0
23,85000,MORTGAGE,3.0,EDUCATION,20000,10.99,0,0.24,Y,4,0,12457,0,0
22,85000,MORTGAGE,0.0,VENTURE,12000,10.99,0,0.14,N,3,1,12469,0,0
25,85000,MORTGAGE,9.0,VENTURE,7200,13.57,0,0.08,N,3,1,12472,0,0
26,85000,OWN,10.0,EDUCATION,10000,12.18,0,0.12,N,2,1,12477,0,0
24,75000,RENT,8.0,PERSONAL,12000,10.99,0,0.16,N,4,1,12481,0,0
24,85000,MORTGAGE,1.0,DEBTCONSOLIDATION,4400,7.4,0,0.05,N,2,1,12483,0,0
26,75000,RENT,4.0,VENTURE,12000,10.37,0,0.16,N,4,1,12486,0,0
23,69000,RENT,5.0,VENTURE,12000,12.68,1,0.17,N,3,1,12487,1,0
23,85000,MORTGAGE,7.0,EDUCATION,20000,13.22,0,0.24,Y,4,0,12492,0,0
24,75000,RENT,7.0,PERSONAL,12000,10.99,0,0.16,Y,3,0,12496,0,0
25,85000,MORTGAGE,9.0,PERSONAL,1000,9.32,0,0.01,N,2,1,12498,0,0
22,85000,MORTGAGE,1.0,MEDICAL,25000,12.53,0,0.29,N,4,1,12505,0,0
25,78500,RENT,2.0,MEDICAL,12000,10.99,0,0.15,N,2,1,12512,0,0
25,85000,MORTGAGE,5.0,DEBTCONSOLIDATION,7500,11.03,0,0.09,Y,3,0,12514,0,0
25,85100,MORTGAGE,9.0,PERSONAL,4500,6.39,0,0.05,N,3,1,12524,0,0
21,36184,OWN,2.0,PERSONAL,12000,9.99,0,0.33,N,4,1,12528,0,0
24,62900,RENT,8.0,MEDICAL,12000,15.62,1,0.16,Y,2,0,12532,1,1
21,85800,MORTGAGE,5.0,VENTURE,18900,10.99,0,0.22,N,2,1,12539,0,0
22,80000,RENT,0.0,EDUCATION,12000,13.47,0,0.15,N,3,1,12547,0,0
25,86000,MORTGAGE,10.0,VENTURE,13000,8.49,0,0.15,N,4,1,12556,0,0
24,36000,OWN,4.0,PERSONAL,5000,13.49,0,0.14,Y,4,0,12557,0,0
25,82560,RENT,1.0,EDUCATION,12000,10.99,0,0.15,N,3,1,12564,0,0
26,83000,RENT,1.0,DEBTCONSOLIDATION,12000,9.99,0,0.14,N,3,1,12573,0,0
23,86000,MORTGAGE,5.0,PERSONAL,16000,12.21,0,0.19,N,3,1,12575,0,0
24,84000,RENT,1.0,PERSONAL,12000,6.91,0,0.14,N,2,1,12581,0,0
22,78996,RENT,1.0,DEBTCONSOLIDATION,12000,15.95,1,0.15,Y,3,0,12586,1,1
24,86400,MORTGAGE,2.0,DEBTCONSOLIDATION,12200,7.29,0,0.14,N,3,1,12589,0,0
23,86400,OWN,0.0,EDUCATION,16000,11.86,0,0.19,N,3,1,12591,0,0
26,86604,MORTGAGE,5.0,HOMEIMPROVEMENT,4300,7.66,0,0.05,N,2,1,12593,0,0
23,86748,MORTGAGE,2.0,PERSONAL,10000,8.49,0,0.12,N,4,1,12597,0,0
23,85000,RENT,3.0,MEDICAL,12000,10.99,0,0.14,N,2,1,12604,0,0
23,75000,MORTGAGE,7.0,PERSONAL,8000,7.49,1,0.11,N,4,1,12609,1,0
22,85000,RENT,1.0,EDUCATION,12000,12.84,0,0.14,Y,4,0,12613,0,0
21,85000,RENT,1.0,VENTURE,12000,11.97,0,0.14,N,2,1,12617,0,0
23,87000,MORTGAGE,5.0,EDUCATION,10000,7.29,0,0.11,N,4,1,12618,0,0
24,86000,RENT,1.0,HOMEIMPROVEMENT,12000,10.65,0,0.14,N,3,1,12619,0,0
25,87000,MORTGAGE,10.0,HOMEIMPROVEMENT,7000,7.51,0,0.08,N,4,1,12622,0,0
23,87000,MORTGAGE,5.0,DEBTCONSOLIDATION,15000,14.35,0,0.17,N,2,1,12623,0,1
26,88000,RENT,10.0,PERSONAL,12000,12.42,0,0.14,N,2,1,12627,0,0
26,87000,MORTGAGE,0.0,DEBTCONSOLIDATION,15000,10.62,0,0.17,N,2,1,12630,0,0
25,87000,MORTGAGE,4.0,MEDICAL,13000,11.26,0,0.15,N,3,1,12639,0,0
23,87000,MORTGAGE,4.0,EDUCATION,10000,10.99,0,0.11,N,4,1,12640,0,0
26,87300,MORTGAGE,0.0,VENTURE,6000,10.28,0,0.07,Y,4,0,12653,0,0
21,87500,OWN,5.0,EDUCATION,12000,10.99,0,0.14,N,2,1,12656,0,0
22,90000,RENT,6.0,VENTURE,12000,10.99,0,0.13,N,4,1,12659,0,0
24,87600,MORTGAGE,8.0,EDUCATION,3000,5.99,0,0.03,N,2,1,12668,0,0
24,87700,MORTGAGE,8.0,HOMEIMPROVEMENT,25000,10.25,0,0.29,N,4,1,12671,0,0
24,88000,MORTGAGE,4.0,MEDICAL,6000,9.91,0,0.07,N,2,1,12678,0,0
23,88000,MORTGAGE,7.0,MEDICAL,12000,10.99,0,0.14,Y,2,0,12680,0,0
24,76000,MORTGAGE,3.0,VENTURE,12000,10.99,1,0.16,Y,4,0,12687,1,0
23,88000,MORTGAGE,7.0,MEDICAL,18150,12.68,0,0.21,N,2,1,12692,0,0
26,88000,MORTGAGE,10.0,HOMEIMPROVEMENT,3800,6.54,0,0.04,N,2,1,12695,0,0
26,95000,RENT,0.0,DEBTCONSOLIDATION,12000,10.65,0,0.13,N,4,1,12701,0,0
26,95000,RENT,0.0,VENTURE,12000,8.49,0,0.13,N,4,1,12702,0,0
22,70550,RENT,4.0,MEDICAL,12000,15.68,1,0.14,N,3,1,12708,1,1
25,96000,RENT,3.0,VENTURE,12000,11.99,0,0.13,N,3,1,12710,0,0
22,96000,RENT,3.0,DEBTCONSOLIDATION,12000,13.61,0,0.13,Y,3,0,12712,0,0
22,88512,MORTGAGE,6.0,PERSONAL,3000,5.79,0,0.03,N,3,1,12724,0,0
23,76800,MORTGAGE,0.0,EDUCATION,7200,20.89,1,0.09,N,2,1,12728,1,0
22,88824,MORTGAGE,6.0,DEBTCONSOLIDATION,12600,7.66,0,0.14,N,3,1,12732,0,0
26,88900,MORTGAGE,9.0,MEDICAL,19200,14.65,0,0.22,N,4,1,12733,0,1
24,89000,OWN,7.0,HOMEIMPROVEMENT,15000,17.58,0,0.17,N,4,1,12736,0,0
25,110000,RENT,8.0,HOMEIMPROVEMENT,12000,12.23,0,0.11,Y,2,0,12750,0,0
25,89016,MORTGAGE,9.0,MEDICAL,4500,10.99,0,0.05,N,3,1,12753,0,0
23,89204,MORTGAGE,5.0,EDUCATION,18000,7.9,0,0.2,N,4,1,12757,0,0
24,113000,RENT,4.0,DEBTCONSOLIDATION,12000,7.49,0,0.11,N,2,1,12758,0,0
22,89440,MORTGAGE,6.0,VENTURE,8000,5.79,0,0.09,N,4,1,12759,0,0
24,115000,RENT,8.0,EDUCATION,12000,6.54,0,0.1,N,3,1,12761,0,0
25,36000,OWN,0.0,VENTURE,2400,12.21,0,0.07,N,2,1,12773,0,0
25,90000,MORTGAGE,2.0,MEDICAL,15000,12.42,0,0.17,N,2,1,12781,0,0
25,90000,MORTGAGE,2.0,MEDICAL,9500,11.71,0,0.11,N,4,1,12788,0,0
26,130000,RENT,5.0,EDUCATION,12000,14.22,0,0.09,Y,2,0,12789,0,0
26,136000,RENT,2.0,PERSONAL,12000,14.72,0,0.09,Y,2,0,12791,0,0
22,78000,MORTGAGE,6.0,HOMEIMPROVEMENT,25000,16.77,1,0.32,N,2,1,12792,1,1
23,140000,RENT,5.0,DEBTCONSOLIDATION,12000,11.12,0,0.09,N,3,1,12793,0,0
24,125375,RENT,0.0,MEDICAL,12000,14.27,1,0.08,N,2,1,12800,1,0
23,90000,MORTGAGE,6.0,DEBTCONSOLIDATION,12000,10.99,0,0.13,N,3,1,12802,0,0
23,170000,RENT,7.0,EDUCATION,12000,11.11,0,0.07,N,2,1,12805,0,0
23,35482,OWN,7.0,VENTURE,7000,14.74,0,0.2,N,4,1,12815,0,0
24,90000,MORTGAGE,1.0,MEDICAL,15000,9.99,0,0.17,N,4,1,12824,0,0
23,25960,RENT,1.0,VENTURE,12250,10.37,1,0.47,N,4,1,12829,1,1
26,90000,MORTGAGE,10.0,PERSONAL,13000,10.59,0,0.14,N,3,1,12830,0,0
24,26000,RENT,1.0,MEDICAL,12250,11.49,1,0.47,N,2,1,12831,1,1
22,30000,RENT,0.0,HOMEIMPROVEMENT,12250,13.67,1,0.41,Y,4,0,12838,1,1
24,90000,MORTGAGE,7.0,MEDICAL,15000,8.49,0,0.17,N,3,1,12843,0,0
23,36000,RENT,4.0,MEDICAL,12250,10.74,1,0.34,N,3,1,12848,1,1
22,44000,RENT,0.0,MEDICAL,12250,15.99,1,0.28,Y,2,0,12851,1,1
26,90000,MORTGAGE,10.0,HOMEIMPROVEMENT,5175,11.99,0,0.06,N,2,1,12858,0,0
24,30000,RENT,1.0,EDUCATION,12300,10.74,1,0.41,N,2,1,12859,1,1
24,90000,MORTGAGE,8.0,EDUCATION,35000,12.68,0,0.39,Y,2,0,12865,0,0
26,42000,RENT,6.0,PERSONAL,12375,7.51,0,0.29,N,3,1,12868,0,0
24,90000,MORTGAGE,8.0,VENTURE,6000,5.79,0,0.07,N,4,1,12883,0,0
25,90000,MORTGAGE,5.0,VENTURE,10000,12.61,0,0.11,Y,3,0,12892,0,0
22,90000,MORTGAGE,6.0,VENTURE,3500,9.25,0,0.04,N,2,1,12894,0,0
24,33396,RENT,3.0,PERSONAL,2800,16.0,1,0.08,N,3,1,12895,1,1
22,35000,RENT,5.0,VENTURE,2800,10.37,0,0.08,N,4,1,12896,0,0
22,40000,RENT,1.0,DEBTCONSOLIDATION,2800,7.49,0,0.07,N,4,1,12899,0,0
24,40800,RENT,0.0,VENTURE,2800,6.99,0,0.07,N,4,1,12903,0,0
22,46800,RENT,5.0,DEBTCONSOLIDATION,2800,10.37,0,0.06,N,3,1,12915,0,0
22,90000,MORTGAGE,6.0,EDUCATION,6400,9.88,0,0.07,N,3,1,12918,0,0
24,44000,RENT,5.0,PERSONAL,2800,14.17,1,0.06,N,2,1,12923,1,0
21,48000,RENT,5.0,PERSONAL,2800,8.9,1,0.06,N,2,1,12928,1,0
23,78000,MORTGAGE,7.0,DEBTCONSOLIDATION,15000,15.31,1,0.19,N,4,1,12932,1,1
24,86400,RENT,5.0,DEBTCONSOLIDATION,2800,14.65,0,0.03,Y,4,0,12933,0,1
23,123000,RENT,4.0,DEBTCONSOLIDATION,2800,13.49,0,0.02,Y,3,0,12936,0,0
26,90000,MORTGAGE,1.0,PERSONAL,20000,10.99,0,0.22,N,3,1,12946,0,0
23,60000,RENT,7.0,EDUCATION,2750,15.23,0,0.05,Y,4,0,12947,0,0
24,31200,RENT,4.0,PERSONAL,2725,10.74,0,0.09,N,2,1,12950,0,0
23,90000,MORTGAGE,1.0,DEBTCONSOLIDATION,1500,12.84,0,0.02,N,2,1,12957,0,0
23,90000,MORTGAGE,1.0,EDUCATION,15000,16.32,0,0.17,N,2,1,12958,0,0
26,78000,MORTGAGE,10.0,EDUCATION,10000,9.63,1,0.13,N,4,1,12959,1,0
24,90000,MORTGAGE,8.0,PERSONAL,5000,11.34,0,0.06,Y,4,0,12967,0,0
25,90000,MORTGAGE,3.0,VENTURE,25000,10.39,0,0.28,N,3,1,12968,0,0
26,30000,RENT,2.0,EDUCATION,2700,10.75,0,0.09,N,2,1,12969,0,0
24,32000,RENT,1.0,VENTURE,2700,10.99,0,0.08,N,3,1,12971,0,1
25,51000,RENT,1.0,DEBTCONSOLIDATION,2700,9.7,0,0.05,N,2,1,12980,0,0
24,90730,MORTGAGE,6.0,HOMEIMPROVEMENT,8000,10.99,0,0.09,N,2,1,12981,0,0
23,40000,RENT,7.0,PERSONAL,2675,8.07,0,0.07,N,4,1,12990,0,0
24,91000,MORTGAGE,8.0,DEBTCONSOLIDATION,2400,9.91,0,0.03,N,4,1,12993,0,0
24,91000,MORTGAGE,8.0,HOMEIMPROVEMENT,10000,10.99,0,0.11,N,4,1,12994,0,0
23,91000,MORTGAGE,7.0,PERSONAL,1500,14.54,0,0.02,Y,4,0,12995,0,0
22,91000,OWN,5.0,EDUCATION,15000,7.88,0,0.16,N,2,1,13000,0,0
21,91000,MORTGAGE,5.0,VENTURE,20000,10.62,0,0.22,N,2,1,13004,0,0
24,91000,MORTGAGE,5.0,MEDICAL,15000,7.88,0,0.16,N,4,1,13005,0,0
21,27000,RENT,3.0,PERSONAL,2600,13.22,0,0.1,Y,2,0,13013,0,0
26,35000,OWN,1.0,VENTURE,4175,7.74,0,0.12,N,4,1,13033,0,0
26,67983,MORTGAGE,7.0,MEDICAL,15000,16.49,1,0.19,Y,3,0,13034,1,1
23,92000,MORTGAGE,2.0,DEBTCONSOLIDATION,15000,9.91,0,0.16,N,2,1,13035,0,0
23,10000,RENT,0.0,HOMEIMPROVEMENT,2500,14.59,1,0.25,Y,3,0,13039,1,1
23,92000,MORTGAGE,5.0,EDUCATION,2400,12.69,0,0.03,N,2,1,13040,0,0
21,42000,RENT,4.0,EDUCATION,12500,8.94,0,0.3,N,2,1,13047,0,0
26,68000,MORTGAGE,11.0,MEDICAL,25000,15.65,1,0.31,N,2,1,13048,1,1
22,14400,RENT,2.0,PERSONAL,2500,10.99,1,0.17,N,2,1,13053,1,1
24,92000,OWN,4.0,MEDICAL,7200,9.88,0,0.08,N,2,1,13058,0,0
23,68000,MORTGAGE,4.0,MEDICAL,8000,15.33,1,0.1,N,3,1,13059,1,1
22,92000,OTHER,2.0,MEDICAL,6000,12.22,0,0.07,N,2,1,13066,0,0
21,18000,RENT,3.0,EDUCATION,2500,7.88,0,0.14,N,2,1,13069,0,0
25,80004,MORTGAGE,8.0,PERSONAL,6000,8.0,1,0.07,N,2,1,13075,1,0
24,80400,MORTGAGE,8.0,PERSONAL,10000,11.66,1,0.12,N,2,1,13082,1,0
22,92496,MORTGAGE,2.0,EDUCATION,10200,10.99,0,0.11,N,4,1,13084,0,0
23,92700,MORTGAGE,2.0,EDUCATION,5000,8.94,0,0.05,N,4,1,13098,0,0
26,92795,MORTGAGE,10.0,MEDICAL,19000,10.37,0,0.2,N,4,1,13099,0,0
24,54996,RENT,0.0,MEDICAL,12500,12.87,0,0.23,N,2,1,13104,0,0
24,60000,RENT,4.0,EDUCATION,12500,11.49,0,0.21,N,2,1,13114,0,0
22,62000,RENT,6.0,MEDICAL,12500,7.29,0,0.2,N,2,1,13118,0,0
23,93000,OWN,7.0,VENTURE,25000,12.73,0,0.27,N,3,1,13124,0,0
23,93000,OWN,7.0,VENTURE,10000,9.88,0,0.11,N,3,1,13126,0,0
25,80400,RENT,2.0,VENTURE,12500,9.38,0,0.16,N,2,1,13129,0,0
22,93218,MORTGAGE,5.0,MEDICAL,12000,11.49,0,0.13,N,3,1,13139,0,0
25,69360,MORTGAGE,2.0,MEDICAL,22000,19.79,1,0.27,Y,3,0,13152,1,1
25,93600,MORTGAGE,9.0,DEBTCONSOLIDATION,20000,10.62,0,0.21,N,3,1,13153,0,0
23,94000,MORTGAGE,1.0,PERSONAL,13000,6.03,0,0.14,N,4,1,13160,0,0
25,94000,MORTGAGE,5.0,MEDICAL,20000,10.99,0,0.21,N,4,1,13168,0,0
25,94400,MORTGAGE,4.0,PERSONAL,35000,7.49,0,0.37,N,3,1,13177,0,0
23,60000,RENT,2.0,DEBTCONSOLIDATION,12800,10.59,0,0.21,N,4,1,13182,0,0
23,95000,MORTGAGE,0.0,VENTURE,10000,9.91,0,0.11,N,3,1,13192,0,0
23,70550,MORTGAGE,7.0,MEDICAL,15000,8.9,1,0.18,N,4,1,13197,1,0
22,95000,MORTGAGE,4.0,EDUCATION,6400,7.9,0,0.07,N,4,1,13203,0,0
23,95000,MORTGAGE,8.0,MEDICAL,7200,14.79,0,0.08,Y,4,0,13214,0,0
25,55000,RENT,9.0,HOMEIMPROVEMENT,13000,7.51,0,0.24,N,4,1,13238,0,0
24,56000,RENT,2.0,DEBTCONSOLIDATION,13000,11.83,0,0.23,N,4,1,13242,0,0
22,60000,RENT,6.0,VENTURE,13000,9.99,0,0.22,N,4,1,13247,0,0
24,95000,MORTGAGE,0.0,MEDICAL,12000,10.36,0,0.13,N,4,1,13249,0,0
22,60000,RENT,0.0,DEBTCONSOLIDATION,13000,8.94,0,0.22,N,2,1,13251,0,0
25,62000,RENT,2.0,HOMEIMPROVEMENT,13000,6.91,0,0.21,N,2,1,13252,0,0
24,33600,OWN,8.0,VENTURE,2500,6.39,0,0.07,N,3,1,13253,0,0
22,95000,MORTGAGE,1.0,EDUCATION,7200,12.23,0,0.08,Y,4,0,13254,0,0
26,95000,MORTGAGE,10.0,EDUCATION,7275,6.91,0,0.08,N,4,1,13256,0,0
21,33600,OWN,5.0,VENTURE,3000,11.83,0,0.09,N,4,1,13259,0,0
22,95000,MORTGAGE,6.0,MEDICAL,12000,7.51,0,0.13,N,3,1,13263,0,0
23,95000,OWN,2.0,EDUCATION,10900,7.74,0,0.11,N,4,1,13278,0,0
24,70000,RENT,2.0,DEBTCONSOLIDATION,13000,10.0,0,0.19,N,2,1,13282,0,0
25,95000,MORTGAGE,0.0,VENTURE,4000,8.0,0,0.04,N,4,1,13290,0,0
25,75000,RENT,4.0,DEBTCONSOLIDATION,13000,11.48,0,0.17,N,4,1,13294,0,0
23,76000,RENT,3.0,MEDICAL,13000,10.99,0,0.17,Y,2,0,13295,0,0
24,95000,MORTGAGE,4.0,PERSONAL,25000,10.08,0,0.26,N,4,1,13297,0,0
24,84000,RENT,3.0,MEDICAL,13000,11.83,0,0.15,N,3,1,13299,0,0
23,95004,MORTGAGE,4.0,VENTURE,10000,7.51,0,0.11,N,4,1,13310,0,0
24,90000,RENT,0.0,PERSONAL,13000,8.94,0,0.14,N,4,1,13312,0,0
24,95610,MORTGAGE,8.0,VENTURE,6000,10.99,0,0.06,N,4,1,13321,0,0
26,108000,RENT,3.0,HOMEIMPROVEMENT,13000,15.99,1,0.12,Y,3,0,13326,1,0
25,96000,MORTGAGE,6.0,HOMEIMPROVEMENT,21000,14.65,0,0.22,N,3,1,13328,0,0
25,96000,MORTGAGE,5.0,DEBTCONSOLIDATION,35000,7.49,0,0.36,N,3,1,13342,0,0
24,96000,MORTGAGE,8.0,HOMEIMPROVEMENT,11000,5.99,0,0.11,N,2,1,13352,0,0
23,96000,OWN,8.0,MEDICAL,8000,13.49,0,0.08,N,3,1,13356,0,0
21,33000,OWN,2.0,EDUCATION,11000,13.11,0,0.33,Y,3,0,13363,0,0
25,84000,MORTGAGE,9.0,DEBTCONSOLIDATION,5000,16.02,1,0.06,N,3,1,13367,1,1
26,96000,MORTGAGE,4.0,VENTURE,11625,10.0,0,0.12,N,3,1,13370,0,0
26,96000,MORTGAGE,10.0,VENTURE,8000,7.29,0,0.08,N,4,1,13371,0,0
23,96000,MORTGAGE,0.0,VENTURE,20000,11.11,0,0.21,N,2,1,13373,0,0
22,96000,MORTGAGE,4.0,VENTURE,8000,7.88,0,0.08,N,4,1,13389,0,0
22,32760,OWN,2.0,VENTURE,7000,11.78,0,0.21,Y,4,0,13391,0,0
25,80600,RENT,9.0,PERSONAL,13800,11.99,0,0.17,N,3,1,13396,0,0
25,96000,OWN,0.0,EDUCATION,4000,9.88,0,0.04,N,3,1,13398,0,0
24,105000,RENT,2.0,VENTURE,13800,7.66,0,0.13,N,2,1,13399,0,0
21,96000,OWN,1.0,EDUCATION,7000,12.53,0,0.07,N,4,1,13413,0,0
22,96384,MORTGAGE,6.0,VENTURE,18000,10.25,0,0.19,N,3,1,13424,0,0
25,97000,MORTGAGE,9.0,PERSONAL,8000,10.99,0,0.08,N,4,1,13433,0,0
22,46000,RENT,6.0,EDUCATION,14000,8.49,0,0.3,N,4,1,13438,0,0
23,42000,RENT,2.0,PERSONAL,14000,16.89,1,0.33,N,3,1,13451,1,1
22,97000,MORTGAGE,0.0,EDUCATION,7500,11.34,0,0.08,Y,4,0,13458,0,0
24,97000,MORTGAGE,2.0,HOMEIMPROVEMENT,12000,10.28,0,0.12,N,2,1,13459,0,0
24,50000,RENT,2.0,HOMEIMPROVEMENT,14000,9.88,0,0.28,N,2,1,13462,0,0
25,85584,MORTGAGE,10.0,DEBTCONSOLIDATION,24000,17.19,1,0.28,Y,2,0,13464,1,1
23,97781,MORTGAGE,7.0,MEDICAL,5575,6.54,0,0.06,N,3,1,13469,0,0
23,52000,RENT,7.0,EDUCATION,14000,6.91,0,0.27,N,3,1,13471,0,0
22,85992,MORTGAGE,6.0,DEBTCONSOLIDATION,3500,14.74,1,0.04,Y,3,0,13473,1,1
23,52800,RENT,4.0,VENTURE,14000,14.27,0,0.27,N,3,1,13475,0,0
24,98000,MORTGAGE,8.0,VENTURE,10000,6.62,0,0.1,N,3,1,13477,0,0
21,53000,RENT,2.0,EDUCATION,14000,14.65,0,0.26,N,3,1,13478,0,0
24,98000,OWN,8.0,VENTURE,12000,7.49,0,0.12,N,2,1,13480,0,0
21,98000,MORTGAGE,5.0,PERSONAL,6000,10.59,0,0.06,N,4,1,13484,0,0
22,54000,RENT,0.0,MEDICAL,14000,7.14,0,0.26,N,2,1,13488,0,0
23,86000,MORTGAGE,7.0,DEBTCONSOLIDATION,4800,16.0,1,0.06,Y,3,0,13501,1,1
25,98000,MORTGAGE,3.0,HOMEIMPROVEMENT,1000,11.14,0,0.01,N,4,1,13504,0,0
23,98000,MORTGAGE,7.0,DEBTCONSOLIDATION,20000,13.57,0,0.2,N,4,1,13505,0,0
25,98000,MORTGAGE,2.0,PERSONAL,6400,9.63,0,0.07,N,4,1,13506,0,0
21,55260,RENT,0.0,EDUCATION,14000,6.54,0,0.25,N,2,1,13511,0,0
24,98400,MORTGAGE,0.0,EDUCATION,8000,12.68,0,0.08,N,2,1,13519,0,0
22,99000,MORTGAGE,6.0,VENTURE,18000,8.9,0,0.18,N,3,1,13529,0,0
23,99000,MORTGAGE,8.0,EDUCATION,1800,7.88,0,0.02,N,2,1,13538,0,0
26,99000,MORTGAGE,9.0,MEDICAL,20000,14.22,0,0.2,N,4,1,13539,0,0
26,99085,MORTGAGE,10.0,VENTURE,8000,14.91,0,0.08,Y,4,0,13542,0,0
23,99670,MORTGAGE,2.0,PERSONAL,5500,14.74,0,0.06,N,4,1,13552,0,0
26,99900,MORTGAGE,10.0,PERSONAL,2700,10.99,0,0.03,N,3,1,13556,0,0
22,61000,RENT,0.0,EDUCATION,14000,6.99,0,0.23,N,4,1,13561,0,0
23,65000,RENT,3.0,PERSONAL,14000,10.65,0,0.22,N,4,1,13571,0,0
25,31200,OWN,9.0,PERSONAL,15000,6.03,0,0.48,N,4,1,13581,0,0
25,88000,MORTGAGE,9.0,PERSONAL,20000,17.58,1,0.23,N,3,1,13586,1,0
21,70000,RENT,5.0,PERSONAL,14000,6.99,0,0.2,N,3,1,13595,0,0
26,100000,MORTGAGE,10.0,DEBTCONSOLIDATION,12000,5.99,0,0.12,N,2,1,13602,0,0
21,72500,RENT,3.0,EDUCATION,14000,13.49,0,0.19,Y,2,0,13604,0,0
24,100000,MORTGAGE,8.0,MEDICAL,6000,5.42,0,0.06,N,4,1,13606,0,0
24,100000,MORTGAGE,1.0,VENTURE,5000,10.99,0,0.05,N,3,1,13608,0,0
26,100000,MORTGAGE,11.0,PERSONAL,15000,13.99,0,0.15,N,4,1,13609,0,0
23,73000,RENT,1.0,PERSONAL,14000,13.11,0,0.19,N,2,1,13610,0,0
23,100000,MORTGAGE,5.0,MEDICAL,8000,11.49,0,0.08,N,4,1,13611,0,0
23,100000,MORTGAGE,7.0,PERSONAL,11200,11.49,0,0.11,N,2,1,13614,0,0
26,88000,MORTGAGE,6.0,EDUCATION,7700,14.79,1,0.09,Y,4,0,13618,1,0
22,100000,MORTGAGE,6.0,EDUCATION,15000,7.49,0,0.15,N,2,1,13620,0,0
22,31193,OWN,0.0,DEBTCONSOLIDATION,4000,14.74,0,0.13,Y,2,0,13623,0,0
24,100000,MORTGAGE,3.0,EDUCATION,10000,5.99,0,0.1,N,2,1,13624,0,0
22,100000,MORTGAGE,6.0,EDUCATION,3000,11.49,0,0.03,N,3,1,13625,0,0
26,100000,MORTGAGE,4.0,EDUCATION,5000,6.92,0,0.05,N,4,1,13637,0,0
24,81000,RENT,2.0,DEBTCONSOLIDATION,14000,14.17,0,0.17,N,4,1,13641,0,0
24,100000,MORTGAGE,8.0,VENTURE,6000,5.79,0,0.06,N,2,1,13643,0,0
23,100000,MORTGAGE,1.0,PERSONAL,9125,11.11,0,0.09,N,3,1,13645,0,0
24,100000,MORTGAGE,8.0,HOMEIMPROVEMENT,12000,6.92,0,0.12,N,2,1,13649,0,0
24,100000,MORTGAGE,9.0,VENTURE,12800,5.79,0,0.13,N,4,1,13650,0,0
24,100000,MORTGAGE,6.0,MEDICAL,20000,6.17,0,0.2,N,4,1,13651,0,0
22,100000,MORTGAGE,6.0,EDUCATION,10000,10.74,0,0.1,N,3,1,13653,0,0
25,100000,MORTGAGE,0.0,EDUCATION,7500,6.54,0,0.07,N,4,1,13655,0,0
23,100000,MORTGAGE,8.0,PERSONAL,16000,6.17,0,0.16,N,2,1,13656,0,0
24,88000,RENT,0.0,HOMEIMPROVEMENT,14000,9.99,0,0.16,N,3,1,13658,0,0
26,90000,RENT,0.0,HOMEIMPROVEMENT,14000,6.03,0,0.16,N,2,1,13659,0,0
21,88000,MORTGAGE,1.0,PERSONAL,25000,14.83,1,0.28,N,4,1,13660,1,1
25,90996,RENT,5.0,MEDICAL,14000,12.23,0,0.15,N,2,1,13661,0,0
24,95000,RENT,5.0,VENTURE,14000,10.99,0,0.15,N,2,1,13671,0,0
22,100000,MORTGAGE,4.0,EDUCATION,13500,10.99,0,0.14,N,4,1,13674,0,0
24,100000,MORTGAGE,8.0,EDUCATION,16800,7.88,0,0.17,N,4,1,13676,0,0
24,98000,RENT,4.0,EDUCATION,14000,14.26,1,0.14,N,3,1,13685,1,0
25,100000,MORTGAGE,2.0,PERSONAL,10000,7.51,0,0.1,N,4,1,13687,0,0
22,100000,MORTGAGE,0.0,VENTURE,15000,13.85,0,0.15,N,3,1,13695,0,0
26,100000,MORTGAGE,10.0,EDUCATION,14000,13.11,0,0.14,Y,2,0,13700,0,0
23,122000,RENT,7.0,DEBTCONSOLIDATION,14000,13.48,0,0.11,Y,2,0,13701,0,0
25,100000,MORTGAGE,9.0,MEDICAL,15000,12.73,0,0.15,Y,4,0,13702,0,0
21,100000,OWN,5.0,PERSONAL,5000,7.14,0,0.05,N,3,1,13709,0,0
23,100000,OWN,0.0,VENTURE,1000,14.26,0,0.01,N,3,1,13717,0,0
26,100000,MORTGAGE,0.0,EDUCATION,10000,14.26,0,0.1,N,2,1,13723,0,0
25,100000,MORTGAGE,9.0,MEDICAL,12000,8.94,0,0.12,N,4,1,13729,0,0
23,100000,MORTGAGE,1.0,VENTURE,25000,11.58,0,0.25,N,3,1,13732,0,0
24,88000,MORTGAGE,2.0,EDUCATION,25000,18.84,1,0.28,N,2,1,13734,1,0
25,100000,OWN,4.0,MEDICAL,15000,11.28,0,0.15,N,4,1,13744,0,0
26,100000,MORTGAGE,7.0,DEBTCONSOLIDATION,7500,8.32,0,0.07,N,3,1,13745,0,0
24,88000,MORTGAGE,0.0,HOMEIMPROVEMENT,6400,11.66,1,0.07,Y,3,0,13747,1,0
22,40000,RENT,4.0,DEBTCONSOLIDATION,14125,11.49,1,0.35,N,3,1,13748,1,1
23,100080,MORTGAGE,7.0,PERSONAL,20600,12.53,0,0.21,N,4,1,13755,0,0
26,100800,MORTGAGE,7.0,EDUCATION,8000,11.99,0,0.08,N,3,1,13762,0,0
25,102000,MORTGAGE,5.0,EDUCATION,6975,9.91,0,0.07,N,3,1,13793,0,0
26,102000,MORTGAGE,5.0,PERSONAL,13000,5.42,0,0.13,N,3,1,13802,0,0
23,102000,MORTGAGE,2.0,PERSONAL,6000,7.51,0,0.06,N,2,1,13819,0,0
25,61000,RENT,1.0,PERSONAL,14400,12.53,0,0.24,N,2,1,13822,0,0
25,64000,RENT,9.0,MEDICAL,14400,9.62,0,0.23,N,2,1,13826,0,0
23,68000,RENT,1.0,PERSONAL,14400,17.99,1,0.21,Y,3,0,13835,1,1
24,103000,MORTGAGE,8.0,PERSONAL,8000,10.74,0,0.08,N,3,1,13847,0,0
21,80400,RENT,5.0,VENTURE,14400,10.99,0,0.18,N,4,1,13858,0,0
23,103000,MORTGAGE,1.0,PERSONAL,20000,17.04,0,0.19,N,2,1,13862,0,0
23,82000,RENT,3.0,VENTURE,14400,7.66,0,0.18,N,2,1,13863,0,0
25,85000,RENT,5.0,EDUCATION,14400,8.49,0,0.17,N,2,1,13867,0,0
22,104000,MORTGAGE,6.0,PERSONAL,13600,6.03,0,0.13,N,2,1,13871,0,0
25,104000,OWN,2.0,HOMEIMPROVEMENT,10000,6.92,0,0.1,N,2,1,13876,0,0
24,104000,MORTGAGE,2.0,VENTURE,19000,10.99,0,0.18,N,4,1,13883,0,0
24,104000,MORTGAGE,8.0,EDUCATION,25000,12.84,0,0.24,N,2,1,13889,0,0
25,105000,MORTGAGE,2.0,DEBTCONSOLIDATION,9600,11.71,0,0.09,N,3,1,13897,0,0
26,105000,OWN,10.0,HOMEIMPROVEMENT,4800,11.71,0,0.05,N,4,1,13902,0,0
24,105000,MORTGAGE,8.0,EDUCATION,3000,10.99,0,0.03,Y,3,0,13904,0,0
23,105000,MORTGAGE,4.0,VENTURE,7200,7.51,0,0.07,N,3,1,13905,0,0
26,105000,MORTGAGE,0.0,PERSONAL,5300,12.69,0,0.05,N,4,1,13906,0,0
26,36000,RENT,2.0,DEBTCONSOLIDATION,14500,9.88,1,0.4,N,3,1,13909,1,1
26,105000,MORTGAGE,9.0,VENTURE,12000,10.99,0,0.11,N,2,1,13912,0,0
25,105000,MORTGAGE,3.0,VENTURE,16000,8.49,0,0.15,N,4,1,13914,0,0
23,105000,MORTGAGE,4.0,VENTURE,19000,11.99,0,0.18,N,3,1,13920,0,0
24,105000,MORTGAGE,8.0,MEDICAL,6000,9.99,0,0.06,N,2,1,13922,0,0
25,37200,RENT,3.0,EDUCATION,14500,13.85,1,0.39,Y,3,0,13926,1,1
26,59000,RENT,3.0,VENTURE,14500,11.97,1,0.25,N,2,1,13941,1,0
23,105000,MORTGAGE,7.0,VENTURE,12000,11.36,0,0.11,N,2,1,13943,0,0
23,105000,MORTGAGE,3.0,MEDICAL,20000,11.48,0,0.19,N,2,1,13949,0,0
25,162000,RENT,5.0,EDUCATION,14500,7.9,0,0.09,N,4,1,13956,0,0
26,30000,OWN,3.0,PERSONAL,12000,11.36,0,0.4,N,3,1,13958,0,0
26,105000,MORTGAGE,0.0,MEDICAL,5000,7.68,0,0.05,N,2,1,13966,0,0
25,105000,MORTGAGE,6.0,PERSONAL,6500,13.87,0,0.06,N,4,1,13970,0,0
26,35000,RENT,7.0,MEDICAL,14575,10.65,1,0.42,N,3,1,13972,1,1
26,60000,RENT,0.0,VENTURE,14650,12.61,0,0.24,Y,3,0,13976,0,0
24,105508,MORTGAGE,8.0,MEDICAL,3500,7.66,0,0.03,N,4,1,13980,0,0
22,28000,RENT,6.0,EDUCATION,15000,10.99,1,0.54,N,2,1,13983,1,1
23,105999,MORTGAGE,6.0,VENTURE,8550,9.88,0,0.08,N,2,1,13988,0,0
22,106000,MORTGAGE,6.0,VENTURE,35000,10.99,0,0.33,N,2,1,13989,0,0
25,94000,MORTGAGE,1.0,VENTURE,25000,10.99,1,0.27,Y,2,0,13993,1,0
25,79900,MORTGAGE,7.0,MEDICAL,15000,11.12,1,0.16,N,4,1,13995,1,0
26,29040,RENT,2.0,EDUCATION,15000,9.62,1,0.52,N,4,1,13996,1,1
26,30000,OWN,5.0,VENTURE,5000,10.99,0,0.17,N,4,1,14009,0,0
25,30000,OWN,1.0,PERSONAL,3000,9.63,0,0.1,N,2,1,14014,0,0
21,32000,RENT,5.0,VENTURE,15000,11.09,1,0.47,N,3,1,14018,1,1
25,107000,MORTGAGE,10.0,HOMEIMPROVEMENT,3000,10.99,0,0.03,N,2,1,14019,0,0
23,95000,MORTGAGE,1.0,HOMEIMPROVEMENT,19800,13.22,1,0.21,Y,3,0,14023,1,1
22,107004,MORTGAGE,2.0,EDUCATION,10000,7.29,0,0.09,N,3,1,14029,0,0
26,33600,RENT,0.0,PERSONAL,2000,10.99,0,0.06,Y,2,0,14032,0,0
26,107900,MORTGAGE,10.0,MEDICAL,16500,8.94,0,0.15,N,3,1,14036,0,0
24,35000,RENT,4.0,EDUCATION,2000,10.59,0,0.06,N,3,1,14044,0,0
24,108000,MORTGAGE,8.0,DEBTCONSOLIDATION,4200,10.99,0,0.04,N,3,1,14045,0,0
26,108000,MORTGAGE,1.0,EDUCATION,6000,7.49,0,0.06,N,4,1,14050,0,0
22,35064,RENT,4.0,DEBTCONSOLIDATION,2000,8.38,0,0.06,N,2,1,14054,0,0
26,108000,MORTGAGE,3.0,VENTURE,9000,10.38,0,0.08,N,4,1,14061,0,0
23,108000,MORTGAGE,7.0,DEBTCONSOLIDATION,4500,7.14,0,0.04,N,3,1,14064,0,0
26,108000,MORTGAGE,5.0,PERSONAL,13000,8.94,0,0.12,N,2,1,14067,0,0
23,37000,RENT,2.0,PERSONAL,2000,11.14,0,0.05,N,4,1,14068,0,0
23,108000,MORTGAGE,1.0,EDUCATION,14000,11.89,0,0.13,N,2,1,14073,0,0
24,108000,MORTGAGE,1.0,HOMEIMPROVEMENT,18000,12.53,0,0.17,Y,3,0,14074,0,0
25,108000,MORTGAGE,9.0,MEDICAL,15000,10.39,0,0.14,N,4,1,14076,0,0
24,108600,MORTGAGE,4.0,DEBTCONSOLIDATION,15000,12.18,0,0.14,N,2,1,14084,0,0
25,32400,RENT,1.0,EDUCATION,2000,14.35,1,0.06,N,2,1,14085,1,0
24,33500,RENT,5.0,HOMEIMPROVEMENT,2000,13.8,1,0.06,N,2,1,14090,1,1
23,109000,MORTGAGE,5.0,EDUCATION,7500,8.9,0,0.07,N,4,1,14092,0,0
23,39996,RENT,7.0,PERSONAL,2000,10.99,0,0.05,N,2,1,14109,0,0
22,33996,RENT,6.0,VENTURE,15000,14.96,1,0.44,Y,4,0,14115,1,1
24,110000,MORTGAGE,0.0,EDUCATION,5000,6.03,0,0.05,N,4,1,14128,0,0
24,110000,MORTGAGE,2.0,EDUCATION,9000,10.99,0,0.08,N,3,1,14131,0,0
25,44000,RENT,2.0,VENTURE,2000,7.66,0,0.05,N,3,1,14143,0,0
24,98000,MORTGAGE,1.0,DEBTCONSOLIDATION,16000,14.79,1,0.16,Y,2,0,14145,1,0
21,44304,RENT,5.0,EDUCATION,2000,13.85,0,0.05,N,4,1,14146,0,0
24,45000,RENT,1.0,PERSONAL,2000,13.99,0,0.04,Y,2,0,14148,0,0
23,110000,MORTGAGE,1.0,PERSONAL,18000,10.37,0,0.16,N,3,1,14158,0,0
24,45000,RENT,0.0,VENTURE,2000,7.51,0,0.04,N,4,1,14159,0,0
26,110000,MORTGAGE,2.0,HOMEIMPROVEMENT,12000,10.74,0,0.11,N,4,1,14160,0,0
23,28800,OWN,7.0,MEDICAL,12250,7.51,0,0.43,N,4,1,14163,0,0
23,45000,RENT,7.0,VENTURE,2000,7.05,0,0.04,N,3,1,14164,0,0
25,45500,RENT,3.0,MEDICAL,2000,13.49,0,0.04,Y,3,0,14165,0,0
25,110000,MORTGAGE,9.0,DEBTCONSOLIDATION,18000,10.99,0,0.16,N,2,1,14168,0,0
26,45600,RENT,5.0,VENTURE,2000,10.99,0,0.04,N,3,1,14170,0,0
26,110000,MORTGAGE,9.0,PERSONAL,20000,13.72,0,0.18,N,3,1,14174,0,0
24,110000,MORTGAGE,8.0,PERSONAL,5600,12.98,0,0.05,Y,4,0,14181,0,0
24,110000,OWN,0.0,HOMEIMPROVEMENT,10000,13.35,0,0.09,Y,2,0,14182,0,0
25,110000,MORTGAGE,9.0,EDUCATION,5000,7.14,0,0.05,N,4,1,14188,0,0
25,110000,MORTGAGE,9.0,PERSONAL,20000,7.88,0,0.18,N,2,1,14192,0,0
25,49029,RENT,8.0,MEDICAL,2000,11.99,0,0.04,N,2,1,14200,0,0
23,83300,MORTGAGE,0.0,MEDICAL,25000,10.99,1,0.26,N,3,1,14206,1,1
23,29976,RENT,3.0,PERSONAL,15000,10.25,1,0.5,N,4,1,14216,1,1
22,110000,MORTGAGE,7.0,EDUCATION,20000,12.41,0,0.18,N,2,1,14222,0,0
26,36000,RENT,2.0,PERSONAL,15000,7.66,1,0.42,N,3,1,14224,1,1
22,36000,RENT,3.0,VENTURE,15000,13.85,1,0.42,N,3,1,14229,1,1
24,110400,MORTGAGE,8.0,VENTURE,3000,7.49,0,0.03,N,4,1,14237,0,0
21,110400,OWN,0.0,PERSONAL,12000,10.99,0,0.11,N,3,1,14238,0,0
22,98656,MORTGAGE,3.0,EDUCATION,7500,13.06,1,0.08,Y,3,0,14240,1,0
22,112000,MORTGAGE,2.0,PERSONAL,4000,8.9,0,0.04,N,3,1,14261,0,0
23,34000,RENT,1.0,EDUCATION,15000,11.71,1,0.44,N,4,1,14273,1,1
26,85000,MORTGAGE,4.0,MEDICAL,2750,9.33,1,0.03,N,3,1,14276,1,0
25,100000,MORTGAGE,4.0,EDUCATION,9000,9.64,1,0.09,N,3,1,14277,1,0
24,40000,RENT,0.0,MEDICAL,15000,7.88,1,0.38,N,4,1,14279,1,1
25,112500,MORTGAGE,6.0,PERSONAL,18000,11.14,0,0.16,N,3,1,14283,0,0
24,40000,RENT,1.0,EDUCATION,15000,12.87,1,0.38,Y,3,0,14285,1,1
26,34988,RENT,9.0,HOMEIMPROVEMENT,15000,13.98,1,0.43,N,2,1,14290,1,1
23,113000,MORTGAGE,7.0,EDUCATION,8000,5.79,0,0.07,N,2,1,14299,0,0
22,113000,MORTGAGE,6.0,EDUCATION,25000,12.53,0,0.22,N,4,1,14302,0,0
24,113000,MORTGAGE,8.0,VENTURE,2100,7.4,0,0.02,N,3,1,14303,0,0
23,113316,MORTGAGE,7.0,EDUCATION,3000,10.99,0,0.03,N,3,1,14311,0,0
22,43000,RENT,0.0,EDUCATION,15000,8.49,1,0.35,N,2,1,14339,1,1
22,43000,RENT,7.0,DEBTCONSOLIDATION,15000,10.99,1,0.35,N,2,1,14341,1,1
24,115000,MORTGAGE,3.0,VENTURE,15000,6.03,0,0.13,N,2,1,14343,0,0
25,115000,MORTGAGE,9.0,MEDICAL,19000,13.49,0,0.17,Y,3,0,14348,0,0
25,115000,MORTGAGE,3.0,EDUCATION,7600,6.99,0,0.07,N,4,1,14355,0,0
23,45000,RENT,5.0,PERSONAL,15000,7.49,1,0.33,N,4,1,14356,1,1
25,115000,MORTGAGE,1.0,EDUCATION,20000,15.65,0,0.17,Y,2,0,14363,0,0
23,45000,RENT,0.0,MEDICAL,15000,10.99,1,0.33,N,3,1,14365,1,1
25,45000,RENT,4.0,DEBTCONSOLIDATION,15000,10.99,1,0.33,N,3,1,14381,1,1
25,115000,MORTGAGE,4.0,VENTURE,25000,12.53,0,0.22,Y,4,0,14384,0,0
25,116000,MORTGAGE,0.0,EDUCATION,35000,17.58,0,0.3,Y,4,0,14398,0,0
23,116000,MORTGAGE,8.0,EDUCATION,15825,15.62,0,0.14,Y,4,0,14399,0,0
23,47000,RENT,3.0,VENTURE,15000,11.48,1,0.32,N,4,1,14401,1,1
25,116000,MORTGAGE,9.0,VENTURE,19950,9.96,0,0.17,N,4,1,14403,0,0
24,117000,MORTGAGE,8.0,MEDICAL,10800,10.99,0,0.09,N,3,1,14417,0,0
23,117000,MORTGAGE,7.0,MEDICAL,3700,10.74,0,0.03,N,3,1,14424,0,0
23,37500,RENT,0.0,DEBTCONSOLIDATION,1800,8.94,0,0.05,N,4,1,14430,0,0
22,117000,MORTGAGE,6.0,EDUCATION,7500,13.24,0,0.06,N,2,1,14431,0,0
23,118000,MORTGAGE,4.0,PERSONAL,12000,13.11,0,0.1,N,3,1,14443,0,0
25,118000,MORTGAGE,9.0,DEBTCONSOLIDATION,2000,7.12,0,0.02,N,2,1,14446,0,0
23,119496,MORTGAGE,7.0,EDUCATION,12000,7.88,0,0.1,N,4,1,14459,0,0
25,120000,MORTGAGE,4.0,EDUCATION,10000,9.91,0,0.08,N,4,1,14463,0,0
21,48000,RENT,1.0,PERSONAL,15000,11.48,1,0.31,N,3,1,14467,1,1
24,120000,MORTGAGE,8.0,VENTURE,20000,7.9,0,0.17,N,4,1,14471,0,0
25,43000,RENT,9.0,MEDICAL,15000,15.57,1,0.35,N,3,1,14474,1,1
25,49000,RENT,5.0,MEDICAL,15000,12.18,1,0.31,N,4,1,14475,1,1
22,120000,MORTGAGE,6.0,EDUCATION,8000,12.69,0,0.07,N,2,1,14478,0,0
26,50000,RENT,3.0,EDUCATION,15000,9.91,0,0.3,N,3,1,14486,0,0
25,120000,MORTGAGE,5.0,MEDICAL,10000,6.62,0,0.08,N,3,1,14488,0,0
22,25899,OWN,7.0,VENTURE,6250,12.69,0,0.24,N,2,1,14492,0,0
23,120000,MORTGAGE,3.0,VENTURE,5000,8.9,0,0.04,N,4,1,14493,0,0
25,120000,MORTGAGE,9.0,MEDICAL,5000,8.49,0,0.04,N,3,1,14495,0,0
22,120000,MORTGAGE,0.0,EDUCATION,16800,15.62,0,0.14,N,4,1,14500,0,0
24,91800,OWN,8.0,MEDICAL,10000,19.29,1,0.09,N,2,1,14504,1,1
26,108000,MORTGAGE,8.0,HOMEIMPROVEMENT,15000,11.49,1,0.14,N,3,1,14505,1,0
22,120000,MORTGAGE,3.0,MEDICAL,5000,14.79,0,0.04,N,2,1,14509,0,0
23,50000,RENT,1.0,VENTURE,15000,13.61,0,0.3,N,3,1,14513,0,0
23,120000,MORTGAGE,5.0,MEDICAL,6000,9.99,0,0.05,N,3,1,14518,0,0
24,120000,MORTGAGE,3.0,MEDICAL,4800,5.99,0,0.04,N,4,1,14521,0,0
24,120000,MORTGAGE,8.0,PERSONAL,20000,12.99,0,0.17,Y,2,0,14522,0,0
22,120000,MORTGAGE,3.0,MEDICAL,22000,7.49,0,0.18,N,3,1,14524,0,0
26,120000,MORTGAGE,5.0,EDUCATION,13000,10.99,0,0.11,N,2,1,14526,0,0
22,50004,RENT,6.0,VENTURE,15000,15.05,0,0.3,Y,2,0,14532,0,1
25,50500,RENT,4.0,VENTURE,15000,11.14,0,0.3,N,4,1,14539,0,0
23,120000,MORTGAGE,7.0,VENTURE,6000,13.06,0,0.05,N,4,1,14545,0,0
25,120000,MORTGAGE,6.0,DEBTCONSOLIDATION,10000,10.99,0,0.08,N,2,1,14552,0,0
26,120000,MORTGAGE,3.0,DEBTCONSOLIDATION,25000,10.99,0,0.21,N,3,1,14554,0,0
26,120000,MORTGAGE,2.0,EDUCATION,10000,5.42,0,0.08,N,4,1,14558,0,0
25,52000,RENT,4.0,EDUCATION,15000,12.18,0,0.29,N,4,1,14563,0,0
25,120000,MORTGAGE,9.0,PERSONAL,25000,13.72,0,0.21,N,3,1,14564,0,0
25,120000,MORTGAGE,7.0,MEDICAL,4000,5.42,0,0.03,N,3,1,14565,0,0
26,120000,MORTGAGE,3.0,PERSONAL,4600,6.39,0,0.04,N,2,1,14575,0,0
26,120000,MORTGAGE,8.0,DEBTCONSOLIDATION,4000,7.14,0,0.03,N,3,1,14577,0,0
23,120000,MORTGAGE,7.0,EDUCATION,10000,7.51,0,0.08,N,3,1,14579,0,0
23,120000,MORTGAGE,7.0,DEBTCONSOLIDATION,4900,7.14,0,0.04,N,4,1,14580,0,0
26,120000,MORTGAGE,10.0,HOMEIMPROVEMENT,10000,14.59,0,0.08,Y,2,0,14589,0,0
26,120000,OWN,10.0,PERSONAL,15000,13.11,0,0.13,Y,4,0,14595,0,0
24,91800,MORTGAGE,0.0,MEDICAL,16000,14.22,1,0.15,N,4,1,14597,1,0
24,37500,RENT,2.0,DEBTCONSOLIDATION,1600,11.03,0,0.04,Y,3,0,14606,0,0
23,120000,MORTGAGE,8.0,VENTURE,14000,8.94,0,0.12,N,3,1,14608,0,0
23,120000,MORTGAGE,0.0,PERSONAL,17000,8.94,0,0.14,N,2,1,14611,0,0
22,48000,RENT,1.0,MEDICAL,1600,14.26,0,0.03,N,4,1,14625,0,0
23,60000,RENT,1.0,MEDICAL,1600,13.99,0,0.03,Y,4,0,14631,0,0
24,120000,MORTGAGE,7.0,EDUCATION,2500,10.99,0,0.02,N,3,1,14632,0,0
23,14000,RENT,0.0,DEBTCONSOLIDATION,1500,10.99,0,0.11,Y,4,0,14657,0,0
21,121352,MORTGAGE,5.0,DEBTCONSOLIDATION,7750,10.99,0,0.06,N,4,1,14658,0,0
25,110000,MORTGAGE,9.0,DEBTCONSOLIDATION,12000,15.99,1,0.11,N,3,1,14664,1,1
26,14400,RENT,1.0,PERSONAL,1500,9.25,0,0.1,N,4,1,14673,0,0
21,18000,RENT,6.0,DEBTCONSOLIDATION,1500,12.61,0,0.08,Y,2,0,14686,0,0
26,112000,MORTGAGE,5.0,DEBTCONSOLIDATION,20000,12.53,1,0.18,N,4,1,14700,1,0
22,18996,RENT,1.0,MEDICAL,1500,10.99,1,0.08,Y,3,0,14701,1,1
23,124800,MORTGAGE,2.0,DEBTCONSOLIDATION,5000,6.62,0,0.04,N,3,1,14704,0,0
23,124896,MORTGAGE,5.0,VENTURE,14400,10.99,0,0.12,N,2,1,14707,0,0
23,24000,OWN,7.0,EDUCATION,5000,7.49,0,0.21,N,2,1,14709,0,0
25,125000,MORTGAGE,1.0,EDUCATION,20000,11.71,0,0.16,N,4,1,14711,0,0
25,125000,MORTGAGE,3.0,VENTURE,10000,5.99,0,0.08,N,3,1,14729,0,0
23,125000,MORTGAGE,7.0,EDUCATION,5000,10.99,0,0.04,N,2,1,14731,0,0
26,125000,MORTGAGE,10.0,PERSONAL,10200,7.49,0,0.08,N,4,1,14736,0,0
22,26400,RENT,6.0,EDUCATION,1500,11.11,0,0.06,N,3,1,14737,0,0
24,125000,MORTGAGE,9.0,DEBTCONSOLIDATION,25000,10.0,0,0.2,N,2,1,14740,0,0
25,53000,RENT,5.0,EDUCATION,15000,14.27,0,0.28,Y,2,0,14741,0,0
23,53500,RENT,6.0,EDUCATION,15000,13.47,0,0.28,N,2,1,14747,0,0
25,48000,RENT,9.0,PERSONAL,15000,17.49,1,0.31,Y,3,0,14749,1,1
26,125000,MORTGAGE,3.0,EDUCATION,24000,15.28,0,0.19,Y,4,0,14750,0,0
25,125000,OWN,4.0,VENTURE,12000,7.88,0,0.1,N,3,1,14757,0,0
22,49000,RENT,3.0,MEDICAL,15000,14.61,1,0.31,N,3,1,14759,1,1
24,24000,OWN,4.0,VENTURE,6400,8.88,0,0.27,N,4,1,14763,0,0
22,55000,RENT,1.0,VENTURE,15000,12.84,0,0.27,N,3,1,14764,0,0
21,125000,MORTGAGE,0.0,PERSONAL,10000,7.51,0,0.08,N,2,1,14765,0,0
24,55000,RENT,2.0,PERSONAL,15000,10.99,0,0.27,N,2,1,14766,0,0
22,24000,OWN,2.0,PERSONAL,3000,13.61,0,0.13,N,2,1,14773,0,0
26,125000,MORTGAGE,6.0,HOMEIMPROVEMENT,16000,8.94,0,0.13,N,4,1,14774,0,0
25,125000,MORTGAGE,5.0,HOMEIMPROVEMENT,12000,10.99,0,0.1,Y,3,0,14784,0,0
22,24000,OWN,3.0,EDUCATION,6000,11.49,0,0.25,N,4,1,14788,0,0
25,126000,MORTGAGE,9.0,VENTURE,10200,10.99,0,0.08,N,4,1,14794,0,0
26,24000,OWN,0.0,MEDICAL,2500,11.83,0,0.1,N,4,1,14802,0,0
26,126000,MORTGAGE,4.0,HOMEIMPROVEMENT,7500,13.92,0,0.06,N,3,1,14803,0,0
23,59880,RENT,0.0,MEDICAL,15000,10.99,0,0.25,N,4,1,14804,0,0
22,60000,RENT,0.0,MEDICAL,15000,11.71,0,0.25,N,4,1,14806,0,0
23,128000,MORTGAGE,4.0,EDUCATION,4800,12.99,0,0.04,Y,2,0,14825,0,0
23,128000,MORTGAGE,7.0,VENTURE,3000,14.72,0,0.02,Y,4,0,14828,0,0
22,128474,MORTGAGE,6.0,DEBTCONSOLIDATION,30000,7.29,0,0.23,N,2,1,14829,0,0
22,60000,RENT,0.0,EDUCATION,15000,11.71,0,0.25,N,3,1,14832,0,0
23,129996,MORTGAGE,2.0,VENTURE,30000,11.11,0,0.23,N,4,1,14835,0,0
25,129996,MORTGAGE,9.0,VENTURE,7500,11.86,0,0.06,N,3,1,14836,0,0
22,130000,MORTGAGE,6.0,PERSONAL,3000,13.49,0,0.02,N,2,1,14840,0,0
22,60000,RENT,6.0,MEDICAL,15000,13.35,0,0.25,Y,3,0,14845,0,0
25,130000,MORTGAGE,9.0,HOMEIMPROVEMENT,35000,10.99,0,0.27,N,3,1,14851,0,0
24,60000,RENT,7.0,HOMEIMPROVEMENT,15000,13.85,0,0.25,Y,2,0,14854,0,0
26,130000,MORTGAGE,3.0,MEDICAL,8600,5.99,0,0.07,N,3,1,14856,0,0
24,100300,MORTGAGE,2.0,MEDICAL,30000,14.91,1,0.25,Y,3,0,14872,1,1
24,130000,MORTGAGE,4.0,HOMEIMPROVEMENT,25000,10.74,0,0.19,N,3,1,14874,0,0
24,130000,MORTGAGE,8.0,PERSONAL,13000,13.61,0,0.1,N,4,1,14883,0,0
23,130000,MORTGAGE,2.0,PERSONAL,10000,11.36,0,0.08,N,3,1,14889,0,0
24,130000,MORTGAGE,0.0,HOMEIMPROVEMENT,15000,14.26,0,0.12,Y,4,0,14894,0,0
25,62280,RENT,3.0,EDUCATION,15000,8.94,0,0.24,N,4,1,14896,0,0
23,130000,OWN,7.0,VENTURE,22600,14.96,0,0.17,Y,2,0,14898,0,0
23,130208,MORTGAGE,7.0,DEBTCONSOLIDATION,20000,12.73,0,0.15,Y,4,0,14916,0,0
24,131004,MORTGAGE,8.0,PERSONAL,24000,7.49,0,0.18,N,4,1,14922,0,0
24,59000,RENT,5.0,EDUCATION,15000,14.79,1,0.25,Y,3,0,14926,1,1
23,120000,MORTGAGE,7.0,HOMEIMPROVEMENT,8000,10.99,1,0.07,Y,2,0,14933,1,1
26,65000,RENT,5.0,HOMEIMPROVEMENT,15000,7.66,0,0.23,N,4,1,14934,0,0
22,132000,MORTGAGE,3.0,MEDICAL,10000,7.66,0,0.08,N,2,1,14935,0,0
23,132000,MORTGAGE,3.0,DEBTCONSOLIDATION,9600,7.14,0,0.07,N,3,1,14936,0,0
25,132000,MORTGAGE,1.0,VENTURE,12000,10.99,0,0.09,N,2,1,14940,0,0
23,65000,RENT,0.0,MEDICAL,15000,7.88,0,0.23,N,3,1,14944,0,0
26,132500,MORTGAGE,1.0,HOMEIMPROVEMENT,12000,12.69,0,0.09,N,3,1,14946,0,0
24,103044,MORTGAGE,8.0,MEDICAL,11600,15.05,1,0.1,Y,2,0,14956,1,1
26,135000,MORTGAGE,11.0,EDUCATION,6700,6.03,0,0.05,N,4,1,14969,0,0
24,135000,MORTGAGE,4.0,MEDICAL,25000,7.49,0,0.19,N,2,1,14972,0,0
22,21600,OWN,5.0,PERSONAL,5000,7.9,0,0.23,N,3,1,14977,0,0
24,135000,MORTGAGE,8.0,EDUCATION,12000,9.38,0,0.09,N,2,1,14998,0,0
21,70000,RENT,5.0,EDUCATION,15000,10.99,0,0.21,Y,3,0,15000,0,0
26,137000,MORTGAGE,3.0,EDUCATION,21500,6.62,0,0.16,N,4,1,15006,0,0
26,138000,MORTGAGE,0.0,DEBTCONSOLIDATION,7500,6.03,0,0.05,N,3,1,15013,0,0
21,70500,RENT,5.0,VENTURE,15000,8.0,0,0.21,N,3,1,15016,0,0
24,138000,OWN,8.0,PERSONAL,16500,6.54,0,0.12,N,3,1,15017,0,0
25,126996,MORTGAGE,8.0,DEBTCONSOLIDATION,5000,12.73,1,0.04,Y,2,0,15022,1,0
23,21000,OWN,2.0,EDUCATION,6000,15.27,0,0.29,N,2,1,15024,0,0
23,140000,OWN,6.0,EDUCATION,16400,15.96,0,0.12,Y,3,0,15027,0,0
21,140000,MORTGAGE,2.0,EDUCATION,18000,7.9,0,0.13,N,4,1,15030,0,0
23,56525,RENT,1.0,MEDICAL,15000,11.48,1,0.23,N,4,1,15044,1,0
23,140000,MORTGAGE,7.0,PERSONAL,6000,13.49,0,0.04,Y,3,0,15045,0,0
23,140000,MORTGAGE,0.0,EDUCATION,3500,5.79,0,0.03,N,3,1,15046,0,0
23,74424,RENT,4.0,EDUCATION,15000,13.47,0,0.2,Y,3,0,15054,0,0
23,140000,MORTGAGE,3.0,PERSONAL,15000,15.58,0,0.11,Y,3,0,15056,0,0
24,140300,MORTGAGE,6.0,DEBTCONSOLIDATION,6000,11.14,0,0.04,N,3,1,15071,0,0
24,141000,MORTGAGE,2.0,EDUCATION,12000,12.53,0,0.09,N,4,1,15075,0,0
26,143375,MORTGAGE,10.0,MEDICAL,12000,7.66,0,0.08,N,3,1,15080,0,0
24,144000,MORTGAGE,4.0,HOMEIMPROVEMENT,14700,7.66,0,0.1,N,3,1,15085,0,0
24,145000,MORTGAGE,0.0,HOMEIMPROVEMENT,7000,10.99,0,0.05,N,3,1,15093,0,0
25,145000,MORTGAGE,3.0,EDUCATION,25000,11.36,0,0.17,N,4,1,15107,0,0
23,145000,OWN,7.0,EDUCATION,20800,11.83,0,0.14,N,4,1,15109,0,0
24,19764,OWN,0.0,VENTURE,4800,13.61,1,0.24,Y,3,0,15118,1,0
25,133900,MORTGAGE,9.0,VENTURE,7500,13.49,1,0.06,Y,2,0,15119,1,0
26,19500,OWN,0.0,PERSONAL,5000,8.0,1,0.26,N,3,1,15121,1,1
25,146990,MORTGAGE,0.0,VENTURE,28000,10.99,0,0.19,N,3,1,15124,0,0
23,147000,MORTGAGE,2.0,MEDICAL,24000,10.99,0,0.16,N,3,1,15125,0,0
23,147000,MORTGAGE,4.0,DEBTCONSOLIDATION,25000,10.25,0,0.17,N,3,1,15127,0,0
21,19200,OWN,0.0,PERSONAL,2400,9.91,0,0.13,N,2,1,15132,0,0
23,75000,RENT,0.0,PERSONAL,15000,13.57,1,0.2,Y,3,0,15135,1,0
25,150000,MORTGAGE,9.0,MEDICAL,20000,14.65,0,0.13,Y,4,0,15142,0,0
25,78000,RENT,4.0,DEBTCONSOLIDATION,15000,10.99,1,0.19,Y,4,0,15143,1,1
23,84000,RENT,0.0,MEDICAL,15000,11.34,0,0.18,N,3,1,15145,0,0
26,84000,RENT,4.0,DEBTCONSOLIDATION,15000,10.14,0,0.18,N,4,1,15146,0,0
25,150000,MORTGAGE,8.0,DEBTCONSOLIDATION,5000,12.99,0,0.03,Y,4,0,15157,0,0
23,85000,RENT,7.0,EDUCATION,15000,14.59,0,0.18,N,4,1,15158,0,0
24,85000,RENT,0.0,MEDICAL,15000,13.11,0,0.18,N,3,1,15159,0,0
25,150000,MORTGAGE,9.0,DEBTCONSOLIDATION,12000,10.99,0,0.08,N,4,1,15165,0,0
23,150000,MORTGAGE,7.0,DEBTCONSOLIDATION,9600,6.92,0,0.06,N,2,1,15168,0,0
22,87800,RENT,3.0,MEDICAL,15000,11.36,0,0.17,N,4,1,15176,0,0
23,150000,MORTGAGE,7.0,MEDICAL,8000,6.91,0,0.05,N,2,1,15178,0,0
25,150000,MORTGAGE,5.0,DEBTCONSOLIDATION,10000,6.54,0,0.07,N,4,1,15181,0,0
24,90000,RENT,8.0,HOMEIMPROVEMENT,15000,17.58,0,0.17,N,3,1,15188,0,0
24,150000,MORTGAGE,3.0,MEDICAL,15000,10.99,0,0.1,N,2,1,15189,0,0
22,90000,RENT,5.0,MEDICAL,15000,11.49,0,0.17,N,4,1,15190,0,0
25,150000,MORTGAGE,7.0,HOMEIMPROVEMENT,22000,10.38,0,0.15,N,4,1,15191,0,0
24,150000,MORTGAGE,8.0,VENTURE,24000,10.99,0,0.16,N,3,1,15192,0,0
26,150000,OWN,6.0,EDUCATION,7000,14.96,0,0.05,Y,4,0,15200,0,0
25,79000,RENT,5.0,EDUCATION,15000,12.18,1,0.19,N,3,1,15204,1,0
26,138000,MORTGAGE,4.0,EDUCATION,18000,16.4,1,0.13,N,3,1,15211,1,0
21,150075,OWN,0.0,VENTURE,25000,7.49,0,0.17,N,2,1,15214,0,0
21,151000,MORTGAGE,5.0,VENTURE,8000,11.12,0,0.05,N,2,1,15217,0,0
24,82308,RENT,4.0,HOMEIMPROVEMENT,15125,10.36,0,0.18,N,4,1,15219,0,0
25,154000,MORTGAGE,9.0,DEBTCONSOLIDATION,12000,10.99,0,0.08,N,3,1,15230,0,0
25,154008,MORTGAGE,1.0,DEBTCONSOLIDATION,9600,10.95,0,0.06,N,4,1,15232,0,0
25,155000,MORTGAGE,8.0,PERSONAL,10000,13.06,0,0.06,Y,3,0,15236,0,0
22,28080,RENT,5.0,VENTURE,15250,16.7,1,0.54,N,4,1,15242,1,1
26,156000,MORTGAGE,5.0,PERSONAL,7000,9.91,0,0.04,N,4,1,15253,0,0
24,36000,RENT,6.0,MEDICAL,15250,15.95,1,0.42,Y,2,0,15255,1,1
26,17500,OWN,10.0,PERSONAL,5500,10.99,1,0.31,N,2,1,15257,1,1
24,59000,RENT,7.0,HOMEIMPROVEMENT,15250,14.96,0,0.26,N,4,1,15258,0,1
24,156000,MORTGAGE,6.0,MEDICAL,15000,13.57,0,0.1,Y,4,0,15259,0,0
24,36000,RENT,8.0,VENTURE,15450,13.43,1,0.43,N,2,1,15267,1,1
25,158000,MORTGAGE,10.0,VENTURE,20000,14.26,0,0.13,Y,2,0,15269,0,0
22,160000,OWN,6.0,VENTURE,7000,8.9,0,0.04,N,3,1,15274,0,0
24,41000,RENT,4.0,MEDICAL,15600,12.87,1,0.38,Y,3,0,15277,1,1
22,50000,RENT,7.0,DEBTCONSOLIDATION,15600,12.21,1,0.31,N,4,1,15278,1,1
24,160000,MORTGAGE,8.0,HOMEIMPROVEMENT,20000,19.69,0,0.13,Y,2,0,15280,0,0
23,160000,MORTGAGE,1.0,VENTURE,35000,15.23,0,0.22,Y,2,0,15283,0,0
25,110000,RENT,5.0,HOMEIMPROVEMENT,15600,15.33,0,0.14,Y,4,0,15286,0,0
23,68000,RENT,3.0,MEDICAL,15700,11.49,0,0.23,N,2,1,15292,0,0
26,151900,MORTGAGE,10.0,HOMEIMPROVEMENT,20000,11.26,1,0.13,N,3,1,15296,1,0
24,79500,RENT,8.0,HOMEIMPROVEMENT,16000,11.14,0,0.2,N,4,1,15307,0,0
23,167300,MORTGAGE,1.0,EDUCATION,20000,12.21,0,0.12,N,2,1,15311,0,0
23,168000,MORTGAGE,6.0,PERSONAL,15750,10.75,0,0.09,N,2,1,15312,0,0
26,170000,MORTGAGE,0.0,HOMEIMPROVEMENT,20000,10.37,0,0.12,N,3,1,15318,0,0
26,81000,RENT,7.0,HOMEIMPROVEMENT,16000,13.85,0,0.2,Y,2,0,15320,0,0
25,172000,MORTGAGE,9.0,EDUCATION,12000,11.86,0,0.07,N,4,1,15331,0,0
26,175000,MORTGAGE,7.0,DEBTCONSOLIDATION,30000,10.99,0,0.17,N,2,1,15334,0,0
23,89100,RENT,7.0,PERSONAL,16000,13.92,0,0.18,Y,4,0,15335,0,0
25,180000,MORTGAGE,9.0,HOMEIMPROVEMENT,6000,12.42,0,0.03,N,4,1,15355,0,0
26,71400,RENT,10.0,MEDICAL,16000,10.99,1,0.19,Y,4,0,15356,1,0
26,88000,RENT,0.0,VENTURE,16000,17.88,1,0.18,Y,4,0,15361,1,1
26,180000,MORTGAGE,9.0,VENTURE,9700,13.85,0,0.05,N,4,1,15363,0,0
21,180000,MORTGAGE,0.0,EDUCATION,5000,8.07,0,0.03,N,3,1,15364,0,0
25,181408,MORTGAGE,2.0,MEDICAL,14500,8.88,0,0.08,N,2,1,15368,0,0
24,193000,MORTGAGE,8.0,PERSONAL,10000,13.06,0,0.05,Y,4,0,15381,0,0
25,195054,MORTGAGE,9.0,HOMEIMPROVEMENT,10000,10.59,0,0.05,N,2,1,15384,0,0
23,14400,OWN,7.0,DEBTCONSOLIDATION,3000,14.72,1,0.21,Y,2,0,15388,1,1
24,113000,RENT,3.0,VENTURE,16000,11.99,0,0.14,N,2,1,15394,0,0
25,200000,MORTGAGE,3.0,VENTURE,35000,17.14,0,0.17,Y,3,0,15397,0,0
25,200000,OWN,0.0,HOMEIMPROVEMENT,24000,14.96,0,0.12,Y,3,0,15400,0,0
21,10560,OWN,5.0,VENTURE,1000,10.36,0,0.09,N,4,1,15458,0,0
26,480000,MORTGAGE,2.0,EDUCATION,25000,14.38,0,0.05,N,3,1,15460,0,0
23,30000,RENT,6.0,VENTURE,19750,11.14,1,0.66,N,4,1,15466,1,1
21,9600,RENT,4.0,HOMEIMPROVEMENT,2000,15.99,1,0.21,N,3,1,15469,1,1
21,8004,RENT,4.0,MEDICAL,3000,7.88,1,0.37,N,2,1,15480,1,1
21,8000,RENT,1.0,DEBTCONSOLIDATION,2800,7.4,1,0.35,N,2,1,15481,1,1
22,8000,RENT,0.0,VENTURE,5400,7.75,1,0.68,N,4,1,15483,1,1
26,7904,MORTGAGE,0.0,HOMEIMPROVEMENT,500,10.71,0,0.06,N,3,1,15484,0,0
21,4080,RENT,0.0,EDUCATION,1400,11.86,1,0.34,N,4,1,15497,1,1
23,21600,OWN,0.0,VENTURE,4400,12.53,0,0.2,N,3,1,15499,0,0
26,56100,MORTGAGE,10.0,MEDICAL,16000,10.99,1,0.24,Y,2,0,15500,1,1
22,75000,RENT,0.0,PERSONAL,8000,5.99,0,0.11,N,2,1,15505,0,0
25,80208,MORTGAGE,1.0,MEDICAL,4000,5.42,0,0.05,N,3,1,15506,0,0
26,53000,MORTGAGE,3.0,VENTURE,2800,6.03,0,0.05,N,3,1,15507,0,0
24,69996,RENT,3.0,HOMEIMPROVEMENT,2500,12.53,0,0.04,N,4,1,15509,0,0
25,60000,RENT,3.0,VENTURE,3000,13.47,1,0.05,Y,3,0,15516,1,0
23,50400,RENT,3.0,EDUCATION,5000,10.38,0,0.1,N,2,1,15517,0,0
23,98280,MORTGAGE,7.0,PERSONAL,9400,6.62,0,0.1,N,3,1,15520,0,0
23,90000,MORTGAGE,7.0,EDUCATION,8000,10.36,0,0.09,N,3,1,15521,0,0
25,45000,RENT,4.0,DEBTCONSOLIDATION,15000,10.99,1,0.33,N,2,1,15526,1,1
21,35000,MORTGAGE,5.0,EDUCATION,1500,9.63,0,0.04,N,2,1,15529,0,0
26,42000,RENT,2.0,EDUCATION,4800,14.27,1,0.11,Y,2,0,15532,1,0
25,33000,RENT,1.0,VENTURE,7100,14.65,1,0.22,Y,3,0,15537,1,1
25,216000,MORTGAGE,2.0,HOMEIMPROVEMENT,25000,16.07,0,0.12,N,2,1,15538,0,0
24,45888,RENT,5.0,EDUCATION,9000,5.79,0,0.2,N,4,1,15541,0,0
24,30000,OWN,7.0,HOMEIMPROVEMENT,10000,12.61,0,0.33,Y,2,0,15551,0,0
22,36000,MORTGAGE,6.0,VENTURE,1400,14.84,0,0.04,N,2,1,15553,0,0
23,24000,RENT,4.0,DEBTCONSOLIDATION,5000,6.62,0,0.21,N,2,1,15555,0,0
26,94000,MORTGAGE,1.0,MEDICAL,5000,7.68,0,0.05,N,3,1,15566,0,0
25,37980,MORTGAGE,7.0,PERSONAL,3500,6.03,0,0.09,N,3,1,15590,0,0
25,53000,MORTGAGE,4.0,EDUCATION,6000,6.62,0,0.11,N,2,1,15593,0,0
22,26004,RENT,5.0,VENTURE,4800,10.99,0,0.18,N,3,1,15594,0,0
22,72000,RENT,6.0,EDUCATION,15000,17.19,0,0.21,N,4,1,15599,0,0
25,115000,MORTGAGE,4.0,PERSONAL,20000,6.91,0,0.17,N,4,1,15603,0,0
21,57000,RENT,3.0,VENTURE,3000,5.42,0,0.05,N,2,1,15610,0,0
25,69000,RENT,1.0,PERSONAL,8000,13.99,1,0.12,N,2,1,15612,1,1
22,59000,MORTGAGE,7.0,PERSONAL,4900,15.62,1,0.08,N,3,1,15614,1,1
22,52000,MORTGAGE,5.0,VENTURE,6000,7.9,0,0.12,N,2,1,15621,0,0
25,128500,MORTGAGE,1.0,HOMEIMPROVEMENT,15000,12.53,0,0.12,Y,3,0,15625,0,0
24,36000,RENT,5.0,VENTURE,6000,14.96,0,0.17,N,3,1,15632,0,0
26,39000,RENT,2.0,EDUCATION,8000,6.62,0,0.21,N,2,1,15633,0,0
22,54000,RENT,4.0,EDUCATION,5000,16.35,1,0.09,N,4,1,15639,1,1
22,54000,RENT,4.0,VENTURE,5600,9.63,0,0.1,N,3,1,15644,0,0
23,80196,OWN,2.0,PERSONAL,30000,9.91,0,0.37,N,3,1,15647,0,0
22,55000,RENT,6.0,VENTURE,6000,14.27,0,0.11,N,3,1,15653,0,0
22,29100,RENT,2.0,VENTURE,6250,16.07,1,0.21,N,4,1,15662,1,1
25,155004,MORTGAGE,9.0,DEBTCONSOLIDATION,10500,7.49,0,0.07,N,3,1,15665,0,0
24,46800,MORTGAGE,6.0,DEBTCONSOLIDATION,12000,6.99,0,0.26,N,3,1,15666,0,0
22,25200,RENT,1.0,EDUCATION,4000,10.99,0,0.16,N,3,1,15671,0,0
24,75000,MORTGAGE,5.0,HOMEIMPROVEMENT,12000,5.99,0,0.16,N,4,1,15681,0,0
25,60000,OWN,8.0,VENTURE,14000,11.12,0,0.23,N,2,1,15686,0,0
26,150000,MORTGAGE,3.0,VENTURE,25000,9.99,0,0.17,N,4,1,15694,0,0
23,21000,RENT,2.0,VENTURE,3000,12.68,0,0.14,N,3,1,15695,0,0
22,28000,RENT,6.0,PERSONAL,1000,10.25,1,0.04,N,3,1,15697,1,0
25,120000,RENT,1.0,HOMEIMPROVEMENT,12000,10.99,0,0.1,N,3,1,15699,0,0
21,60000,MORTGAGE,5.0,EDUCATION,6000,6.91,0,0.1,N,2,1,15703,0,0
24,112500,MORTGAGE,3.0,DEBTCONSOLIDATION,8600,13.11,0,0.08,N,4,1,15709,0,0
25,42000,RENT,2.0,VENTURE,10000,14.91,1,0.24,N,2,1,15711,1,1
22,36000,MORTGAGE,0.0,PERSONAL,12375,10.99,0,0.34,N,3,1,15712,0,0
21,46000,RENT,2.0,PERSONAL,5200,17.27,1,0.11,Y,3,0,15714,1,1
22,115000,MORTGAGE,6.0,EDUCATION,12000,5.99,0,0.1,N,3,1,15724,0,0
22,32400,MORTGAGE,1.0,DEBTCONSOLIDATION,5500,10.99,0,0.17,N,2,1,15725,0,0
25,96000,MORTGAGE,6.0,VENTURE,21000,14.65,0,0.22,N,4,1,15727,0,0
24,52728,RENT,4.0,EDUCATION,5000,7.74,0,0.09,N,4,1,15738,0,0
24,82726,MORTGAGE,7.0,HOMEIMPROVEMENT,20000,10.99,0,0.24,N,4,1,15742,0,0
22,80000,MORTGAGE,5.0,VENTURE,9500,11.71,0,0.12,N,3,1,15744,0,0
25,76000,RENT,1.0,EDUCATION,5000,7.9,0,0.07,N,3,1,15750,0,0
25,72000,MORTGAGE,9.0,VENTURE,3200,6.39,0,0.04,N,4,1,15757,0,0
24,64000,MORTGAGE,7.0,DEBTCONSOLIDATION,4000,20.89,1,0.06,Y,2,0,15760,1,1
25,65000,RENT,4.0,HOMEIMPROVEMENT,15000,13.49,0,0.23,Y,3,0,15767,0,0
26,145000,RENT,1.0,DEBTCONSOLIDATION,10000,10.99,0,0.07,N,3,1,15769,0,0
23,21000,OWN,2.0,VENTURE,6000,15.27,0,0.29,N,2,1,15771,0,0
24,46704,RENT,2.0,PERSONAL,9000,11.49,0,0.19,N,3,1,15774,0,0
23,80000,MORTGAGE,1.0,EDUCATION,12000,13.48,0,0.15,Y,4,0,15780,0,0
22,30000,RENT,2.0,DEBTCONSOLIDATION,6000,12.42,0,0.2,N,4,1,15785,0,0
24,70000,OWN,8.0,PERSONAL,24250,12.18,0,0.35,N,2,1,15796,0,0
21,65496,MORTGAGE,3.0,DEBTCONSOLIDATION,13250,10.37,0,0.2,N,4,1,15800,0,0
25,150000,MORTGAGE,9.0,HOMEIMPROVEMENT,20000,8.88,0,0.13,N,4,1,15806,0,0
21,25000,OWN,0.0,EDUCATION,8800,9.33,0,0.35,N,3,1,15809,0,0
24,39000,RENT,8.0,MEDICAL,1500,15.62,0,0.04,Y,3,0,15813,0,0
25,32000,RENT,9.0,MEDICAL,15000,16.45,1,0.47,Y,2,0,15825,1,1
23,80500,RENT,5.0,VENTURE,7200,9.25,0,0.09,N,3,1,15837,0,0
26,130000,RENT,0.0,HOMEIMPROVEMENT,4550,13.57,0,0.04,Y,4,0,15845,0,0
25,48000,MORTGAGE,9.0,EDUCATION,7000,12.09,0,0.15,Y,2,0,15853,0,0
24,40000,RENT,6.0,EDUCATION,5000,6.17,0,0.13,N,2,1,15854,0,0
26,125000,MORTGAGE,10.0,PERSONAL,10200,7.49,0,0.08,N,2,1,15864,0,0
22,35100,RENT,0.0,EDUCATION,1000,13.98,0,0.03,Y,3,0,15868,0,0
25,67000,RENT,3.0,MEDICAL,7000,8.94,0,0.1,N,2,1,15871,0,0
22,23587,RENT,4.0,HOMEIMPROVEMENT,2000,11.89,1,0.08,N,2,1,15888,1,1
22,69500,MORTGAGE,6.0,MEDICAL,6000,13.48,0,0.09,N,3,1,15889,0,0
26,136000,RENT,2.0,HOMEIMPROVEMENT,12000,14.72,0,0.09,Y,3,0,15910,0,0
25,36000,MORTGAGE,3.0,HOMEIMPROVEMENT,7000,12.73,0,0.19,N,4,1,15914,0,0
23,62000,MORTGAGE,7.0,MEDICAL,6400,10.08,0,0.1,N,3,1,15936,0,0
26,122000,MORTGAGE,4.0,DEBTCONSOLIDATION,4800,10.99,0,0.04,Y,2,0,15938,0,0
23,160000,MORTGAGE,5.0,VENTURE,35000,7.66,0,0.22,N,3,1,15940,0,0
22,38400,OWN,5.0,EDUCATION,10000,13.99,0,0.26,N,4,1,15943,0,0
23,28000,RENT,0.0,VENTURE,5000,11.78,0,0.18,N,3,1,15949,0,0
23,13000,RENT,3.0,HOMEIMPROVEMENT,2800,15.21,1,0.22,N,2,1,15953,1,1
24,27600,OWN,8.0,PERSONAL,7000,7.9,0,0.25,N,2,1,15956,0,0
22,32000,RENT,1.0,EDUCATION,5400,16.29,1,0.17,Y,2,0,15965,1,1
25,38400,MORTGAGE,9.0,EDUCATION,12000,10.38,0,0.31,N,3,1,15971,0,0
26,88000,RENT,10.0,PERSONAL,10000,12.69,0,0.11,N,4,1,15980,0,0
23,45600,RENT,4.0,PERSONAL,5000,14.22,0,0.11,Y,4,0,15981,0,0
25,122000,MORTGAGE,9.0,PERSONAL,20000,13.23,0,0.16,N,4,1,15982,0,0
25,50000,OWN,9.0,PERSONAL,9175,19.42,0,0.18,N,4,1,15983,0,0
23,71000,RENT,7.0,PERSONAL,11300,7.49,0,0.16,N,3,1,15984,0,0
25,21500,RENT,2.0,MEDICAL,7500,11.34,1,0.35,Y,3,0,15998,1,1
23,95000,MORTGAGE,1.0,EDUCATION,19800,13.22,1,0.21,Y,4,0,16026,1,0
23,70000,RENT,8.0,VENTURE,6725,6.62,0,0.1,N,2,1,16027,0,0
24,70000,MORTGAGE,2.0,PERSONAL,6000,15.23,0,0.09,Y,2,0,16030,0,0
22,107000,MORTGAGE,6.0,DEBTCONSOLIDATION,35000,16.49,1,0.33,Y,3,0,16031,1,1
25,38496,MORTGAGE,7.0,HOMEIMPROVEMENT,8000,6.03,0,0.21,N,3,1,16033,0,0
22,34000,RENT,1.0,VENTURE,6500,13.22,1,0.19,N,4,1,16039,1,1
23,63402,RENT,3.0,VENTURE,6000,13.22,0,0.09,Y,2,0,16049,0,0
25,100000,RENT,3.0,EDUCATION,12000,9.91,0,0.12,N,2,1,16050,0,0
26,44000,RENT,5.0,MEDICAL,4600,13.99,1,0.1,N,3,1,16054,1,1
23,42000,MORTGAGE,7.0,VENTURE,12000,15.23,0,0.29,Y,3,0,16055,0,0
23,120000,MORTGAGE,7.0,VENTURE,6000,13.06,0,0.05,Y,3,0,16062,0,0
25,21000,RENT,0.0,VENTURE,5175,12.53,0,0.25,N,4,1,16063,0,0
26,75000,MORTGAGE,9.0,MEDICAL,4000,12.99,0,0.05,Y,2,0,16071,0,0
23,72000,RENT,5.0,DEBTCONSOLIDATION,3000,16.89,1,0.04,Y,4,0,16077,1,1
25,19200,RENT,3.0,MEDICAL,5000,10.99,1,0.26,N,2,1,16079,1,1
23,51000,MORTGAGE,6.0,DEBTCONSOLIDATION,17500,14.09,1,0.34,Y,2,0,16084,1,1
24,25344,MORTGAGE,5.0,MEDICAL,4000,16.49,1,0.16,Y,3,0,16089,1,1
23,60000,RENT,8.0,VENTURE,3600,9.99,0,0.06,N,3,1,16095,0,0
24,133000,RENT,5.0,HOMEIMPROVEMENT,17400,11.71,0,0.13,N,3,1,16098,0,0
23,90000,MORTGAGE,1.0,EDUCATION,12000,12.18,0,0.13,N,4,1,16100,0,0
21,68004,MORTGAGE,5.0,DEBTCONSOLIDATION,16000,11.26,0,0.24,N,3,1,16106,0,0
22,23000,RENT,6.0,MEDICAL,4850,14.27,0,0.21,Y,3,0,16107,0,0
23,90000,RENT,4.0,DEBTCONSOLIDATION,13000,12.73,0,0.14,N,2,1,16109,0,0
26,140000,MORTGAGE,10.0,VENTURE,24250,12.53,0,0.17,N,4,1,16112,0,0
23,28000,OWN,1.0,EDUCATION,7500,10.99,0,0.27,N,4,1,16113,0,0
21,68000,RENT,3.0,MEDICAL,3000,11.78,0,0.04,Y,4,0,16123,0,0
25,100000,MORTGAGE,9.0,EDUCATION,12000,8.94,0,0.12,N,4,1,16125,0,0
23,30000,MORTGAGE,4.0,MEDICAL,4000,16.32,1,0.13,N,2,1,16133,1,1
22,69528,RENT,6.0,VENTURE,6000,12.99,0,0.09,N,3,1,16135,0,0
25,34000,MORTGAGE,9.0,MEDICAL,2000,7.66,1,0.06,N,4,1,16140,1,1
25,22000,OWN,0.0,PERSONAL,7500,10.99,0,0.34,N,3,1,16144,0,0
25,68000,RENT,1.0,EDUCATION,10000,14.26,0,0.15,Y,2,0,16152,0,0
24,98000,MORTGAGE,0.0,DEBTCONSOLIDATION,13200,15.28,1,0.13,Y,3,0,16158,1,1
26,53826,MORTGAGE,10.0,HOMEIMPROVEMENT,8500,14.79,1,0.16,N,2,1,16162,1,1
24,96000,RENT,6.0,VENTURE,7000,9.91,0,0.07,N,3,1,16166,0,0
23,40000,RENT,1.0,VENTURE,15000,11.71,1,0.38,N,3,1,16169,1,1
23,70000,MORTGAGE,5.0,PERSONAL,20000,12.21,0,0.29,N,2,1,16170,0,0
23,100000,MORTGAGE,7.0,PERSONAL,10000,10.59,0,0.1,N,4,1,16171,0,0
24,85000,MORTGAGE,2.0,EDUCATION,7500,13.99,0,0.09,Y,4,0,16174,0,0
22,36000,RENT,1.0,EDUCATION,5000,12.68,1,0.14,N,4,1,16176,1,0
26,31836,RENT,1.0,EDUCATION,6400,14.35,0,0.2,N,4,1,16179,0,0
24,95000,MORTGAGE,7.0,DEBTCONSOLIDATION,15000,12.69,0,0.16,N,3,1,16188,0,0
22,72000,OWN,1.0,VENTURE,15000,10.25,0,0.21,N,4,1,16197,0,0
25,75600,MORTGAGE,2.0,DEBTCONSOLIDATION,14500,9.63,0,0.19,N,3,1,16201,0,0
23,60000,MORTGAGE,8.0,DEBTCONSOLIDATION,10000,10.99,0,0.17,N,3,1,16213,0,0
26,60000,RENT,0.0,VENTURE,5000,7.14,0,0.08,N,2,1,16228,0,0
23,22800,RENT,5.0,DEBTCONSOLIDATION,1775,6.99,0,0.08,N,2,1,16247,0,0
24,44000,MORTGAGE,2.0,DEBTCONSOLIDATION,25000,15.58,1,0.57,Y,3,0,16250,1,1
23,33195,RENT,5.0,MEDICAL,1800,11.99,0,0.05,N,3,1,16253,0,0
23,74800,RENT,1.0,MEDICAL,20000,17.04,1,0.23,Y,3,0,16256,1,1
23,91000,MORTGAGE,3.0,EDUCATION,12000,10.99,0,0.13,N,4,1,16266,0,0
23,106000,MORTGAGE,7.0,EDUCATION,10000,7.14,0,0.09,N,3,1,16274,0,0
25,40000,RENT,1.0,VENTURE,6500,11.89,0,0.16,N,3,1,16284,0,0
22,24000,OWN,4.0,PERSONAL,4750,10.99,0,0.2,Y,3,0,16286,0,0
25,49000,RENT,1.0,PERSONAL,12000,13.49,1,0.24,N,4,1,16290,1,1
26,32500,MORTGAGE,8.0,DEBTCONSOLIDATION,3000,13.22,0,0.09,Y,3,0,16293,0,0
22,75000,RENT,2.0,DEBTCONSOLIDATION,21000,10.0,0,0.28,N,4,1,16297,0,0
25,70000,RENT,8.0,VENTURE,15000,14.42,0,0.21,Y,2,0,16307,0,0
24,62900,RENT,1.0,MEDICAL,16800,15.65,1,0.23,N,4,1,16311,1,1
24,47000,MORTGAGE,3.0,MEDICAL,12000,12.21,0,0.26,N,3,1,16313,0,0
25,27096,RENT,7.0,EDUCATION,5000,7.9,1,0.18,N,3,1,16315,1,0
23,72000,RENT,4.0,DEBTCONSOLIDATION,10000,13.85,0,0.14,N,3,1,16316,0,0
23,40000,MORTGAGE,7.0,DEBTCONSOLIDATION,6000,14.79,0,0.15,Y,3,0,16332,0,0
24,121000,RENT,8.0,PERSONAL,20000,8.9,0,0.17,N,4,1,16339,0,0
24,145000,MORTGAGE,0.0,PERSONAL,7000,10.99,0,0.05,N,2,1,16341,0,0
26,83004,RENT,7.0,VENTURE,5450,7.9,0,0.07,N,3,1,16344,0,0
25,51000,MORTGAGE,6.0,EDUCATION,16750,16.4,0,0.33,N,3,1,16345,0,0
25,109000,MORTGAGE,9.0,DEBTCONSOLIDATION,14000,9.63,0,0.13,N,2,1,16348,0,0
24,65000,RENT,1.0,MEDICAL,6400,9.99,0,0.1,N,3,1,16355,0,0
23,70550,RENT,0.0,MEDICAL,14000,17.51,1,0.17,Y,2,0,16357,1,1
26,63000,MORTGAGE,10.0,HOMEIMPROVEMENT,3500,7.68,0,0.06,N,4,1,16358,0,0
24,28800,RENT,2.0,MEDICAL,8875,10.99,1,0.31,N,4,1,16368,1,1
22,28880,MORTGAGE,4.0,MEDICAL,2000,8.59,0,0.07,N,4,1,16372,0,0
24,95000,RENT,5.0,VENTURE,14000,10.99,0,0.15,N,4,1,16380,0,0
23,70000,RENT,1.0,VENTURE,3500,5.42,0,0.05,N,2,1,16381,0,0
22,63000,RENT,2.0,VENTURE,5000,7.74,0,0.08,N,4,1,16391,0,0
25,80004,RENT,5.0,HOMEIMPROVEMENT,10000,9.62,0,0.12,N,4,1,16392,0,0
22,69600,RENT,6.0,DEBTCONSOLIDATION,1350,12.68,0,0.02,Y,3,0,16397,0,0
22,20000,RENT,2.0,PERSONAL,4000,9.45,0,0.2,N,3,1,16398,0,0
24,52800,RENT,1.0,DEBTCONSOLIDATION,8000,12.87,0,0.15,N,4,1,16404,0,0
22,41838,RENT,0.0,PERSONAL,6600,16.89,1,0.16,N,3,1,16408,1,1
22,50000,RENT,1.0,EDUCATION,11000,10.99,0,0.22,N,3,1,16409,0,0
24,24000,RENT,2.0,EDUCATION,3500,15.65,1,0.15,Y,4,0,16419,1,1
26,126000,MORTGAGE,4.0,DEBTCONSOLIDATION,7500,13.92,0,0.06,N,2,1,16424,0,0
25,65000,OWN,9.0,HOMEIMPROVEMENT,7000,11.66,0,0.11,Y,3,0,16425,0,0
22,183000,MORTGAGE,3.0,EDUCATION,1000,10.99,0,0.01,N,2,1,16429,0,0
22,35000,MORTGAGE,6.0,DEBTCONSOLIDATION,8000,5.79,0,0.23,N,3,1,16430,0,0
24,85000,MORTGAGE,1.0,PERSONAL,4400,7.4,0,0.05,N,3,1,16437,0,0
23,38000,RENT,7.0,PERSONAL,12000,11.71,1,0.32,N,4,1,16454,1,1
23,40000,RENT,6.0,EDUCATION,15000,11.71,1,0.38,N,3,1,16463,1,1
23,43000,RENT,1.0,DEBTCONSOLIDATION,3000,8.49,0,0.07,N,3,1,16466,0,0
23,115000,RENT,2.0,EDUCATION,35000,7.9,0,0.3,N,4,1,16468,0,0
23,24000,RENT,4.0,EDUCATION,12250,13.16,1,0.51,N,3,1,16470,1,1
25,24000,OWN,7.0,HOMEIMPROVEMENT,6000,5.42,0,0.25,N,4,1,16492,0,0
25,30000,RENT,4.0,MEDICAL,5000,11.86,0,0.17,N,4,1,16495,0,0
23,170000,RENT,7.0,PERSONAL,12000,11.11,0,0.07,N,2,1,16497,0,0
23,78000,RENT,7.0,MEDICAL,8100,7.29,0,0.1,N,2,1,16501,0,0
22,31200,RENT,5.0,DEBTCONSOLIDATION,10000,12.73,1,0.32,Y,2,0,16510,1,1
25,107000,MORTGAGE,1.0,EDUCATION,1000,7.4,0,0.01,N,4,1,16511,0,0
22,45630,RENT,0.0,VENTURE,2500,18.64,1,0.05,Y,4,0,16522,1,1
24,49000,RENT,8.0,EDUCATION,7000,7.49,1,0.14,N,4,1,16539,1,1
24,54100,RENT,5.0,VENTURE,4500,7.14,0,0.08,N,2,1,16540,0,0
24,24000,RENT,1.0,MEDICAL,8500,7.9,1,0.35,N,2,1,16541,1,1
21,55000,RENT,5.0,MEDICAL,12000,10.62,0,0.22,N,2,1,16542,0,0
22,50000,MORTGAGE,0.0,EDUCATION,12800,5.79,0,0.26,N,3,1,16545,0,0
23,46776,OWN,7.0,VENTURE,15000,13.24,0,0.32,N,3,1,16549,0,0
23,17688,RENT,0.0,DEBTCONSOLIDATION,1700,11.11,0,0.1,N,3,1,16563,0,0
22,57500,RENT,1.0,VENTURE,9100,11.49,0,0.16,N,3,1,16577,0,0
26,110000,RENT,3.0,HOMEIMPROVEMENT,25000,10.99,0,0.23,Y,2,0,16580,0,0
22,50000,MORTGAGE,6.0,EDUCATION,8000,11.12,0,0.16,N,4,1,16581,0,0
23,24091,MORTGAGE,5.0,MEDICAL,3500,12.99,0,0.15,Y,2,0,16591,0,0
23,33000,RENT,7.0,MEDICAL,5500,14.54,1,0.17,N,2,1,16594,1,1
23,95004,RENT,2.0,PERSONAL,5000,9.63,0,0.05,N,4,1,16599,0,0
26,51000,RENT,10.0,PERSONAL,5000,12.42,1,0.1,N,2,1,16601,1,1
24,30500,RENT,2.0,PERSONAL,6800,21.74,1,0.22,Y,4,0,16604,1,1
25,90000,MORTGAGE,7.0,DEBTCONSOLIDATION,6000,7.14,0,0.07,N,3,1,16610,0,0
22,105000,MORTGAGE,6.0,DEBTCONSOLIDATION,12800,11.83,0,0.12,N,3,1,16612,0,0
25,60000,RENT,2.0,EDUCATION,20000,10.99,1,0.33,N,4,1,16613,1,1
22,46000,MORTGAGE,6.0,PERSONAL,4000,10.37,0,0.09,N,2,1,16617,0,0
23,90000,MORTGAGE,7.0,PERSONAL,15000,15.31,0,0.17,Y,4,0,16618,0,0
26,35000,RENT,2.0,DEBTCONSOLIDATION,2500,8.9,0,0.07,N,2,1,16625,0,0
22,48000,RENT,7.0,EDUCATION,5000,6.99,0,0.1,N,2,1,16629,0,0
24,73399,RENT,0.0,EDUCATION,27000,10.99,1,0.37,N,2,1,16649,1,1
23,57744,MORTGAGE,7.0,VENTURE,2500,10.37,0,0.04,N,4,1,16657,0,0
23,69000,RENT,7.0,DEBTCONSOLIDATION,4800,10.75,0,0.07,N,2,1,16658,0,0
23,42000,MORTGAGE,1.0,PERSONAL,5750,13.57,0,0.14,N,2,1,16666,0,0
26,75531,RENT,3.0,PERSONAL,15000,16.49,0,0.2,N,2,1,16674,0,0
24,79000,RENT,0.0,MEDICAL,8000,11.49,0,0.1,N,4,1,16680,0,0
25,48996,MORTGAGE,8.0,MEDICAL,5000,9.88,1,0.1,N,2,1,16690,1,0
23,52692,RENT,4.0,MEDICAL,3500,12.23,0,0.07,Y,4,0,16701,0,0
24,51000,RENT,6.0,MEDICAL,15000,11.12,0,0.29,N,2,1,16703,0,0
25,59004,RENT,1.0,HOMEIMPROVEMENT,20000,14.84,1,0.34,N,4,1,16714,1,1
25,80000,MORTGAGE,9.0,VENTURE,12000,7.88,0,0.15,N,3,1,16718,0,0
21,41000,RENT,5.0,VENTURE,7000,5.79,0,0.17,N,2,1,16721,0,0
25,200000,OWN,0.0,VENTURE,24000,12.18,0,0.12,N,2,1,16723,0,0
24,62000,RENT,4.0,HOMEIMPROVEMENT,2000,13.49,0,0.03,Y,3,0,16726,0,0
22,100000,RENT,3.0,VENTURE,10000,10.65,0,0.1,N,2,1,16729,0,0
23,75000,MORTGAGE,0.0,DEBTCONSOLIDATION,9500,10.99,0,0.13,Y,3,0,16731,0,0
25,36000,MORTGAGE,2.0,MEDICAL,13750,13.22,1,0.38,Y,3,0,16732,1,0
26,80400,RENT,6.0,MEDICAL,7000,10.65,0,0.09,N,2,1,16739,0,0
21,18000,RENT,3.0,DEBTCONSOLIDATION,1500,12.87,0,0.08,Y,4,0,16742,0,0
24,33600,RENT,5.0,PERSONAL,4450,11.49,0,0.13,N,4,1,16745,0,0
24,136000,MORTGAGE,9.0,DEBTCONSOLIDATION,25000,19.13,1,0.18,N,3,1,16749,1,1
23,92000,RENT,0.0,EDUCATION,6500,8.0,0,0.07,N,3,1,16750,0,0
22,77000,MORTGAGE,6.0,VENTURE,12400,7.51,0,0.16,N,2,1,16751,0,0
26,28800,RENT,10.0,MEDICAL,15000,10.0,1,0.52,N,3,1,16752,1,1
25,75000,RENT,0.0,DEBTCONSOLIDATION,20000,10.38,0,0.27,N,2,1,16754,0,0
22,44000,RENT,3.0,HOMEIMPROVEMENT,3600,13.43,1,0.08,Y,3,0,16758,1,1
26,96050,MORTGAGE,3.0,MEDICAL,24000,15.28,1,0.21,Y,2,0,16759,1,1
22,30000,MORTGAGE,2.0,DEBTCONSOLIDATION,13250,10.99,0,0.44,N,4,1,16764,0,0
22,60000,MORTGAGE,6.0,DEBTCONSOLIDATION,17500,7.88,0,0.29,N,2,1,16794,0,0
24,48000,OWN,5.0,VENTURE,4400,5.99,0,0.09,N,4,1,16796,0,0
23,23760,RENT,2.0,PERSONAL,2800,10.99,0,0.12,N,4,1,16808,0,0
23,61000,RENT,3.0,EDUCATION,2500,7.49,0,0.04,N,3,1,16810,0,0
21,56000,RENT,5.0,HOMEIMPROVEMENT,15000,16.0,1,0.27,Y,4,0,16811,1,1
23,115275,RENT,7.0,EDUCATION,7500,11.28,0,0.07,Y,4,0,16814,0,0
25,50000,MORTGAGE,9.0,DEBTCONSOLIDATION,18000,7.88,0,0.36,N,4,1,16817,0,0
25,38000,RENT,9.0,EDUCATION,4800,11.71,0,0.13,N,3,1,16826,0,0
25,88000,MORTGAGE,7.0,PERSONAL,11000,11.14,0,0.13,N,2,1,16828,0,0
25,60000,MORTGAGE,3.0,DEBTCONSOLIDATION,3000,5.99,0,0.05,N,4,1,16830,0,0
24,65000,RENT,5.0,MEDICAL,12000,8.9,0,0.18,N,3,1,16839,0,0
21,70553,MORTGAGE,2.0,MEDICAL,10000,15.28,1,0.12,N,3,1,16840,1,1
24,106000,RENT,6.0,HOMEIMPROVEMENT,13000,12.69,1,0.12,N,4,1,16849,1,0
21,37423,RENT,5.0,MEDICAL,2800,7.88,0,0.07,N,4,1,16854,0,0
24,48000,MORTGAGE,2.0,VENTURE,5500,11.36,0,0.11,N,3,1,16861,0,0
23,38000,RENT,0.0,EDUCATION,7500,7.88,0,0.2,N,3,1,16864,0,0
21,36000,RENT,1.0,MEDICAL,4500,17.27,1,0.13,N,4,1,16895,1,1
23,112800,MORTGAGE,3.0,EDUCATION,35000,10.99,0,0.31,N,2,1,16900,0,0
24,80000,MORTGAGE,8.0,PERSONAL,9000,10.99,0,0.11,N,2,1,16904,0,0
22,66000,MORTGAGE,6.0,VENTURE,10000,11.49,0,0.15,N,4,1,16912,0,0
23,30000,RENT,0.0,EDUCATION,8400,14.65,0,0.28,N,3,1,16916,0,0
23,95000,RENT,4.0,EDUCATION,10000,10.99,0,0.11,N,4,1,16922,0,0
26,37000,RENT,0.0,PERSONAL,14000,9.88,1,0.38,N,2,1,16929,1,1
25,56204,RENT,3.0,MEDICAL,12000,14.11,1,0.21,Y,2,0,16941,1,1
22,70000,MORTGAGE,3.0,VENTURE,14400,11.71,0,0.21,N,4,1,16948,0,0
24,70000,RENT,0.0,MEDICAL,10000,7.29,0,0.14,N,3,1,16966,0,0
22,39000,OWN,6.0,MEDICAL,1000,10.99,0,0.03,N,2,1,16969,0,0
23,80400,RENT,4.0,EDUCATION,9000,7.51,0,0.11,N,4,1,16971,0,0
26,51600,RENT,1.0,EDUCATION,5000,8.94,1,0.1,N,2,1,16974,1,0
25,60000,MORTGAGE,2.0,PERSONAL,6900,9.99,0,0.12,N,2,1,16976,0,0
26,103000,MORTGAGE,10.0,EDUCATION,5000,14.96,0,0.05,N,4,1,16989,0,0
23,54000,RENT,7.0,VENTURE,15550,11.71,0,0.29,N,4,1,16992,0,0
25,42000,RENT,1.0,DEBTCONSOLIDATION,6000,10.99,0,0.14,N,2,1,16993,0,0
26,51000,MORTGAGE,10.0,DEBTCONSOLIDATION,13000,15.33,1,0.25,Y,2,0,17002,1,1
22,40000,RENT,2.0,DEBTCONSOLIDATION,4000,10.99,0,0.1,N,3,1,17009,0,0
22,44004,RENT,2.0,DEBTCONSOLIDATION,5000,8.9,0,0.11,N,3,1,17012,0,0
26,59000,RENT,3.0,EDUCATION,20000,10.99,1,0.34,N,2,1,17016,1,1
22,64000,RENT,5.0,DEBTCONSOLIDATION,6600,8.9,0,0.1,N,4,1,17020,0,0
25,100000,MORTGAGE,9.0,PERSONAL,17600,10.59,0,0.18,N,3,1,17023,0,0
26,80000,MORTGAGE,0.0,VENTURE,6300,5.79,0,0.08,N,4,1,17024,0,0
24,55680,MORTGAGE,4.0,PERSONAL,7875,10.65,0,0.14,N,3,1,17026,0,0
22,59000,RENT,2.0,DEBTCONSOLIDATION,11000,10.74,0,0.19,N,3,1,17036,0,0
23,32388,MORTGAGE,0.0,VENTURE,6000,10.71,0,0.19,N,4,1,17037,0,0
22,36600,MORTGAGE,2.0,VENTURE,9950,7.29,0,0.27,N,3,1,17039,0,0
23,100000,MORTGAGE,0.0,DEBTCONSOLIDATION,7000,8.59,0,0.07,N,4,1,17041,0,0
26,24500,RENT,4.0,EDUCATION,8875,10.0,1,0.36,N,3,1,17047,1,1
25,174000,MORTGAGE,2.0,EDUCATION,8800,14.27,0,0.05,N,4,1,17049,0,0
26,72600,MORTGAGE,3.0,VENTURE,4500,7.74,0,0.06,N,3,1,17050,0,0
26,75000,RENT,5.0,PERSONAL,20000,6.91,0,0.27,N,2,1,17051,0,0
25,42000,RENT,2.0,VENTURE,2000,9.25,0,0.05,N,3,1,17052,0,0
22,89250,MORTGAGE,6.0,MEDICAL,7500,13.24,1,0.07,Y,2,0,17053,1,0
21,12000,RENT,0.0,PERSONAL,2200,10.99,1,0.18,N,4,1,17054,1,1
23,100000,MORTGAGE,7.0,VENTURE,25000,11.71,0,0.25,N,4,1,17066,0,0
21,23000,MORTGAGE,2.0,DEBTCONSOLIDATION,7000,8.9,0,0.3,N,4,1,17079,0,0
24,30000,RENT,6.0,DEBTCONSOLIDATION,6000,7.51,0,0.2,N,3,1,17080,0,0
21,18000,RENT,0.0,DEBTCONSOLIDATION,3000,7.9,1,0.17,N,2,1,17082,1,1
25,35000,OWN,9.0,VENTURE,4000,13.11,0,0.11,N,4,1,17095,0,0
22,89000,MORTGAGE,6.0,VENTURE,16000,13.22,0,0.18,N,2,1,17113,0,0
22,50000,OWN,3.0,VENTURE,6000,8.94,0,0.12,N,4,1,17117,0,0
24,89772,RENT,8.0,DEBTCONSOLIDATION,6000,13.92,0,0.07,Y,3,0,17121,0,0
21,39900,RENT,0.0,EDUCATION,12000,7.9,0,0.3,N,4,1,17134,0,0
25,30000,RENT,2.0,MEDICAL,2000,10.38,0,0.07,N,3,1,17135,0,0
25,96000,RENT,3.0,DEBTCONSOLIDATION,12000,11.99,0,0.13,N,3,1,17136,0,0
25,80004,RENT,9.0,VENTURE,20000,14.26,0,0.25,N,2,1,17150,0,0
21,47500,RENT,2.0,EDUCATION,7500,10.99,0,0.16,N,3,1,17161,0,0
23,58000,RENT,4.0,EDUCATION,8000,10.37,0,0.14,N,2,1,17162,0,0
22,41604,OWN,1.0,EDUCATION,14400,10.99,0,0.35,N,4,1,17164,0,0
23,78000,RENT,7.0,MEDICAL,20000,10.99,0,0.26,N,4,1,17168,0,0
23,33359,RENT,2.0,MEDICAL,9000,10.99,1,0.27,N,4,1,17172,1,1
26,55000,RENT,1.0,DEBTCONSOLIDATION,3200,8.49,0,0.06,N,2,1,17173,0,0
22,61000,RENT,3.0,MEDICAL,5000,9.99,0,0.08,N,2,1,17176,0,0
26,27983,MORTGAGE,7.0,VENTURE,6000,7.88,0,0.21,N,3,1,17179,0,0
23,85500,RENT,1.0,DEBTCONSOLIDATION,17000,13.11,0,0.2,Y,3,0,17180,0,0
23,43500,RENT,0.0,PERSONAL,10450,13.57,0,0.24,N,3,1,17183,0,0
22,74000,MORTGAGE,6.0,MEDICAL,2500,6.62,0,0.03,N,3,1,17185,0,0
22,48000,RENT,1.0,EDUCATION,7200,9.62,0,0.15,N,3,1,17190,0,0
21,22200,RENT,2.0,DEBTCONSOLIDATION,2500,16.29,1,0.11,Y,2,0,17193,1,1
22,33300,MORTGAGE,5.0,DEBTCONSOLIDATION,5325,14.59,1,0.16,N,4,1,17196,1,1
23,45000,RENT,7.0,EDUCATION,6000,11.49,0,0.13,N,3,1,17201,0,0
24,65000,MORTGAGE,5.0,PERSONAL,9600,11.99,0,0.15,N,3,1,17202,0,0
26,69000,MORTGAGE,10.0,DEBTCONSOLIDATION,6200,15.99,1,0.09,Y,3,0,17203,1,1
24,42000,MORTGAGE,2.0,HOMEIMPROVEMENT,7000,8.59,0,0.17,N,3,1,17210,0,0
25,34000,MORTGAGE,2.0,MEDICAL,15450,11.22,1,0.45,Y,4,0,17212,1,1
24,67000,MORTGAGE,2.0,HOMEIMPROVEMENT,12150,10.37,0,0.18,N,3,1,17220,0,0
23,43200,RENT,2.0,EDUCATION,9100,13.24,1,0.21,N,3,1,17222,1,0
22,50663,RENT,0.0,EDUCATION,7500,13.22,0,0.15,N,2,1,17224,0,0
21,15600,RENT,0.0,MEDICAL,2800,7.4,1,0.18,N,4,1,17237,1,1
21,26000,RENT,2.0,EDUCATION,7750,16.7,1,0.3,N,3,1,17240,1,1
23,99996,MORTGAGE,2.0,EDUCATION,4800,11.49,0,0.05,N,4,1,17244,0,0
22,25000,OWN,1.0,EDUCATION,11100,9.63,0,0.44,N,3,1,17248,0,0
25,93000,RENT,3.0,HOMEIMPROVEMENT,12000,10.99,0,0.13,N,3,1,17249,0,0
25,62500,RENT,2.0,DEBTCONSOLIDATION,12000,16.77,1,0.19,N,4,1,17252,1,1
21,72500,RENT,3.0,EDUCATION,14000,13.49,0,0.19,Y,3,0,17267,0,0
25,57000,RENT,0.0,PERSONAL,15000,13.85,0,0.26,Y,2,0,17271,0,0
24,93000,MORTGAGE,5.0,DEBTCONSOLIDATION,12000,16.29,1,0.13,Y,3,0,17281,1,1
23,66000,RENT,7.0,MEDICAL,5000,10.39,0,0.08,N,4,1,17287,0,0
26,92500,RENT,3.0,DEBTCONSOLIDATION,12000,11.71,0,0.13,N,4,1,17289,0,0
26,34000,RENT,5.0,VENTURE,7500,7.9,0,0.22,N,4,1,17295,0,0
25,77000,MORTGAGE,9.0,DEBTCONSOLIDATION,3000,7.49,0,0.04,N,4,1,17298,0,0
24,48200,RENT,3.0,VENTURE,5000,10.38,0,0.1,N,3,1,17306,0,0
24,38000,RENT,0.0,PERSONAL,12000,11.89,1,0.32,N,3,1,17309,1,1
35,648000,MORTGAGE,6.0,PERSONAL,10000,17.19,1,0.02,Y,8,0,17318,1,0
29,85000,RENT,1.0,PERSONAL,35000,11.99,1,0.41,N,8,1,17319,1,1
30,350000,OWN,3.0,PERSONAL,32000,6.62,0,0.09,N,7,1,17342,0,0
35,350000,MORTGAGE,10.0,VENTURE,35000,17.49,0,0.1,N,7,1,17345,0,0
32,348000,MORTGAGE,16.0,MEDICAL,25000,11.83,0,0.07,N,8,1,17348,0,0
34,334000,OWN,18.0,EDUCATION,18000,12.68,0,0.05,Y,10,0,17351,0,0
30,11440,OWN,3.0,MEDICAL,1750,12.73,0,0.15,Y,5,0,17353,0,0
28,73000,RENT,0.0,PERSONAL,32000,11.99,1,0.44,N,9,1,17354,1,1
27,75000,RENT,11.0,PERSONAL,30000,10.65,1,0.4,N,5,1,17362,1,1
29,244800,RENT,8.0,MEDICAL,8000,14.09,1,0.03,N,5,1,17366,1,0
29,280000,MORTGAGE,6.0,VENTURE,15000,12.99,0,0.05,N,7,1,17378,0,0
30,270000,MORTGAGE,14.0,DEBTCONSOLIDATION,21000,11.26,0,0.08,N,6,1,17385,0,0
29,260000,MORTGAGE,0.0,HOMEIMPROVEMENT,20000,10.37,0,0.08,N,9,1,17391,0,0
28,250000,MORTGAGE,3.0,PERSONAL,35000,11.71,0,0.14,N,7,1,17395,0,0
27,238000,RENT,11.0,HOMEIMPROVEMENT,12000,17.27,1,0.05,N,7,1,17396,1,0
34,12000,OWN,0.0,HOMEIMPROVEMENT,3250,10.99,1,0.27,N,5,1,17398,1,1
28,225000,MORTGAGE,1.0,VENTURE,5000,7.75,0,0.02,N,5,1,17436,0,0
28,49861,RENT,2.0,MEDICAL,25000,13.11,1,0.5,Y,7,0,17437,1,1
27,49000,RENT,11.0,DEBTCONSOLIDATION,25000,11.36,1,0.51,N,5,1,17452,1,1
34,204000,MORTGAGE,0.0,EDUCATION,16000,11.83,0,0.08,N,5,1,17455,0,0
31,204000,RENT,0.0,VENTURE,12000,9.63,0,0.06,N,9,1,17456,0,0
27,60000,RENT,11.0,VENTURE,25000,10.99,1,0.42,N,8,1,17473,1,1
35,200000,MORTGAGE,0.0,HOMEIMPROVEMENT,18000,10.99,0,0.09,N,10,1,17476,0,0
32,63235,RENT,3.0,HOMEIMPROVEMENT,25000,10.25,1,0.4,N,8,1,17479,1,1
27,200000,MORTGAGE,7.0,PERSONAL,15000,9.88,0,0.07,N,9,1,17483,0,0
32,188000,RENT,14.0,DEBTCONSOLIDATION,25000,10.62,1,0.13,N,5,1,17487,1,0
30,69000,RENT,6.0,EDUCATION,25000,14.09,1,0.36,Y,5,0,17497,1,1
32,69996,RENT,4.0,VENTURE,25000,15.95,1,0.36,Y,10,0,17498,1,1
30,72000,RENT,5.0,VENTURE,25000,16.32,1,0.35,Y,5,0,17503,1,1
29,192000,MORTGAGE,6.0,VENTURE,15000,14.27,0,0.08,Y,6,0,17510,0,0
35,14400,OWN,2.0,DEBTCONSOLIDATION,5550,10.37,1,0.39,N,8,1,17518,1,1
30,75600,RENT,0.0,PERSONAL,25000,9.99,1,0.33,N,8,1,17520,1,1
30,77000,RENT,7.0,PERSONAL,25000,10.75,1,0.32,N,8,1,17521,1,1
31,190000,MORTGAGE,15.0,MEDICAL,24000,10.99,0,0.13,N,10,1,17524,0,0
32,189996,RENT,4.0,PERSONAL,8400,9.32,0,0.04,N,8,1,17530,0,0
33,189000,MORTGAGE,5.0,DEBTCONSOLIDATION,20000,6.17,0,0.11,N,7,1,17531,0,0
27,72000,RENT,3.0,DEBTCONSOLIDATION,25000,15.95,1,0.35,Y,6,0,17534,1,1
28,186480,MORTGAGE,12.0,MEDICAL,10000,14.22,0,0.05,Y,9,0,17537,0,0
27,185232,MORTGAGE,10.0,PERSONAL,35000,10.99,0,0.19,N,8,1,17541,0,0
29,180000,MORTGAGE,2.0,PERSONAL,31000,19.42,0,0.17,Y,8,0,17552,0,0
27,180000,RENT,2.0,MEDICAL,15000,12.42,0,0.08,N,10,1,17554,0,0
31,180000,MORTGAGE,5.0,VENTURE,9000,14.27,0,0.05,Y,6,0,17555,0,0
34,180000,MORTGAGE,9.0,EDUCATION,12900,12.99,0,0.07,Y,7,0,17561,0,0
30,180000,MORTGAGE,14.0,DEBTCONSOLIDATION,20000,11.48,0,0.11,N,8,1,17571,0,0
32,90000,RENT,2.0,PERSONAL,25000,9.99,0,0.28,N,7,1,17577,0,0
34,91000,RENT,11.0,MEDICAL,25000,11.36,0,0.27,N,5,1,17581,0,0
31,15000,MORTGAGE,3.0,DEBTCONSOLIDATION,2000,16.89,1,0.13,Y,8,0,17582,1,1
29,92200,RENT,7.0,VENTURE,25000,14.96,0,0.27,N,5,1,17583,0,0
35,15000,OWN,3.0,HOMEIMPROVEMENT,3700,9.32,1,0.25,N,6,1,17596,1,1
35,15000,MORTGAGE,0.0,VENTURE,1925,12.84,0,0.13,N,6,1,17599,0,0
32,106000,RENT,14.0,DEBTCONSOLIDATION,25000,16.63,1,0.24,Y,7,0,17620,1,1
30,102213,RENT,3.0,MEDICAL,25000,15.7,1,0.21,N,7,1,17628,1,1
31,165000,MORTGAGE,3.0,HOMEIMPROVEMENT,15000,12.61,0,0.09,N,7,1,17641,0,0
31,139016,RENT,5.0,VENTURE,25000,15.37,1,0.18,Y,8,0,17646,1,0
27,16000,OTHER,1.0,DEBTCONSOLIDATION,5750,10.99,1,0.36,Y,8,0,17652,1,1
32,227500,RENT,3.0,MEDICAL,25000,12.53,0,0.11,N,5,1,17662,0,0
27,223000,RENT,2.0,EDUCATION,25000,18.3,1,0.11,N,9,1,17663,1,1
27,160000,MORTGAGE,12.0,MEDICAL,1500,11.78,0,0.01,Y,6,0,17679,0,0
29,160000,RENT,0.0,DEBTCONSOLIDATION,15000,13.04,0,0.09,N,5,1,17680,0,0
30,105000,RENT,4.0,VENTURE,24250,15.65,0,0.23,N,10,1,17681,0,0
31,105400,RENT,2.0,MEDICAL,24250,15.31,1,0.2,N,5,1,17686,1,1
30,144600,RENT,14.0,VENTURE,24250,10.99,0,0.17,N,6,1,17688,0,0
27,47000,RENT,0.0,DEBTCONSOLIDATION,24000,17.14,1,0.51,N,5,1,17692,1,1
31,59712,RENT,0.0,DEBTCONSOLIDATION,24000,17.43,1,0.4,N,9,1,17700,1,1
27,18000,OWN,4.0,EDUCATION,5000,7.9,1,0.28,N,9,1,17702,1,1
29,72000,RENT,4.0,EDUCATION,24000,7.66,1,0.33,N,6,1,17703,1,1
27,75860,RENT,9.0,MEDICAL,24000,10.99,1,0.32,N,5,1,17707,1,1
30,90000,RENT,3.0,MEDICAL,24000,11.49,0,0.27,N,6,1,17712,0,0
31,95000,RENT,3.0,HOMEIMPROVEMENT,24000,13.67,0,0.25,Y,10,0,17713,0,0
30,85000,RENT,1.0,PERSONAL,24000,16.82,1,0.28,N,8,1,17714,1,1
31,125004,RENT,13.0,VENTURE,24000,9.25,0,0.19,N,8,1,17721,0,0
27,18000,MORTGAGE,0.0,VENTURE,2000,7.88,0,0.11,N,5,1,17722,0,0
31,138000,RENT,0.0,PERSONAL,24000,15.65,1,0.17,Y,5,0,17724,1,1
28,75000,RENT,5.0,VENTURE,23850,16.29,1,0.32,N,10,1,17726,1,1
33,80001,RENT,6.0,EDUCATION,21600,18.64,1,0.27,N,10,1,17756,1,0
30,64600,RENT,0.0,MEDICAL,21500,6.91,1,0.28,N,10,1,17758,1,0
30,132000,RENT,14.0,HOMEIMPROVEMENT,21500,10.62,0,0.16,N,8,1,17759,0,0
28,90000,RENT,12.0,PERSONAL,21000,14.54,0,0.23,N,9,1,17770,0,0
30,150000,RENT,2.0,VENTURE,21000,12.62,0,0.14,N,9,1,17775,0,0
28,58200,RENT,11.0,EDUCATION,20500,16.82,1,0.35,Y,5,0,17779,1,1
35,54000,RENT,0.0,PERSONAL,20500,14.61,1,0.38,Y,5,0,17780,1,1
33,50000,RENT,0.0,HOMEIMPROVEMENT,20400,6.54,1,0.41,N,7,1,17781,1,1
29,72000,RENT,8.0,HOMEIMPROVEMENT,20400,11.49,0,0.28,N,7,1,17782,0,0
27,40000,RENT,11.0,DEBTCONSOLIDATION,20000,6.91,1,0.5,N,8,1,17786,1,1
27,50004,RENT,5.0,DEBTCONSOLIDATION,20000,10.99,1,0.4,N,9,1,17795,1,1
27,54000,RENT,2.0,MEDICAL,20000,10.99,1,0.37,N,8,1,17805,1,1
32,55000,RENT,2.0,VENTURE,20000,11.83,1,0.36,N,7,1,17808,1,1
31,59000,RENT,14.0,DEBTCONSOLIDATION,20000,7.51,1,0.34,N,10,1,17815,1,1
28,60000,RENT,12.0,PERSONAL,20000,10.99,1,0.33,N,10,1,17816,1,1
27,54000,RENT,2.0,PERSONAL,20000,16.0,1,0.37,N,6,1,17819,1,1
34,65000,RENT,3.0,HOMEIMPROVEMENT,20000,6.54,1,0.31,N,5,1,17836,1,1
32,66000,RENT,4.0,HOMEIMPROVEMENT,20000,8.9,0,0.3,N,9,1,17838,0,0
27,67000,RENT,2.0,HOMEIMPROVEMENT,20000,14.26,0,0.3,Y,10,0,17841,0,0
29,70000,RENT,2.0,MEDICAL,20000,13.85,0,0.29,N,5,1,17846,0,0
27,72000,RENT,4.0,HOMEIMPROVEMENT,20000,9.25,0,0.28,N,10,1,17851,0,0
27,75000,RENT,1.0,HOMEIMPROVEMENT,20000,10.99,0,0.27,N,6,1,17860,0,0
28,75000,RENT,0.0,HOMEIMPROVEMENT,20000,11.11,0,0.27,N,7,1,17863,0,0
30,77000,RENT,7.0,VENTURE,20000,12.42,0,0.26,N,8,1,17871,0,0
27,72000,RENT,4.0,HOMEIMPROVEMENT,20000,13.22,1,0.28,N,9,1,17874,1,0
29,73000,RENT,1.0,HOMEIMPROVEMENT,20000,11.83,1,0.27,N,9,1,17887,1,0
27,88000,RENT,4.0,DEBTCONSOLIDATION,20000,10.38,0,0.23,N,7,1,17891,0,0
27,90000,RENT,0.0,DEBTCONSOLIDATION,20000,6.54,0,0.22,N,9,1,17893,0,0
32,90000,RENT,11.0,PERSONAL,20000,13.22,0,0.22,Y,6,0,17894,0,0
29,92000,RENT,2.0,DEBTCONSOLIDATION,20000,13.72,0,0.22,N,10,1,17895,0,0
32,81400,RENT,2.0,VENTURE,20000,14.84,1,0.25,Y,6,0,17896,1,1
28,94050,RENT,7.0,HOMEIMPROVEMENT,20000,14.26,0,0.21,Y,9,0,17901,0,0
32,96000,RENT,7.0,PERSONAL,20000,14.42,0,0.21,N,9,1,17904,0,0
32,101000,RENT,3.0,PERSONAL,20000,10.75,0,0.2,N,9,1,17919,0,0
30,115000,RENT,3.0,DEBTCONSOLIDATION,20000,11.11,0,0.17,N,7,1,17930,0,0
35,113000,RENT,0.0,DEBTCONSOLIDATION,20000,10.99,1,0.18,N,7,1,17940,1,0
31,155000,RENT,3.0,HOMEIMPROVEMENT,20000,10.74,0,0.13,N,6,1,17951,0,0
31,23000,OWN,13.0,PERSONAL,4500,5.79,0,0.2,N,9,1,17954,0,0
27,12000,RENT,1.0,DEBTCONSOLIDATION,725,7.37,0,0.06,N,6,1,17962,0,1
32,12000,RENT,3.0,MEDICAL,900,10.28,1,0.07,N,5,1,17963,1,0
30,23000,RENT,1.0,MEDICAL,950,10.99,0,0.04,N,6,1,17964,0,0
28,12000,RENT,1.0,HOMEIMPROVEMENT,1000,16.32,1,0.08,Y,9,0,17965,1,1
27,17000,RENT,1.0,VENTURE,1000,7.29,0,0.06,N,5,1,17967,0,0
30,36432,RENT,1.0,EDUCATION,19000,15.21,1,0.52,Y,5,0,17971,1,1
28,44000,RENT,3.0,MEDICAL,19000,16.82,1,0.43,N,8,1,17972,1,1
32,60000,RENT,5.0,VENTURE,18800,9.99,1,0.31,N,7,1,17983,1,1
32,24000,OWN,2.0,PERSONAL,5000,16.29,0,0.21,N,9,1,17987,0,0
31,121000,RENT,15.0,HOMEIMPROVEMENT,18400,10.99,0,0.15,Y,10,0,17995,0,0
30,24000,OWN,11.0,VENTURE,6000,10.99,0,0.25,N,9,1,17998,0,0
29,24000,MORTGAGE,0.0,EDUCATION,4000,10.59,0,0.17,N,10,1,18002,0,0
28,24000,MORTGAGE,2.0,HOMEIMPROVEMENT,9600,11.99,0,0.4,N,8,1,18004,0,0
31,50000,RENT,2.0,MEDICAL,18000,13.48,1,0.36,Y,9,0,18010,1,1
29,54000,RENT,0.0,EDUCATION,18000,10.99,1,0.33,N,6,1,18014,1,1
34,78000,RENT,5.0,EDUCATION,18000,8.9,0,0.23,N,9,1,18036,0,0
29,24000,MORTGAGE,7.0,MEDICAL,10000,10.99,0,0.42,N,6,1,18044,0,0
28,89004,RENT,3.0,PERSONAL,18000,7.49,0,0.2,N,10,1,18045,0,0
30,90000,RENT,14.0,MEDICAL,18000,8.94,0,0.2,N,8,1,18048,0,0
34,100000,RENT,4.0,VENTURE,18000,13.49,0,0.18,Y,10,0,18049,0,0
31,102000,RENT,11.0,MEDICAL,18000,10.0,0,0.18,N,10,1,18053,0,0
27,110000,RENT,5.0,VENTURE,18000,9.91,0,0.16,N,5,1,18056,0,0
31,24000,OWN,1.0,HOMEIMPROVEMENT,1200,8.94,0,0.05,N,5,1,18057,0,0
30,168000,RENT,1.0,DEBTCONSOLIDATION,18000,14.46,1,0.11,Y,9,0,18063,1,1
27,24000,OWN,2.0,VENTURE,6000,12.53,0,0.25,N,9,1,18067,0,0
28,24000,MORTGAGE,12.0,DEBTCONSOLIDATION,5000,9.32,0,0.21,N,10,1,18068,0,0
32,24600,MORTGAGE,6.0,MEDICAL,4800,8.9,1,0.2,N,7,1,18082,1,0
33,58100,RENT,1.0,DEBTCONSOLIDATION,17500,13.57,0,0.3,Y,10,0,18083,0,0
28,24996,MORTGAGE,6.0,PERSONAL,6000,5.99,0,0.24,N,7,1,18091,0,0
29,75000,RENT,0.0,PERSONAL,17200,14.27,0,0.23,Y,8,0,18094,0,0
30,55000,RENT,6.0,EDUCATION,17000,10.99,1,0.31,N,9,1,18102,1,1
29,60000,RENT,13.0,HOMEIMPROVEMENT,17000,14.96,0,0.28,N,8,1,18104,0,0
28,25000,MORTGAGE,12.0,HOMEIMPROVEMENT,10625,14.27,0,0.42,Y,6,0,18107,0,0
28,80000,RENT,3.0,HOMEIMPROVEMENT,17000,13.85,0,0.21,Y,8,0,18109,0,0
31,92000,RENT,3.0,PERSONAL,17000,14.54,0,0.18,Y,10,0,18111,0,0
31,25000,OWN,3.0,MEDICAL,3500,13.49,0,0.14,N,9,1,18115,0,0
35,39996,RENT,4.0,MEDICAL,16750,14.09,1,0.42,N,6,1,18124,1,1
29,25000,OWN,9.0,HOMEIMPROVEMENT,2500,9.62,0,0.1,N,5,1,18129,0,0
31,39000,RENT,0.0,HOMEIMPROVEMENT,16450,16.02,1,0.42,N,10,1,18137,1,1
27,44544,RENT,4.0,MEDICAL,16425,14.27,1,0.37,Y,5,0,18138,1,1
33,25000,MORTGAGE,4.0,EDUCATION,1600,11.36,0,0.06,N,7,1,18145,0,0
27,30000,RENT,1.0,MEDICAL,16000,10.0,1,0.53,N,5,1,18148,1,1
27,36000,RENT,7.0,EDUCATION,16000,15.7,1,0.44,N,9,1,18149,1,1
27,40000,RENT,11.0,MEDICAL,16000,9.91,1,0.4,N,9,1,18151,1,1
29,40000,RENT,12.0,DEBTCONSOLIDATION,16000,11.71,1,0.4,N,6,1,18152,1,1
30,25056,MORTGAGE,3.0,HOMEIMPROVEMENT,2000,12.42,0,0.08,N,7,1,18159,0,0
27,48000,RENT,2.0,VENTURE,16000,14.22,1,0.33,N,5,1,18163,1,1
32,25200,OWN,17.0,MEDICAL,4000,6.54,0,0.16,N,6,1,18169,0,0
30,51600,RENT,5.0,DEBTCONSOLIDATION,16000,13.49,1,0.31,N,8,1,18172,1,1
32,51648,RENT,7.0,VENTURE,16000,14.18,1,0.31,N,8,1,18173,1,1
27,55000,RENT,0.0,VENTURE,16000,11.12,0,0.29,N,9,1,18175,0,0
28,51000,RENT,2.0,EDUCATION,16000,16.32,1,0.31,Y,9,0,18177,1,1
30,54000,RENT,1.0,EDUCATION,16000,17.99,1,0.3,Y,10,0,18178,1,1
28,63564,RENT,4.0,MEDICAL,16000,13.47,0,0.25,Y,5,0,18183,0,0
29,65000,RENT,13.0,PERSONAL,16000,17.27,0,0.25,N,6,1,18184,0,0
30,68000,RENT,5.0,EDUCATION,16000,14.09,0,0.24,N,5,1,18192,0,1
30,75000,RENT,0.0,EDUCATION,16000,8.9,0,0.21,N,10,1,18197,0,0
28,21000,RENT,3.0,PERSONAL,1000,7.49,0,0.05,N,9,1,18198,0,0
28,44000,RENT,9.0,VENTURE,1000,14.17,1,0.02,N,9,1,18224,1,1
35,76000,RENT,2.0,VENTURE,1000,13.49,0,0.01,N,8,1,18236,0,0
30,100000,RENT,1.0,MEDICAL,1000,11.71,0,0.01,N,7,1,18237,0,0
33,26688,MORTGAGE,6.0,EDUCATION,5000,10.59,0,0.19,N,10,1,18238,0,0
32,22884,RENT,2.0,MEDICAL,1200,13.22,0,0.05,N,7,1,18245,0,0
33,30000,RENT,3.0,MEDICAL,1200,6.76,0,0.04,N,10,1,18250,0,0
33,34400,RENT,0.0,PERSONAL,1300,9.91,0,0.04,N,6,1,18266,0,0
27,18576,RENT,4.0,MEDICAL,1400,9.99,0,0.08,N,6,1,18272,0,0
35,24960,RENT,6.0,EDUCATION,1400,8.49,0,0.06,N,10,1,18274,0,0
32,27385,MORTGAGE,3.0,HOMEIMPROVEMENT,2000,12.99,1,0.07,Y,9,0,18275,1,0
35,27600,MORTGAGE,19.0,EDUCATION,3000,11.86,0,0.11,N,5,1,18289,0,0
31,28452,RENT,4.0,PERSONAL,1500,11.11,0,0.05,N,5,1,18291,0,0
27,30000,RENT,0.0,EDUCATION,1500,10.99,0,0.05,N,6,1,18294,0,0
32,28000,MORTGAGE,5.0,HOMEIMPROVEMENT,7500,10.99,0,0.27,N,6,1,18307,0,0
30,34000,RENT,2.0,DEBTCONSOLIDATION,1500,14.61,1,0.04,Y,5,0,18310,1,1
28,44604,RENT,11.0,PERSONAL,1500,11.12,0,0.03,N,7,1,18315,0,0
29,60000,RENT,3.0,EDUCATION,1500,12.87,0,0.03,N,9,1,18326,0,0
29,80000,RENT,0.0,PERSONAL,1500,12.42,0,0.02,N,9,1,18329,0,0
33,18000,RENT,1.0,HOMEIMPROVEMENT,1600,9.88,1,0.09,N,5,1,18332,1,1
27,28560,MORTGAGE,7.0,PERSONAL,2400,6.39,0,0.08,N,8,1,18335,0,0
29,33000,RENT,2.0,PERSONAL,1700,15.23,0,0.05,Y,9,0,18337,0,0
32,28672,OWN,5.0,EDUCATION,4650,13.22,0,0.16,Y,5,0,18338,0,0
31,12996,RENT,4.0,MEDICAL,1750,6.76,0,0.13,N,10,1,18341,0,0
30,28800,MORTGAGE,6.0,PERSONAL,6250,10.99,0,0.22,N,9,1,18342,0,0
32,21360,RENT,1.0,VENTURE,1800,12.99,0,0.08,N,8,1,18346,0,0
31,24000,RENT,2.0,MEDICAL,1800,8.59,0,0.07,N,6,1,18348,0,0
27,25200,RENT,2.0,VENTURE,1800,6.76,0,0.07,N,10,1,18349,0,0
30,49000,RENT,14.0,MEDICAL,1800,11.71,0,0.04,N,5,1,18352,0,0
30,45000,RENT,14.0,PERSONAL,1900,5.79,0,0.04,N,7,1,18362,0,1
32,60000,RENT,5.0,MEDICAL,1925,12.29,0,0.03,Y,9,0,18363,0,0
31,29000,MORTGAGE,6.0,PERSONAL,5000,15.99,0,0.17,N,7,1,18367,0,1
29,19200,RENT,1.0,PERSONAL,2000,5.99,1,0.1,N,7,1,18370,1,1
29,20400,RENT,2.0,MEDICAL,2000,13.49,0,0.1,N,8,1,18372,0,0
30,29004,OWN,6.0,HOMEIMPROVEMENT,6250,10.99,0,0.22,N,8,1,18376,0,0
28,29112,OWN,1.0,VENTURE,7000,6.99,0,0.24,N,5,1,18377,0,0
33,24000,RENT,0.0,EDUCATION,2000,14.35,0,0.08,Y,7,0,18380,0,0
27,26400,RENT,1.0,MEDICAL,2000,13.61,0,0.08,N,10,1,18388,0,0
29,27000,RENT,4.0,MEDICAL,2000,7.88,0,0.07,N,6,1,18389,0,0
28,30000,MORTGAGE,5.0,VENTURE,15000,10.99,0,0.5,N,9,1,18398,0,0
29,70553,RENT,8.0,MEDICAL,15000,13.47,1,0.18,Y,10,0,18399,1,0
33,84000,RENT,2.0,VENTURE,15000,16.7,1,0.18,N,9,1,18400,1,1
33,110000,RENT,3.0,EDUCATION,15000,14.42,0,0.14,Y,9,0,18415,0,0
35,117000,RENT,8.0,PERSONAL,15000,9.63,0,0.13,N,8,1,18418,0,0
29,120000,RENT,3.0,DEBTCONSOLIDATION,15000,9.63,0,0.13,N,6,1,18421,0,0
30,175000,RENT,3.0,DEBTCONSOLIDATION,15000,11.26,0,0.09,N,8,1,18435,0,0
30,30000,MORTGAGE,3.0,EDUCATION,5100,7.9,0,0.17,N,8,1,18442,0,0
35,30000,MORTGAGE,2.0,EDUCATION,3300,5.99,0,0.11,N,6,1,18453,0,0
27,40000,RENT,9.0,DEBTCONSOLIDATION,2000,10.75,0,0.05,N,6,1,18457,0,0
28,50000,RENT,2.0,MEDICAL,2000,16.89,1,0.04,N,7,1,18463,1,1
32,30000,MORTGAGE,0.0,VENTURE,9000,5.42,0,0.3,N,9,1,18464,0,0
33,57500,RENT,2.0,DEBTCONSOLIDATION,2000,10.99,0,0.03,N,5,1,18465,0,0
35,59000,RENT,11.0,DEBTCONSOLIDATION,2000,13.48,0,0.03,Y,7,0,18466,0,0
28,54000,RENT,1.0,MEDICAL,2000,14.42,1,0.04,N,7,1,18469,1,1
30,30000,MORTGAGE,1.0,VENTURE,10000,6.99,0,0.33,N,5,1,18471,0,0
35,70000,RENT,2.0,EDUCATION,2000,13.72,0,0.03,N,7,1,18478,0,0
31,30000,MORTGAGE,3.0,PERSONAL,9450,8.49,0,0.32,N,8,1,18479,0,0
35,80000,RENT,7.0,VENTURE,2000,12.99,0,0.03,Y,9,0,18481,0,0
34,80000,RENT,2.0,PERSONAL,2000,10.36,0,0.03,N,7,1,18483,0,0
33,132444,RENT,4.0,EDUCATION,2000,11.36,0,0.02,N,9,1,18490,0,0
30,12500,RENT,0.0,PERSONAL,2100,12.49,1,0.17,Y,7,0,18495,1,1
33,14400,RENT,0.0,VENTURE,2100,15.21,1,0.15,Y,10,0,18496,1,1
27,39000,RENT,3.0,DEBTCONSOLIDATION,2100,10.99,0,0.05,N,6,1,18501,0,0
32,51996,RENT,6.0,MEDICAL,2100,10.99,0,0.04,Y,7,0,18502,0,0
27,34000,RENT,4.0,MEDICAL,14000,19.82,1,0.41,N,10,1,18517,1,1
29,40404,RENT,4.0,VENTURE,14000,8.49,1,0.35,N,10,1,18519,1,1
28,30000,MORTGAGE,4.0,EDUCATION,3000,6.76,0,0.1,N,9,1,18524,0,0
35,40000,RENT,2.0,MEDICAL,2200,10.99,0,0.06,N,10,1,18527,0,0
31,42000,RENT,2.0,DEBTCONSOLIDATION,2200,9.63,0,0.05,N,8,1,18528,0,0
27,70000,RENT,8.0,HOMEIMPROVEMENT,2200,10.74,0,0.03,N,8,1,18532,0,0
30,30000,OWN,14.0,PERSONAL,5000,7.14,0,0.17,N,7,1,18533,0,0
34,120000,RENT,0.0,DEBTCONSOLIDATION,2200,7.51,0,0.02,N,5,1,18536,0,0
27,15600,RENT,1.0,HOMEIMPROVEMENT,2250,18.25,1,0.14,N,6,1,18537,1,1
27,18000,RENT,2.0,MEDICAL,2400,10.65,0,0.13,N,6,1,18552,0,0
34,18000,RENT,4.0,MEDICAL,2400,14.79,0,0.13,N,10,1,18553,0,0
33,30000,MORTGAGE,1.0,EDUCATION,12250,11.36,0,0.41,N,8,1,18558,0,1
27,35000,RENT,2.0,VENTURE,2400,10.99,0,0.07,N,9,1,18572,0,0
27,30069,RENT,0.0,DEBTCONSOLIDATION,2400,15.99,1,0.08,Y,9,0,18576,1,1
30,34000,RENT,0.0,MEDICAL,2400,15.57,1,0.07,Y,5,0,18583,1,1
28,35000,RENT,4.0,DEBTCONSOLIDATION,2400,7.29,1,0.07,N,9,1,18585,1,0
28,30000,MORTGAGE,2.0,MEDICAL,10500,8.94,0,0.35,N,8,1,18586,0,0
34,30000,MORTGAGE,4.0,EDUCATION,7300,9.32,0,0.24,N,9,1,18587,0,0
27,42000,RENT,3.0,VENTURE,2400,6.54,0,0.06,N,10,1,18590,0,0
32,45000,RENT,3.0,PERSONAL,2400,12.42,0,0.05,N,6,1,18592,0,0
29,45000,RENT,5.0,MEDICAL,2400,10.99,0,0.05,N,6,1,18593,0,0
31,50000,RENT,0.0,PERSONAL,2400,11.03,0,0.05,Y,8,0,18600,0,0
27,60000,RENT,3.0,VENTURE,2400,7.49,0,0.04,N,6,1,18603,0,0
28,70000,RENT,4.0,HOMEIMPROVEMENT,2400,10.65,0,0.03,N,7,1,18607,0,0
29,90050,RENT,3.0,HOMEIMPROVEMENT,2400,13.49,0,0.03,Y,9,0,18612,0,0
27,75800,RENT,0.0,EDUCATION,2475,6.54,0,0.03,N,8,1,18618,0,0
31,30016,OWN,3.0,HOMEIMPROVEMENT,11000,8.94,0,0.37,N,10,1,18619,0,0
34,30144,MORTGAGE,3.0,EDUCATION,18000,12.84,0,0.6,Y,10,0,18622,0,0
28,30422,OWN,12.0,PERSONAL,5000,8.49,0,0.16,N,9,1,18623,0,0
33,30929,MORTGAGE,12.0,EDUCATION,5300,7.68,0,0.17,N,7,1,18633,0,0
28,31000,MORTGAGE,0.0,VENTURE,11300,9.91,0,0.36,N,5,1,18649,0,0
28,33000,RENT,3.0,DEBTCONSOLIDATION,13000,7.9,1,0.39,N,6,1,18661,1,1
30,36000,RENT,0.0,MEDICAL,13000,13.61,1,0.36,N,8,1,18663,1,1
27,37000,RENT,1.0,EDUCATION,13000,9.91,1,0.35,N,10,1,18666,1,1
27,40000,RENT,1.0,VENTURE,13000,13.48,1,0.33,N,7,1,18671,1,1
32,24000,RENT,2.0,MEDICAL,2500,7.74,0,0.1,N,9,1,18686,0,0
27,26400,RENT,3.0,VENTURE,2500,13.23,0,0.09,Y,10,0,18692,0,0
31,31600,MORTGAGE,4.0,MEDICAL,7500,11.36,0,0.24,N,10,1,18700,0,0
31,39420,RENT,0.0,MEDICAL,2500,15.27,0,0.06,Y,8,0,18709,0,0
27,44500,RENT,5.0,PERSONAL,2500,11.99,0,0.06,N,10,1,18718,0,0
31,39000,RENT,0.0,VENTURE,2500,14.09,1,0.06,N,5,1,18719,1,1
29,68004,RENT,2.0,EDUCATION,2500,12.99,0,0.04,Y,9,0,18739,0,0
30,70000,RENT,4.0,VENTURE,2500,10.36,0,0.04,N,7,1,18741,0,0
29,120000,RENT,5.0,DEBTCONSOLIDATION,2500,14.22,0,0.02,Y,6,0,18754,0,0
33,32004,MORTGAGE,4.0,PERSONAL,6000,10.74,0,0.19,N,7,1,18765,0,0
30,32400,MORTGAGE,13.0,VENTURE,6500,10.99,0,0.2,N,5,1,18778,0,0
29,18000,RENT,2.0,HOMEIMPROVEMENT,3000,12.69,1,0.17,N,8,1,18785,1,1
28,32468,MORTGAGE,12.0,VENTURE,6000,7.51,0,0.18,N,5,1,18786,0,0
32,32678,MORTGAGE,10.0,DEBTCONSOLIDATION,3075,15.23,0,0.09,N,6,1,18794,0,1
31,30000,RENT,2.0,PERSONAL,3000,10.95,0,0.1,N,8,1,18806,0,0
34,30857,RENT,6.0,VENTURE,3000,13.06,1,0.1,N,9,1,18809,1,0
28,31000,RENT,2.0,PERSONAL,3000,10.0,0,0.1,N,7,1,18810,0,0
30,33000,MORTGAGE,3.0,EDUCATION,5600,10.59,0,0.17,N,9,1,18817,0,0
29,30000,RENT,3.0,DEBTCONSOLIDATION,3000,10.99,1,0.1,Y,6,0,18826,1,0
31,36000,RENT,5.0,DEBTCONSOLIDATION,3000,9.91,0,0.08,N,7,1,18828,0,0
31,30000,RENT,0.0,DEBTCONSOLIDATION,3000,10.08,1,0.1,N,10,1,18832,1,0
28,37090,RENT,2.0,MEDICAL,3000,11.12,0,0.08,N,8,1,18834,0,0
32,38052,RENT,16.0,VENTURE,3000,11.49,0,0.08,N,6,1,18841,0,0
28,38400,RENT,0.0,PERSONAL,3000,9.25,0,0.08,N,10,1,18842,0,0
27,38500,RENT,1.0,VENTURE,3000,11.48,0,0.08,N,10,1,18843,0,0
30,33000,MORTGAGE,0.0,DEBTCONSOLIDATION,3000,11.66,0,0.09,N,8,1,18846,0,0
28,34000,RENT,4.0,PERSONAL,3000,10.65,1,0.09,N,10,1,18848,1,1
33,40000,RENT,6.0,VENTURE,3000,5.42,0,0.07,N,10,1,18849,0,0
27,40000,RENT,3.0,PERSONAL,3000,7.05,0,0.07,N,8,1,18853,0,0
27,44000,RENT,11.0,VENTURE,3000,18.39,0,0.07,Y,7,0,18861,0,1
34,33600,MORTGAGE,4.0,EDUCATION,6000,10.99,0,0.18,N,6,1,18870,0,0
30,40750,RENT,2.0,DEBTCONSOLIDATION,3000,15.28,1,0.07,N,10,1,18871,1,1
27,47000,RENT,6.0,PERSONAL,3000,10.74,0,0.06,N,5,1,18872,0,0
33,41277,RENT,3.0,EDUCATION,3000,10.0,1,0.07,N,8,1,18874,1,0
29,33600,MORTGAGE,3.0,MEDICAL,12000,11.83,0,0.36,N,6,1,18892,0,1
27,50000,RENT,5.0,VENTURE,12000,10.37,0,0.24,N,9,1,18905,0,0
28,50000,RENT,5.0,PERSONAL,12000,13.11,0,0.24,N,10,1,18906,0,0
27,34000,OWN,1.0,PERSONAL,16750,10.59,0,0.49,N,6,1,18916,0,0
35,34000,MORTGAGE,4.0,DEBTCONSOLIDATION,12800,8.94,0,0.38,N,7,1,18937,0,1
32,49000,RENT,2.0,HOMEIMPROVEMENT,12000,11.11,1,0.24,N,9,1,18941,1,1
30,57000,RENT,14.0,DEBTCONSOLIDATION,12000,5.42,0,0.21,N,7,1,18954,0,0
27,57000,RENT,2.0,EDUCATION,12000,11.49,0,0.21,N,9,1,18955,0,0
28,51200,RENT,12.0,DEBTCONSOLIDATION,12000,10.99,1,0.23,N,7,1,18956,1,0
35,58000,RENT,0.0,MEDICAL,12000,12.99,0,0.21,Y,8,0,18957,0,0
29,34500,MORTGAGE,4.0,MEDICAL,4500,14.42,1,0.13,N,7,1,18960,1,1
33,49000,RENT,2.0,HOMEIMPROVEMENT,3000,16.49,1,0.06,N,7,1,18969,1,1
27,60000,RENT,9.0,VENTURE,3000,11.71,0,0.05,N,6,1,18980,0,0
28,60000,RENT,2.0,DEBTCONSOLIDATION,3000,11.49,0,0.05,N,5,1,18983,0,0
30,35000,OWN,8.0,MEDICAL,10000,10.65,0,0.29,N,6,1,18988,0,0
27,51850,RENT,2.0,MEDICAL,3000,14.96,1,0.05,Y,7,0,19001,1,1
30,68000,RENT,1.0,VENTURE,3000,5.42,0,0.04,N,9,1,19002,0,0
35,35000,MORTGAGE,4.0,MEDICAL,5200,15.23,0,0.15,N,6,1,19007,0,0
30,72000,RENT,2.0,HOMEIMPROVEMENT,3000,11.83,0,0.04,N,5,1,19011,0,0
28,35000,MORTGAGE,12.0,EDUCATION,12000,5.99,0,0.34,N,8,1,19012,0,0
32,70000,RENT,2.0,DEBTCONSOLIDATION,3000,11.11,1,0.04,N,6,1,19016,1,0
28,78000,RENT,12.0,MEDICAL,3000,12.42,0,0.04,N,7,1,19018,0,0
30,78000,RENT,14.0,VENTURE,3000,11.97,0,0.04,N,6,1,19020,0,0
30,80000,RENT,13.0,DEBTCONSOLIDATION,3000,5.79,0,0.04,N,6,1,19021,0,0
34,90000,RENT,4.0,VENTURE,3000,13.99,0,0.03,Y,9,0,19025,0,0
28,35000,MORTGAGE,1.0,VENTURE,4000,10.99,0,0.11,N,6,1,19030,0,0
33,35000,MORTGAGE,4.0,DEBTCONSOLIDATION,6000,10.99,0,0.17,N,9,1,19031,0,0
34,106000,RENT,3.0,EDUCATION,3000,11.12,0,0.03,N,7,1,19035,0,0
33,108000,RENT,11.0,VENTURE,3000,11.36,0,0.03,N,5,1,19036,0,0
29,121000,RENT,3.0,VENTURE,3000,10.25,0,0.02,N,9,1,19038,0,0
32,90000,RENT,0.0,VENTURE,3025,10.99,0,0.03,Y,5,0,19044,0,0
30,31200,RENT,0.0,EDUCATION,3100,13.35,0,0.1,N,10,1,19051,0,0
35,32000,RENT,1.0,EDUCATION,3125,7.14,0,0.1,N,9,1,19052,0,0
31,18240,RENT,0.0,HOMEIMPROVEMENT,3200,9.63,1,0.18,N,8,1,19058,1,1
27,33600,RENT,4.0,PERSONAL,3200,11.99,0,0.1,N,9,1,19060,0,0
29,35000,RENT,0.0,VENTURE,3200,7.49,0,0.09,N,6,1,19062,0,0
27,35496,RENT,2.0,EDUCATION,3200,7.88,0,0.09,N,6,1,19066,0,0
30,43000,RENT,2.0,MEDICAL,3200,11.48,0,0.07,N,9,1,19075,0,0
27,50004,RENT,12.0,DEBTCONSOLIDATION,3200,11.49,0,0.06,N,7,1,19080,0,0
33,63996,RENT,4.0,EDUCATION,3200,10.74,0,0.05,N,9,1,19090,0,0
27,12240,RENT,0.0,VENTURE,3250,10.36,1,0.27,N,9,1,19101,1,1
27,20000,RENT,4.0,VENTURE,3250,10.99,1,0.16,N,5,1,19103,1,0
31,26400,RENT,2.0,VENTURE,3250,13.48,0,0.12,N,8,1,19107,0,0
30,44760,RENT,1.0,EDUCATION,3300,11.71,0,0.07,N,8,1,19113,0,0
28,57600,RENT,1.0,PERSONAL,3300,10.99,0,0.06,N,8,1,19114,0,0
27,35088,MORTGAGE,7.0,VENTURE,12000,8.94,0,0.34,N,8,1,19119,0,0
32,35100,MORTGAGE,3.0,VENTURE,10000,15.95,0,0.28,Y,5,0,19120,0,0
28,35328,MORTGAGE,12.0,DEBTCONSOLIDATION,13000,10.99,0,0.37,N,9,1,19127,0,0
29,35568,MORTGAGE,5.0,DEBTCONSOLIDATION,3975,10.99,0,0.11,N,7,1,19138,0,0
27,22800,RENT,5.0,PERSONAL,3500,13.99,1,0.15,Y,10,0,19140,1,0
28,24000,RENT,2.0,HOMEIMPROVEMENT,3500,14.72,1,0.15,Y,6,0,19143,1,1
29,30000,RENT,1.0,PERSONAL,3500,11.86,0,0.12,N,8,1,19150,0,0
29,30720,RENT,2.0,MEDICAL,3500,5.99,0,0.11,N,8,1,19151,0,0
28,48000,RENT,4.0,MEDICAL,3500,15.21,0,0.07,Y,10,0,19168,0,0
33,36000,MORTGAGE,10.0,PERSONAL,5000,8.49,0,0.14,N,8,1,19175,0,0
28,54263,RENT,0.0,HOMEIMPROVEMENT,3500,11.66,0,0.06,N,5,1,19182,0,0
28,70000,RENT,3.0,PERSONAL,3500,18.39,0,0.05,Y,8,0,19200,0,0
30,36000,MORTGAGE,9.0,EDUCATION,1750,11.11,0,0.05,N,8,1,19204,0,0
27,21112,RENT,0.0,PERSONAL,3600,15.99,1,0.17,Y,10,0,19211,1,1
31,28000,RENT,1.0,HOMEIMPROVEMENT,3600,16.49,1,0.13,N,7,1,19214,1,1
30,30000,RENT,1.0,VENTURE,3600,10.28,0,0.12,Y,10,0,19221,0,0
29,36000,MORTGAGE,2.0,PERSONAL,20000,10.99,0,0.56,N,6,1,19231,0,0
28,38700,RENT,8.0,VENTURE,3600,11.12,0,0.09,N,7,1,19235,0,0
29,36000,OWN,4.0,HOMEIMPROVEMENT,5300,7.14,0,0.15,N,6,1,19240,0,0
29,40000,RENT,1.0,EDUCATION,3600,8.59,0,0.09,N,8,1,19241,0,0
30,38126,RENT,1.0,VENTURE,11000,7.51,0,0.29,N,8,1,19246,0,0
29,38400,RENT,14.0,EDUCATION,11000,7.49,0,0.29,N,7,1,19247,0,0
27,36000,MORTGAGE,7.0,PERSONAL,6000,10.25,0,0.17,N,10,1,19253,0,0
28,45000,RENT,6.0,MEDICAL,11000,11.99,0,0.24,N,7,1,19260,0,0
27,39000,RENT,0.0,MEDICAL,11000,16.07,1,0.28,Y,9,0,19261,1,1
27,41000,RENT,11.0,DEBTCONSOLIDATION,11000,15.33,1,0.27,Y,7,0,19263,1,1
30,53000,RENT,1.0,MEDICAL,11000,6.62,0,0.21,N,9,1,19272,0,0
27,36000,MORTGAGE,3.0,HOMEIMPROVEMENT,2500,9.63,0,0.07,N,7,1,19273,0,0
31,55000,RENT,6.0,VENTURE,11000,10.99,0,0.2,Y,9,0,19277,0,0
29,69000,RENT,5.0,PERSONAL,11000,14.61,0,0.16,Y,5,0,19284,0,1
33,64000,RENT,14.0,VENTURE,11000,15.68,1,0.17,Y,5,0,19286,1,1
35,90000,RENT,3.0,PERSONAL,11000,11.99,0,0.12,N,10,1,19293,0,0
31,94527,RENT,7.0,HOMEIMPROVEMENT,11000,7.49,0,0.12,N,9,1,19295,0,0
29,32000,RENT,6.0,DEBTCONSOLIDATION,10800,13.57,1,0.34,N,6,1,19302,1,1
28,50000,RENT,0.0,PERSONAL,10800,13.49,0,0.22,Y,5,0,19313,0,0
28,52300,RENT,1.0,MEDICAL,10800,7.88,0,0.21,N,8,1,19315,0,0
29,28800,RENT,4.0,DEBTCONSOLIDATION,10750,7.51,1,0.37,N,10,1,19327,1,1
32,31000,MORTGAGE,16.0,DEBTCONSOLIDATION,3000,7.51,1,0.1,N,7,1,19331,1,0
34,37000,MORTGAGE,7.0,DEBTCONSOLIDATION,4400,10.99,0,0.12,N,5,1,19339,0,0
27,33000,RENT,4.0,MEDICAL,10625,6.62,1,0.32,N,5,1,19341,1,1
33,65600,RENT,4.0,PERSONAL,10600,12.99,0,0.16,N,7,1,19349,0,0
35,31000,MORTGAGE,2.0,DEBTCONSOLIDATION,5000,14.46,1,0.16,Y,5,0,19354,1,1
30,44000,RENT,0.0,PERSONAL,10500,15.58,1,0.24,Y,10,0,19361,1,1
34,62100,RENT,1.0,EDUCATION,10500,11.26,0,0.17,N,5,1,19365,0,0
31,66000,RENT,11.0,HOMEIMPROVEMENT,10500,12.69,0,0.16,N,10,1,19366,0,0
32,32004,RENT,10.0,DEBTCONSOLIDATION,10400,15.27,1,0.32,N,9,1,19373,1,1
30,31000,MORTGAGE,3.0,VENTURE,12000,14.42,1,0.39,N,5,1,19375,1,1
27,80400,RENT,11.0,EDUCATION,10400,11.86,0,0.13,N,6,1,19382,0,0
33,37200,MORTGAGE,3.0,EDUCATION,3000,6.92,0,0.08,N,5,1,19386,0,0
28,37290,MORTGAGE,7.0,PERSONAL,5500,5.42,0,0.15,N,5,1,19391,0,0
32,48000,RENT,15.0,DEBTCONSOLIDATION,3600,6.92,0,0.07,N,5,1,19393,0,0
33,37500,MORTGAGE,3.0,EDUCATION,6500,15.33,0,0.17,Y,7,0,19408,0,0
30,69000,RENT,4.0,MEDICAL,3600,13.99,0,0.05,N,10,1,19409,0,0
28,37620,MORTGAGE,5.0,EDUCATION,4000,11.71,0,0.11,N,8,1,19414,0,0
28,82300,RENT,3.0,VENTURE,3600,9.63,0,0.04,N,8,1,19415,0,0
30,90000,RENT,14.0,EDUCATION,3600,14.91,0,0.04,N,6,1,19419,0,0
27,106000,RENT,11.0,EDUCATION,3600,14.27,0,0.03,N,5,1,19421,0,0
35,19200,RENT,2.0,VENTURE,3675,8.49,1,0.19,N,7,1,19429,1,1
31,38000,OWN,5.0,VENTURE,14000,9.91,0,0.37,N,5,1,19434,0,0
34,38000,MORTGAGE,12.0,DEBTCONSOLIDATION,12775,9.91,0,0.34,N,5,1,19437,0,0
27,70000,RENT,4.0,HOMEIMPROVEMENT,3700,10.99,1,0.05,N,5,1,19438,1,0
32,50000,RENT,0.0,HOMEIMPROVEMENT,3775,6.17,0,0.08,N,8,1,19442,0,0
32,13200,RENT,2.0,PERSONAL,3800,7.29,1,0.29,N,9,1,19443,1,1
32,38000,MORTGAGE,8.0,HOMEIMPROVEMENT,8000,13.49,0,0.21,Y,6,0,19452,0,0
31,49000,RENT,2.0,MEDICAL,3850,9.62,0,0.08,N,6,1,19454,0,0
28,30000,RENT,4.0,VENTURE,3900,11.99,0,0.13,N,8,1,19458,0,0
28,55000,RENT,2.0,MEDICAL,3900,11.99,0,0.07,N,10,1,19461,0,0
28,38000,MORTGAGE,5.0,VENTURE,8400,7.51,0,0.22,N,7,1,19469,0,0
31,17000,RENT,2.0,MEDICAL,4000,14.59,1,0.24,Y,9,0,19474,1,1
32,18000,RENT,0.0,EDUCATION,4000,15.2,1,0.22,N,10,1,19478,1,1
28,19200,RENT,0.0,DEBTCONSOLIDATION,4000,12.69,1,0.21,N,8,1,19482,1,1
29,19200,RENT,4.0,PERSONAL,4000,10.37,1,0.21,N,6,1,19484,1,1
35,19820,RENT,0.0,PERSONAL,4000,11.12,1,0.2,N,10,1,19486,1,1
30,19968,RENT,3.0,DEBTCONSOLIDATION,4000,16.45,1,0.2,N,9,1,19487,1,1
27,32000,MORTGAGE,0.0,MEDICAL,7500,11.59,1,0.23,Y,9,0,19490,1,0
27,21000,RENT,5.0,MEDICAL,4000,11.49,0,0.19,N,9,1,19496,0,0
30,21300,RENT,1.0,DEBTCONSOLIDATION,4000,12.87,0,0.19,Y,7,0,19498,0,0
32,21600,RENT,4.0,DEBTCONSOLIDATION,4000,8.07,0,0.19,N,10,1,19499,0,0
28,38196,MORTGAGE,5.0,MEDICAL,10750,10.75,0,0.28,N,10,1,19511,0,0
30,38220,MORTGAGE,1.0,DEBTCONSOLIDATION,9775,10.99,0,0.26,N,10,1,19512,0,0
27,30000,RENT,6.0,EDUCATION,4000,12.69,1,0.13,N,7,1,19529,1,0
34,30000,RENT,2.0,PERSONAL,4000,7.51,0,0.13,N,7,1,19530,0,0
35,38400,MORTGAGE,1.0,VENTURE,9500,10.36,0,0.25,N,6,1,19534,0,0
33,38400,OWN,1.0,EDUCATION,8000,15.58,0,0.21,Y,7,0,19535,0,0
27,31000,RENT,0.0,MEDICAL,4000,10.74,0,0.13,N,7,1,19538,0,0
33,32004,RENT,3.0,DEBTCONSOLIDATION,4000,8.32,0,0.12,N,7,1,19543,0,0
31,33600,RENT,0.0,MEDICAL,4000,11.49,0,0.12,N,5,1,19548,0,0
32,34000,RENT,4.0,VENTURE,4000,7.74,0,0.12,N,10,1,19550,0,0
31,36000,RENT,4.0,MEDICAL,4000,13.8,0,0.11,Y,9,0,19570,0,0
32,37400,RENT,0.0,DEBTCONSOLIDATION,4000,10.38,0,0.11,N,7,1,19574,0,0
30,39000,RENT,6.0,MEDICAL,4000,15.96,0,0.1,N,9,1,19577,0,0
34,33456,RENT,2.0,EDUCATION,4000,16.45,1,0.12,N,5,1,19580,1,1
32,40000,RENT,2.0,EDUCATION,4000,9.99,0,0.1,N,7,1,19587,0,0
33,40000,RENT,2.0,DEBTCONSOLIDATION,4000,7.88,0,0.1,N,10,1,19588,0,0
32,40000,RENT,2.0,MEDICAL,4000,13.79,0,0.1,N,6,1,19591,0,0
27,39000,MORTGAGE,0.0,DEBTCONSOLIDATION,6900,12.87,0,0.18,N,9,1,19592,0,1
27,43000,RENT,11.0,EDUCATION,4000,16.29,0,0.09,Y,9,0,19602,0,0
29,39432,MORTGAGE,6.0,EDUCATION,8000,11.86,0,0.2,N,6,1,19603,0,1
28,39600,RENT,4.0,PERSONAL,4000,12.61,1,0.1,N,10,1,19607,1,0
28,39500,MORTGAGE,11.0,EDUCATION,11000,7.14,0,0.28,N,8,1,19608,0,0
29,46000,RENT,6.0,VENTURE,4000,9.99,0,0.09,N,9,1,19609,0,0
30,39600,MORTGAGE,5.0,DEBTCONSOLIDATION,3000,10.38,0,0.08,N,10,1,19625,0,0
28,39600,MORTGAGE,2.0,DEBTCONSOLIDATION,5000,12.53,0,0.13,N,6,1,19632,0,0
33,39600,MORTGAGE,0.0,PERSONAL,3000,7.68,0,0.08,N,7,1,19633,0,0
27,48000,RENT,2.0,EDUCATION,4000,6.03,1,0.08,N,6,1,19645,1,0
27,54000,RENT,3.0,EDUCATION,4000,10.74,0,0.07,N,5,1,19646,0,0
27,54000,RENT,4.0,PERSONAL,4000,12.61,0,0.07,Y,6,0,19647,0,0
29,55200,RENT,13.0,HOMEIMPROVEMENT,4000,10.59,0,0.07,N,10,1,19649,0,0
29,60000,RENT,0.0,VENTURE,4000,7.88,0,0.07,N,5,1,19660,0,0
29,33996,OTHER,0.0,DEBTCONSOLIDATION,9000,10.99,1,0.26,Y,9,0,19662,1,1
35,63000,RENT,3.0,VENTURE,4000,11.14,0,0.06,N,8,1,19664,0,0
29,65000,RENT,3.0,VENTURE,4000,7.74,0,0.06,N,6,1,19670,0,0
28,34000,MORTGAGE,12.0,EDUCATION,10000,16.77,1,0.29,Y,7,0,19676,1,0
31,72000,RENT,15.0,EDUCATION,4000,9.99,0,0.06,N,5,1,19679,0,0
29,75000,RENT,2.0,DEBTCONSOLIDATION,4000,8.49,0,0.05,N,6,1,19682,0,0
29,75000,RENT,4.0,HOMEIMPROVEMENT,4000,12.68,0,0.05,N,5,1,19683,0,0
32,75250,RENT,1.0,DEBTCONSOLIDATION,4000,12.99,0,0.05,N,7,1,19685,0,0
29,34000,MORTGAGE,0.0,MEDICAL,10200,17.27,1,0.3,Y,5,0,19690,1,1
31,91000,RENT,12.0,EDUCATION,4000,7.66,0,0.04,N,6,1,19697,0,0
32,95000,RENT,16.0,HOMEIMPROVEMENT,4000,7.49,0,0.04,N,8,1,19698,0,0
30,96000,RENT,1.0,VENTURE,4000,10.75,0,0.04,N,5,1,19699,0,0
32,107000,RENT,4.0,MEDICAL,4000,13.98,0,0.04,N,7,1,19704,0,0
32,96000,RENT,14.0,DEBTCONSOLIDATION,4000,17.93,1,0.04,Y,9,0,19705,1,1
28,98000,RENT,6.0,EDUCATION,4000,7.51,1,0.04,N,7,1,19706,1,0
28,110000,RENT,3.0,DEBTCONSOLIDATION,4000,12.18,0,0.04,N,9,1,19707,0,0
29,40000,MORTGAGE,0.0,EDUCATION,10625,6.62,0,0.27,N,5,1,19712,0,0
28,21000,RENT,0.0,PERSONAL,4200,15.21,1,0.2,Y,10,0,19714,1,1
27,20000,RENT,0.0,DEBTCONSOLIDATION,4350,16.29,1,0.22,Y,7,0,19718,1,1
28,40000,MORTGAGE,1.0,VENTURE,2400,13.49,0,0.06,N,10,1,19719,0,0
35,78000,RENT,1.0,PERSONAL,4350,15.27,1,0.06,N,6,1,19721,1,1
27,96000,RENT,0.0,DEBTCONSOLIDATION,4375,8.88,0,0.05,N,7,1,19723,0,0
32,52256,RENT,13.0,PERSONAL,4400,10.99,0,0.08,N,5,1,19732,0,0
28,40000,MORTGAGE,12.0,HOMEIMPROVEMENT,11200,5.42,0,0.28,N,9,1,19735,0,0
32,40000,MORTGAGE,12.0,EDUCATION,9000,10.59,0,0.23,N,7,1,19737,0,0
27,40000,MORTGAGE,11.0,DEBTCONSOLIDATION,4000,5.79,0,0.1,N,5,1,19753,0,0
28,29496,RENT,8.0,EDUCATION,4500,14.11,0,0.15,Y,7,0,19756,0,1
31,32000,RENT,0.0,HOMEIMPROVEMENT,4500,11.14,1,0.14,N,9,1,19761,1,1
31,36000,RENT,7.0,EDUCATION,4500,9.99,0,0.13,N,10,1,19766,0,0
28,34000,MORTGAGE,12.0,HOMEIMPROVEMENT,3700,6.91,1,0.11,N,8,1,19770,1,0
31,47000,RENT,4.0,DEBTCONSOLIDATION,4500,11.03,0,0.1,Y,7,0,19780,0,0
34,45000,RENT,2.0,PERSONAL,4500,16.95,1,0.1,N,10,1,19789,1,1
29,40000,MORTGAGE,13.0,PERSONAL,25000,11.86,0,0.63,N,7,1,19792,0,0
29,70000,RENT,2.0,PERSONAL,4500,5.42,0,0.06,N,9,1,19802,0,0
29,91500,RENT,2.0,MEDICAL,4500,10.65,0,0.05,N,5,1,19804,0,0
33,40000,MORTGAGE,4.0,EDUCATION,5000,7.51,0,0.13,N,8,1,19805,0,0
29,40000,MORTGAGE,13.0,PERSONAL,6400,7.51,0,0.16,N,6,1,19808,0,0
27,34000,RENT,9.0,PERSONAL,4600,10.99,0,0.14,Y,6,0,19809,0,0
27,58000,RENT,0.0,EDUCATION,4600,13.99,0,0.08,N,8,1,19813,0,0
33,40000,MORTGAGE,4.0,PERSONAL,12000,10.99,0,0.3,N,5,1,19820,0,0
33,86000,RENT,0.0,DEBTCONSOLIDATION,4700,9.63,0,0.05,N,7,1,19821,0,0
31,40000,OWN,0.0,MEDICAL,15000,15.31,0,0.38,Y,10,0,19822,0,0
31,14400,RENT,3.0,HOMEIMPROVEMENT,4750,14.59,1,0.33,Y,8,0,19824,1,1
32,20000,RENT,3.0,DEBTCONSOLIDATION,4750,10.37,0,0.24,N,8,1,19827,0,0
28,19200,RENT,4.0,VENTURE,4800,10.99,1,0.25,N,6,1,19839,1,1
27,40000,MORTGAGE,4.0,EDUCATION,3500,9.63,0,0.09,N,9,1,19842,0,0
33,40000,MORTGAGE,3.0,EDUCATION,9000,13.16,0,0.23,N,5,1,19850,0,0
28,40000,MORTGAGE,10.0,DEBTCONSOLIDATION,10000,11.26,0,0.25,N,6,1,19854,0,0
31,30000,RENT,2.0,PERSONAL,4800,14.84,1,0.16,Y,8,0,19857,1,1
35,40000,MORTGAGE,18.0,MEDICAL,7200,10.71,0,0.18,N,5,1,19860,0,0
28,33763,RENT,5.0,MEDICAL,4800,7.14,0,0.14,N,5,1,19863,0,0
28,34300,MORTGAGE,1.0,MEDICAL,6125,16.89,1,0.18,N,10,1,19872,1,1
27,40000,RENT,0.0,DEBTCONSOLIDATION,4800,10.99,0,0.12,N,8,1,19876,0,0
28,40500,MORTGAGE,0.0,VENTURE,12000,12.23,0,0.3,Y,5,0,19879,0,0
29,40500,MORTGAGE,0.0,EDUCATION,6000,8.38,0,0.15,N,8,1,19883,0,0
33,45000,RENT,1.0,DEBTCONSOLIDATION,4800,10.59,0,0.11,N,8,1,19888,0,0
27,40800,MORTGAGE,4.0,EDUCATION,6000,11.49,0,0.15,N,10,1,19893,0,0
30,49000,RENT,1.0,EDUCATION,4800,13.79,0,0.1,Y,9,0,19896,0,0
33,41000,MORTGAGE,6.0,MEDICAL,9000,10.99,0,0.22,N,9,1,19916,0,0
27,68004,RENT,2.0,MEDICAL,4800,12.21,0,0.07,N,5,1,19922,0,0
35,80000,RENT,5.0,DEBTCONSOLIDATION,4800,7.49,0,0.06,N,9,1,19926,0,0
30,108000,RENT,2.0,PERSONAL,10000,10.65,0,0.09,N,5,1,19959,0,0
32,41600,MORTGAGE,2.0,VENTURE,13200,11.71,0,0.32,N,7,1,19962,0,0
33,110000,RENT,3.0,DEBTCONSOLIDATION,10000,13.57,0,0.09,Y,10,0,19964,0,0
30,41600,MORTGAGE,2.0,EDUCATION,4500,6.76,0,0.11,N,9,1,19967,0,0
28,41700,MORTGAGE,7.0,VENTURE,7750,12.21,0,0.19,N,9,1,19970,0,0
28,125000,RENT,5.0,EDUCATION,10000,9.99,0,0.08,N,9,1,19976,0,0
29,130000,RENT,1.0,EDUCATION,10000,14.26,0,0.08,N,5,1,19983,0,0
28,42000,OWN,4.0,PERSONAL,8000,15.96,0,0.19,N,7,1,19985,0,0
33,42000,MORTGAGE,3.0,DEBTCONSOLIDATION,13000,7.9,0,0.31,N,6,1,19990,0,1
30,42000,OWN,7.0,EDUCATION,1200,6.62,0,0.03,N,8,1,19998,0,0
32,25200,RENT,9.0,MEDICAL,4900,6.17,0,0.19,N,6,1,20000,0,0
31,24000,RENT,0.0,DEBTCONSOLIDATION,9925,6.62,1,0.41,N,6,1,20003,1,1
33,38000,RENT,10.0,EDUCATION,4900,10.28,1,0.13,Y,6,0,20019,1,1
30,42000,OWN,8.0,MEDICAL,8000,12.99,0,0.19,N,9,1,20023,0,0
33,42000,MORTGAGE,2.0,PERSONAL,9050,7.49,0,0.22,N,7,1,20024,0,0
34,42000,MORTGAGE,18.0,HOMEIMPROVEMENT,2000,5.79,0,0.05,N,8,1,20027,0,0
33,42000,MORTGAGE,5.0,EDUCATION,9000,5.79,0,0.21,N,5,1,20036,0,0
34,42000,MORTGAGE,7.0,MEDICAL,7500,11.11,0,0.18,N,7,1,20037,0,0
31,30000,RENT,4.0,HOMEIMPROVEMENT,5000,9.91,1,0.17,N,5,1,20038,1,1
29,31100,RENT,2.0,DEBTCONSOLIDATION,5000,9.63,0,0.16,N,8,1,20052,0,0
33,42000,MORTGAGE,12.0,VENTURE,6400,7.88,0,0.15,N,10,1,20062,0,0
27,32760,RENT,4.0,PERSONAL,5000,15.21,0,0.15,Y,9,0,20063,0,0
27,42000,MORTGAGE,0.0,HOMEIMPROVEMENT,4200,6.76,0,0.1,N,7,1,20071,0,0
30,42000,MORTGAGE,13.0,EDUCATION,3000,15.33,0,0.07,Y,9,0,20075,0,0
31,34000,RENT,3.0,DEBTCONSOLIDATION,5000,5.42,0,0.15,N,7,1,20076,0,0
33,35000,RENT,0.0,PERSONAL,5000,8.9,0,0.14,N,5,1,20082,0,0
29,35000,RENT,1.0,MEDICAL,5000,10.99,0,0.14,N,9,1,20084,0,0
35,36000,RENT,3.0,DEBTCONSOLIDATION,5000,7.51,0,0.14,N,5,1,20088,0,0
29,42000,MORTGAGE,9.0,HOMEIMPROVEMENT,2500,7.74,0,0.06,N,7,1,20090,0,0
32,36000,RENT,2.0,VENTURE,5000,11.83,0,0.14,N,10,1,20097,0,0
27,38004,RENT,8.0,MEDICAL,5000,9.63,0,0.13,N,10,1,20120,0,0
32,38300,RENT,4.0,MEDICAL,5000,10.25,0,0.13,N,9,1,20123,0,0
28,38400,RENT,3.0,DEBTCONSOLIDATION,5000,13.49,0,0.13,Y,6,0,20124,0,0
28,39000,RENT,3.0,VENTURE,5000,10.25,0,0.13,N,10,1,20129,0,0
27,40000,RENT,1.0,MEDICAL,5000,11.99,0,0.13,N,9,1,20134,0,0
35,34000,RENT,0.0,DEBTCONSOLIDATION,5000,15.45,1,0.15,Y,6,0,20139,1,1
27,34900,RENT,3.0,MEDICAL,5000,16.7,1,0.14,Y,9,0,20145,1,1
28,35000,RENT,0.0,HOMEIMPROVEMENT,5000,8.9,1,0.14,N,9,1,20146,1,1
34,42000,RENT,17.0,VENTURE,5000,10.99,0,0.12,N,5,1,20153,0,0
31,43000,RENT,1.0,MEDICAL,5000,9.99,0,0.12,N,10,1,20170,0,0
28,38000,RENT,7.0,PERSONAL,5000,13.49,1,0.13,N,6,1,20174,1,0
27,43000,OWN,11.0,EDUCATION,15000,7.51,0,0.35,N,5,1,20177,0,0
32,45000,RENT,1.0,PERSONAL,5000,7.88,0,0.11,N,10,1,20186,0,0
31,43200,MORTGAGE,0.0,VENTURE,3000,8.9,0,0.07,N,6,1,20194,0,0
31,41000,RENT,1.0,EDUCATION,5000,16.07,1,0.12,N,9,1,20196,1,1
29,43200,OWN,13.0,PERSONAL,4625,5.42,0,0.11,N,6,1,20205,0,0
29,42000,RENT,0.0,HOMEIMPROVEMENT,5000,14.96,1,0.12,N,9,1,20210,1,1
28,43200,OWN,5.0,PERSONAL,12250,9.99,0,0.28,N,6,1,20211,0,0
27,48000,RENT,2.0,MEDICAL,5000,11.58,0,0.1,N,5,1,20212,0,0
32,48000,RENT,8.0,DEBTCONSOLIDATION,5000,11.97,0,0.1,Y,10,0,20214,0,0
28,48879,RENT,4.0,PERSONAL,5000,12.42,0,0.1,N,7,1,20216,0,0
28,43344,MORTGAGE,4.0,PERSONAL,10000,11.12,0,0.23,N,9,1,20217,0,0
30,43500,MORTGAGE,5.0,EDUCATION,11250,13.61,0,0.26,Y,9,0,20222,0,1
33,55070,RENT,0.0,MEDICAL,9000,8.49,0,0.16,N,5,1,20226,0,0
27,57500,RENT,2.0,DEBTCONSOLIDATION,9000,11.97,0,0.16,Y,9,0,20230,0,0
27,43900,MORTGAGE,2.0,PERSONAL,14000,10.38,0,0.32,N,10,1,20231,0,0
28,44000,MORTGAGE,12.0,MEDICAL,8000,10.59,0,0.18,N,6,1,20240,0,0
31,54000,RENT,3.0,HOMEIMPROVEMENT,9000,12.49,1,0.17,N,7,1,20241,1,1
31,62839,RENT,15.0,HOMEIMPROVEMENT,9000,15.33,0,0.14,N,10,1,20252,0,0
34,44000,OWN,2.0,VENTURE,10000,13.43,0,0.23,N,6,1,20254,0,0
28,44000,MORTGAGE,5.0,DEBTCONSOLIDATION,7000,13.06,0,0.16,N,9,1,20255,0,1
30,67092,RENT,0.0,DEBTCONSOLIDATION,9000,12.87,0,0.13,N,8,1,20259,0,0
27,69000,RENT,0.0,PERSONAL,9000,16.77,1,0.13,Y,6,0,20272,1,1
27,38000,MORTGAGE,0.0,MEDICAL,14000,14.26,1,0.37,Y,9,0,20273,1,0
29,77800,RENT,2.0,HOMEIMPROVEMENT,9000,12.42,0,0.12,N,6,1,20275,0,0
31,44000,OWN,6.0,HOMEIMPROVEMENT,17350,13.55,0,0.39,Y,7,0,20280,0,0
27,38004,MORTGAGE,0.0,DEBTCONSOLIDATION,12000,16.77,1,0.32,N,6,1,20283,1,1
27,44004,MORTGAGE,2.0,MEDICAL,10000,6.92,0,0.23,N,9,1,20285,0,0
27,88000,RENT,11.0,DEBTCONSOLIDATION,9000,6.91,0,0.1,N,10,1,20290,0,0
27,44200,MORTGAGE,11.0,MEDICAL,11500,15.27,0,0.26,Y,10,0,20295,0,1
28,44300,MORTGAGE,12.0,HOMEIMPROVEMENT,4325,7.49,0,0.1,N,5,1,20296,0,0
31,116400,RENT,3.0,VENTURE,8900,10.0,0,0.08,N,5,1,20310,0,0
28,24000,RENT,8.0,VENTURE,8875,10.65,1,0.37,N,9,1,20315,1,1
34,33000,RENT,3.0,MEDICAL,8875,7.66,0,0.27,N,7,1,20318,0,0
29,28114,RENT,0.0,DEBTCONSOLIDATION,8800,10.0,1,0.31,N,10,1,20321,1,1
28,44894,OWN,8.0,EDUCATION,3600,7.88,0,0.08,N,6,1,20322,0,0
31,45996,RENT,10.0,VENTURE,8800,12.84,0,0.19,Y,10,0,20326,0,0
27,44000,RENT,1.0,VENTURE,5000,16.89,1,0.11,Y,10,0,20338,1,1
29,50000,RENT,11.0,EDUCATION,5000,10.37,0,0.1,N,5,1,20339,0,0
27,44000,RENT,5.0,HOMEIMPROVEMENT,5000,16.35,1,0.11,Y,6,0,20345,1,1
31,39000,MORTGAGE,6.0,DEBTCONSOLIDATION,4000,16.77,1,0.1,Y,9,0,20346,1,1
35,44000,RENT,3.0,PERSONAL,5000,16.95,1,0.11,Y,9,0,20347,1,0
28,45000,OWN,11.0,MEDICAL,10500,15.96,0,0.23,N,8,1,20352,0,0
29,51000,RENT,1.0,DEBTCONSOLIDATION,5000,8.0,0,0.1,N,6,1,20357,0,0
32,45000,MORTGAGE,2.0,MEDICAL,8000,14.65,0,0.18,N,8,1,20370,0,0
28,45000,MORTGAGE,12.0,HOMEIMPROVEMENT,8000,7.49,0,0.18,N,8,1,20375,0,0
34,45000,OWN,0.0,VENTURE,7000,5.42,0,0.16,N,5,1,20382,0,0
27,45000,MORTGAGE,3.0,PERSONAL,4000,6.99,0,0.09,N,7,1,20385,0,0
27,42000,RENT,4.0,DEBTCONSOLIDATION,8500,9.99,0,0.2,N,8,1,20395,0,0
30,44000,RENT,1.0,EDUCATION,8500,11.36,0,0.19,N,7,1,20398,0,0
30,45000,RENT,0.0,MEDICAL,8500,11.89,0,0.19,N,7,1,20401,0,0
28,47500,RENT,2.0,EDUCATION,8500,7.88,0,0.18,N,10,1,20402,0,0
27,45000,MORTGAGE,5.0,DEBTCONSOLIDATION,5400,12.99,0,0.12,N,7,1,20403,0,0
34,50004,RENT,5.0,VENTURE,8500,9.45,0,0.17,N,6,1,20404,0,0
32,54000,RENT,16.0,HOMEIMPROVEMENT,8500,7.49,0,0.16,N,6,1,20406,0,0
30,42000,RENT,0.0,MEDICAL,8450,8.59,0,0.2,N,7,1,20416,0,0
31,45000,MORTGAGE,15.0,HOMEIMPROVEMENT,15000,13.06,0,0.33,Y,5,0,20417,0,0
34,52000,RENT,2.0,VENTURE,5000,13.99,0,0.1,Y,8,0,20419,0,0
35,45000,MORTGAGE,4.0,DEBTCONSOLIDATION,7500,7.29,0,0.17,N,9,1,20424,0,0
28,39000,MORTGAGE,13.0,MEDICAL,3375,14.83,1,0.09,N,8,1,20427,1,1
34,53995,RENT,10.0,PERSONAL,5000,9.63,0,0.09,N,6,1,20430,0,0
31,54996,RENT,6.0,PERSONAL,5000,10.99,0,0.09,N,10,1,20440,0,0
28,45000,MORTGAGE,2.0,EDUCATION,3000,5.79,0,0.07,N,8,1,20442,0,0
27,45000,MORTGAGE,2.0,MEDICAL,10000,6.17,0,0.22,N,9,1,20444,0,0
27,45000,OWN,5.0,EDUCATION,15250,13.98,0,0.34,N,10,1,20450,0,0
34,56000,RENT,16.0,PERSONAL,5000,8.9,0,0.09,N,8,1,20453,0,0
35,45000,MORTGAGE,16.0,MEDICAL,6500,13.98,0,0.14,N,10,1,20458,0,0
28,52000,RENT,12.0,HOMEIMPROVEMENT,5000,11.36,1,0.1,N,7,1,20464,1,0
29,45000,OWN,0.0,EDUCATION,6800,10.62,0,0.15,N,5,1,20475,0,0
27,54000,RENT,0.0,DEBTCONSOLIDATION,5000,13.17,1,0.09,N,8,1,20477,1,0
30,60000,RENT,1.0,DEBTCONSOLIDATION,5000,10.99,0,0.08,N,7,1,20479,0,0
32,60040,RENT,1.0,VENTURE,5000,8.88,0,0.08,N,10,1,20481,0,0
30,60400,RENT,2.0,VENTURE,5000,12.69,0,0.08,N,8,1,20482,0,0
27,62000,RENT,7.0,DEBTCONSOLIDATION,5000,10.99,0,0.08,N,5,1,20485,0,0
29,45000,OWN,4.0,VENTURE,20000,10.62,0,0.44,N,6,1,20486,0,0
27,64000,RENT,2.0,VENTURE,5000,12.99,0,0.08,Y,8,0,20489,0,0
27,45000,OWN,3.0,PERSONAL,3500,11.14,0,0.08,N,8,1,20490,0,0
27,66000,RENT,10.0,MEDICAL,5000,13.99,0,0.08,Y,10,0,20500,0,0
34,45000,MORTGAGE,1.0,DEBTCONSOLIDATION,3800,13.16,0,0.08,Y,5,0,20503,0,0
27,66240,RENT,7.0,VENTURE,5000,5.79,0,0.08,N,6,1,20507,0,0
28,66924,RENT,1.0,EDUCATION,5000,11.86,0,0.07,N,10,1,20509,0,0
34,70000,RENT,0.0,DEBTCONSOLIDATION,5000,9.91,0,0.07,N,7,1,20516,0,0
35,70000,RENT,9.0,VENTURE,5000,7.74,0,0.07,N,6,1,20518,0,0
29,70000,RENT,4.0,EDUCATION,5000,10.99,0,0.07,N,6,1,20520,0,0
30,72516,RENT,11.0,PERSONAL,5000,13.85,0,0.07,Y,6,0,20525,0,0
32,39000,MORTGAGE,7.0,HOMEIMPROVEMENT,2800,12.17,1,0.07,Y,6,0,20532,1,0
34,80000,RENT,4.0,HOMEIMPROVEMENT,5000,6.17,0,0.06,N,10,1,20540,0,0
33,82000,RENT,9.0,VENTURE,5000,7.51,0,0.06,N,8,1,20546,0,0
32,65453,RENT,15.0,MEDICAL,5000,11.28,1,0.06,Y,9,0,20549,1,0
31,45500,MORTGAGE,5.0,VENTURE,7500,11.49,0,0.16,N,5,1,20554,0,0
27,45600,MORTGAGE,11.0,EDUCATION,7500,5.42,0,0.16,N,5,1,20565,0,0
30,45600,MORTGAGE,5.0,HOMEIMPROVEMENT,5000,7.29,0,0.11,N,8,1,20570,0,0
29,45600,MORTGAGE,7.0,VENTURE,9600,10.36,0,0.21,N,5,1,20571,0,0
30,92001,RENT,3.0,VENTURE,5000,10.99,0,0.05,N,6,1,20574,0,0
29,45600,MORTGAGE,9.0,PERSONAL,2000,7.88,0,0.04,N,10,1,20576,0,0
30,45600,MORTGAGE,0.0,VENTURE,6400,8.94,0,0.14,N,7,1,20579,0,0
27,45760,MORTGAGE,0.0,PERSONAL,9300,10.99,0,0.2,N,10,1,20585,0,0
30,39760,MORTGAGE,0.0,DEBTCONSOLIDATION,14500,10.75,1,0.36,N,7,1,20586,1,0
29,100000,RENT,0.0,EDUCATION,5000,12.23,0,0.05,N,8,1,20589,0,0
30,46000,OWN,10.0,HOMEIMPROVEMENT,11200,14.27,0,0.24,Y,10,0,20602,0,0
34,46000,MORTGAGE,5.0,VENTURE,10000,6.62,0,0.22,N,6,1,20604,0,0
34,46000,MORTGAGE,18.0,DEBTCONSOLIDATION,6700,10.99,0,0.15,N,10,1,20610,0,0
31,39000,RENT,15.0,DEBTCONSOLIDATION,5200,13.48,0,0.13,N,9,1,20613,0,0
28,39000,RENT,12.0,DEBTCONSOLIDATION,5250,11.49,0,0.13,N,8,1,20616,0,0
32,36000,RENT,4.0,VENTURE,5300,8.9,0,0.15,N,6,1,20624,0,0
31,46000,MORTGAGE,11.0,VENTURE,7000,7.88,0,0.15,N,6,1,20626,0,0
29,40000,OTHER,2.0,DEBTCONSOLIDATION,15000,16.63,1,0.38,Y,10,0,20635,1,1
27,46028,MORTGAGE,8.0,DEBTCONSOLIDATION,18000,10.74,0,0.39,N,9,1,20636,0,0
34,46500,MORTGAGE,18.0,EDUCATION,8500,10.99,0,0.18,N,9,1,20650,0,0
32,46700,MORTGAGE,16.0,HOMEIMPROVEMENT,11325,7.51,0,0.24,N,10,1,20663,0,0
27,20000,RENT,0.0,EDUCATION,5500,12.69,0,0.28,N,5,1,20667,0,0
27,46800,MORTGAGE,5.0,HOMEIMPROVEMENT,6000,9.99,0,0.13,N,7,1,20668,0,0
32,25000,RENT,12.0,VENTURE,5500,11.11,0,0.22,N,10,1,20676,0,0
28,47000,MORTGAGE,5.0,HOMEIMPROVEMENT,9000,12.42,0,0.19,N,8,1,20679,0,0
29,41000,MORTGAGE,0.0,MEDICAL,3800,7.51,1,0.09,N,9,1,20685,1,0
32,47000,OWN,8.0,VENTURE,6000,8.9,0,0.13,N,5,1,20686,0,0
27,47000,MORTGAGE,11.0,EDUCATION,2650,7.49,0,0.06,N,9,1,20688,0,0
28,47000,OWN,5.0,DEBTCONSOLIDATION,13000,14.54,0,0.28,N,9,1,20696,0,0
27,44196,RENT,2.0,DEBTCONSOLIDATION,5500,13.8,0,0.12,N,10,1,20699,0,1
31,54000,RENT,2.0,DEBTCONSOLIDATION,5500,13.23,0,0.1,N,9,1,20705,0,0
31,70000,RENT,4.0,EDUCATION,5500,7.68,0,0.08,N,10,1,20712,0,0
30,73000,RENT,15.0,DEBTCONSOLIDATION,5500,9.99,0,0.08,N,9,1,20713,0,0
27,144000,RENT,8.0,HOMEIMPROVEMENT,5500,19.13,0,0.04,Y,5,0,20715,0,0
28,39996,RENT,10.0,EDUCATION,5525,14.54,0,0.14,N,10,1,20716,0,0
28,56004,RENT,12.0,MEDICAL,5525,12.68,0,0.1,N,9,1,20717,0,0
34,47125,MORTGAGE,12.0,VENTURE,3200,10.99,0,0.07,N,8,1,20718,0,0
27,47380,MORTGAGE,11.0,HOMEIMPROVEMENT,15000,13.79,0,0.32,Y,9,0,20722,0,0
27,30000,RENT,0.0,MEDICAL,5600,13.49,0,0.19,N,10,1,20726,0,0
27,30000,RENT,8.0,MEDICAL,5600,10.99,0,0.19,N,6,1,20728,0,0
30,47600,MORTGAGE,6.0,EDUCATION,23800,12.42,0,0.5,N,9,1,20731,0,0
28,40000,RENT,0.0,MEDICAL,5600,13.49,0,0.14,N,8,1,20736,0,0
35,40000,RENT,0.0,MEDICAL,5600,9.76,0,0.14,N,6,1,20737,0,0
29,60000,RENT,0.0,DEBTCONSOLIDATION,5600,9.99,0,0.09,N,7,1,20757,0,0
27,48000,MORTGAGE,11.0,DEBTCONSOLIDATION,5650,5.42,0,0.12,N,8,1,20771,0,0
28,75000,RENT,0.0,VENTURE,5625,6.91,0,0.07,N,5,1,20777,0,0
28,36000,RENT,1.0,MEDICAL,5700,10.39,0,0.16,N,5,1,20783,0,0
32,48000,MORTGAGE,2.0,DEBTCONSOLIDATION,10650,10.59,0,0.22,N,9,1,20784,0,0
31,95800,RENT,1.0,HOMEIMPROVEMENT,5750,9.45,0,0.06,N,10,1,20787,0,0
27,36996,RENT,4.0,PERSONAL,5775,14.91,0,0.16,N,7,1,20788,0,0
29,48000,MORTGAGE,3.0,EDUCATION,9000,11.99,0,0.19,N,5,1,20790,0,0
32,42000,RENT,1.0,DEBTCONSOLIDATION,5800,9.32,0,0.14,N,10,1,20795,0,0
31,73000,RENT,5.0,HOMEIMPROVEMENT,5800,10.37,0,0.08,N,6,1,20798,0,0
34,46000,RENT,1.0,PERSONAL,5850,11.12,0,0.13,N,8,1,20807,0,0
27,48000,MORTGAGE,5.0,MEDICAL,12000,7.66,0,0.25,N,10,1,20813,0,0
27,58000,RENT,5.0,DEBTCONSOLIDATION,5900,9.32,0,0.1,N,7,1,20814,0,0
29,48000,MORTGAGE,13.0,MEDICAL,4975,5.79,0,0.1,N,7,1,20817,0,0
29,42000,MORTGAGE,6.0,EDUCATION,5500,7.66,1,0.13,N,10,1,20820,1,0
29,48000,OWN,3.0,PERSONAL,9600,12.23,0,0.2,Y,8,0,20822,0,0
34,18000,RENT,0.0,VENTURE,6000,10.99,1,0.33,N,7,1,20824,1,1
27,18835,RENT,2.0,MEDICAL,6000,16.49,1,0.32,Y,8,0,20825,1,1
28,20400,RENT,12.0,EDUCATION,6000,6.03,0,0.29,N,8,1,20831,0,0
29,48000,MORTGAGE,6.0,DEBTCONSOLIDATION,15000,13.98,0,0.31,N,10,1,20832,0,0
29,21000,RENT,7.0,EDUCATION,6000,12.42,0,0.29,N,6,1,20834,0,0
31,48000,MORTGAGE,14.0,MEDICAL,6600,7.14,0,0.14,N,5,1,20844,0,0
29,26880,RENT,0.0,HOMEIMPROVEMENT,6000,14.84,1,0.22,N,7,1,20861,1,1
27,48000,OWN,2.0,VENTURE,14000,10.99,0,0.29,N,8,1,20864,0,0
32,27840,RENT,3.0,PERSONAL,6000,10.99,0,0.22,Y,5,0,20865,0,0
27,28000,RENT,3.0,VENTURE,6000,13.92,0,0.21,N,6,1,20867,0,0
30,28800,RENT,2.0,PERSONAL,6000,15.23,0,0.21,Y,6,0,20868,0,0
27,30000,RENT,4.0,VENTURE,6000,14.65,0,0.2,Y,9,0,20873,0,0
33,48000,MORTGAGE,2.0,HOMEIMPROVEMENT,7500,8.0,0,0.16,N,10,1,20876,0,0
29,48000,MORTGAGE,2.0,VENTURE,5000,11.97,0,0.1,Y,5,0,20877,0,0
31,30000,RENT,5.0,EDUCATION,6000,8.49,0,0.2,N,7,1,20879,0,0
31,42000,MORTGAGE,0.0,EDUCATION,21000,12.36,1,0.5,N,7,1,20885,1,1
27,42200,MORTGAGE,6.0,MEDICAL,10000,16.49,1,0.24,Y,6,0,20892,1,1
30,32000,RENT,0.0,MEDICAL,6000,12.99,0,0.19,N,9,1,20903,0,0
30,32000,RENT,0.0,MEDICAL,6000,10.99,0,0.19,N,9,1,20904,0,0
28,33000,RENT,2.0,PERSONAL,6000,7.9,0,0.18,N,6,1,20909,0,0
30,33600,RENT,5.0,VENTURE,6000,6.91,0,0.18,N,7,1,20916,0,0
27,33996,RENT,8.0,DEBTCONSOLIDATION,6000,15.31,1,0.18,Y,5,0,20919,1,1
27,49000,MORTGAGE,11.0,MEDICAL,8500,10.59,0,0.17,N,6,1,20937,0,0
30,49000,MORTGAGE,9.0,EDUCATION,11750,8.9,0,0.24,N,9,1,20940,0,1
35,36500,RENT,0.0,MEDICAL,6000,13.61,0,0.16,N,6,1,20956,0,0
32,37000,RENT,4.0,MEDICAL,6000,10.36,0,0.16,N,6,1,20958,0,0
27,49304,MORTGAGE,2.0,MEDICAL,10000,11.78,0,0.2,N,9,1,20959,0,1
35,43772,MORTGAGE,11.0,MEDICAL,15000,7.51,1,0.34,N,6,1,20969,1,1
35,49800,MORTGAGE,3.0,PERSONAL,6000,7.14,0,0.12,N,6,1,20971,0,0
28,39184,RENT,3.0,DEBTCONSOLIDATION,6000,6.17,0,0.15,N,7,1,20972,0,0
32,40000,RENT,0.0,MEDICAL,6000,12.69,0,0.15,N,8,1,20973,0,0
30,50000,MORTGAGE,8.0,DEBTCONSOLIDATION,10000,6.62,0,0.2,N,7,1,20983,0,0
27,40000,RENT,2.0,EDUCATION,6000,11.28,0,0.15,N,7,1,20984,0,0
27,40800,RENT,11.0,PERSONAL,6000,7.66,0,0.15,N,7,1,20986,0,0
30,41000,RENT,14.0,DEBTCONSOLIDATION,6000,6.03,0,0.15,N,10,1,20988,0,0
31,50000,MORTGAGE,8.0,DEBTCONSOLIDATION,6000,13.49,0,0.12,Y,9,0,20989,0,0
27,41000,RENT,2.0,MEDICAL,6000,9.32,0,0.15,N,7,1,20992,0,0
34,50000,MORTGAGE,6.0,VENTURE,16000,13.49,0,0.32,Y,5,0,20996,0,0
28,42328,RENT,5.0,MEDICAL,6000,8.63,0,0.14,N,7,1,21001,0,0
32,43000,RENT,2.0,EDUCATION,6000,13.22,0,0.14,N,6,1,21003,0,0
29,43000,RENT,1.0,MEDICAL,6000,11.14,0,0.14,N,7,1,21006,0,0
29,50000,MORTGAGE,0.0,PERSONAL,6300,6.62,0,0.13,N,10,1,21020,0,0
30,45000,RENT,1.0,EDUCATION,6000,7.51,0,0.13,N,5,1,21022,0,0
27,39000,RENT,1.0,VENTURE,6000,14.61,1,0.15,N,7,1,21023,1,1
34,50000,OWN,2.0,PERSONAL,12000,10.99,0,0.24,N,9,1,21025,0,0
31,50000,MORTGAGE,7.0,VENTURE,6000,5.99,0,0.12,N,8,1,21027,0,0
27,50000,OWN,8.0,VENTURE,12000,5.42,0,0.24,N,7,1,21028,0,0
33,50000,OWN,5.0,EDUCATION,8300,10.99,0,0.17,N,7,1,21035,0,0
28,50000,MORTGAGE,7.0,PERSONAL,6000,15.99,0,0.12,Y,9,0,21039,0,0
33,49000,RENT,2.0,VENTURE,6000,10.99,0,0.12,N,6,1,21047,0,0
33,50000,MORTGAGE,8.0,MEDICAL,4000,5.42,0,0.08,N,10,1,21048,0,0
29,50000,MORTGAGE,2.0,MEDICAL,5000,10.99,0,0.1,N,6,1,21052,0,0
28,50000,RENT,0.0,PERSONAL,6000,10.59,0,0.12,N,5,1,21055,0,0
31,50000,RENT,4.0,PERSONAL,6000,15.62,0,0.12,Y,10,0,21056,0,0
33,44000,RENT,6.0,DEBTCONSOLIDATION,6000,14.96,1,0.14,N,8,1,21069,1,1
27,51600,RENT,12.0,EDUCATION,6000,8.49,0,0.12,N,6,1,21080,0,0
28,52000,RENT,6.0,DEBTCONSOLIDATION,6000,7.14,0,0.12,N,6,1,21081,0,0
34,52000,RENT,1.0,EDUCATION,6000,12.53,0,0.12,N,9,1,21082,0,0
29,49000,RENT,3.0,PERSONAL,6000,13.99,1,0.12,N,6,1,21091,1,0
28,57000,RENT,2.0,HOMEIMPROVEMENT,6000,13.49,0,0.11,Y,8,0,21104,0,0
27,44000,MORTGAGE,3.0,DEBTCONSOLIDATION,24000,8.88,1,0.55,N,9,1,21110,1,0
32,59363,RENT,2.0,PERSONAL,6000,13.22,0,0.1,Y,10,0,21115,0,0
29,60000,RENT,1.0,HOMEIMPROVEMENT,6000,14.79,0,0.1,N,9,1,21122,0,0
32,54000,RENT,2.0,HOMEIMPROVEMENT,6000,15.95,1,0.11,N,7,1,21124,1,1
30,50000,MORTGAGE,14.0,VENTURE,5000,7.88,0,0.1,N,5,1,21131,0,0
31,50000,MORTGAGE,1.0,DEBTCONSOLIDATION,12000,7.88,0,0.24,N,6,1,21145,0,0
35,25200,RENT,2.0,DEBTCONSOLIDATION,7050,12.23,0,0.28,Y,7,0,21149,0,0
34,50000,MORTGAGE,18.0,EDUCATION,6000,7.14,0,0.12,N,8,1,21160,0,0
27,23400,RENT,5.0,EDUCATION,7000,15.7,1,0.3,Y,5,0,21167,1,0
31,57000,RENT,15.0,EDUCATION,6000,10.99,1,0.11,N,8,1,21176,1,0
29,65000,RENT,2.0,VENTURE,6000,11.14,0,0.09,N,10,1,21186,0,0
27,65000,RENT,0.0,MEDICAL,6000,11.14,0,0.09,N,9,1,21187,0,0
33,50000,OWN,2.0,PERSONAL,1200,14.26,0,0.02,N,6,1,21189,0,0
27,50000,MORTGAGE,1.0,VENTURE,6500,7.74,0,0.13,N,6,1,21190,0,0
27,67000,RENT,3.0,DEBTCONSOLIDATION,6000,9.99,0,0.09,N,8,1,21193,0,0
31,68000,RENT,1.0,HOMEIMPROVEMENT,6000,7.49,0,0.09,N,10,1,21194,0,0
27,69996,RENT,1.0,PERSONAL,6000,11.86,0,0.09,N,6,1,21197,0,0
27,50000,OWN,3.0,MEDICAL,9000,12.53,0,0.18,N,8,1,21201,0,0
31,44000,MORTGAGE,0.0,EDUCATION,12000,12.53,1,0.27,Y,6,0,21202,1,0
30,50000,MORTGAGE,3.0,HOMEIMPROVEMENT,5000,10.95,0,0.1,N,9,1,21203,0,0
31,66000,RENT,4.0,DEBTCONSOLIDATION,6000,14.35,1,0.09,N,5,1,21216,1,1
29,75000,RENT,2.0,MEDICAL,6000,8.49,0,0.08,N,6,1,21227,0,0
30,75000,RENT,2.0,MEDICAL,6000,12.68,0,0.08,N,8,1,21229,0,0
31,59500,RENT,1.0,MEDICAL,6000,11.71,1,0.09,N,6,1,21234,1,0
31,76000,RENT,4.0,HOMEIMPROVEMENT,6000,7.49,0,0.08,N,5,1,21235,0,0
29,50004,MORTGAGE,1.0,HOMEIMPROVEMENT,1500,13.11,0,0.03,Y,6,0,21239,0,0
32,80000,RENT,16.0,PERSONAL,6000,10.99,0,0.07,Y,6,0,21240,0,0
31,80000,RENT,2.0,MEDICAL,6000,6.03,0,0.07,N,10,1,21244,0,0
29,50004,MORTGAGE,3.0,DEBTCONSOLIDATION,20000,11.58,0,0.4,N,7,1,21247,0,0
27,81000,RENT,0.0,VENTURE,6000,7.14,0,0.07,N,9,1,21250,0,0
28,50123,MORTGAGE,11.0,PERSONAL,2200,11.49,0,0.04,N,8,1,21255,0,1
27,85000,RENT,11.0,PERSONAL,6000,10.99,0,0.07,N,7,1,21257,0,0
30,50400,MORTGAGE,7.0,PERSONAL,3000,7.29,0,0.06,N,6,1,21270,0,0
33,44400,MORTGAGE,3.0,MEDICAL,2000,14.22,1,0.05,Y,6,0,21279,1,0
34,111280,RENT,3.0,HOMEIMPROVEMENT,6000,9.99,0,0.05,N,9,1,21286,0,0
28,112000,RENT,1.0,HOMEIMPROVEMENT,6000,12.69,0,0.05,N,10,1,21287,0,0
34,564000,RENT,2.0,MEDICAL,6000,7.14,0,0.01,N,5,1,21296,0,0
27,51000,OWN,11.0,VENTURE,18000,7.49,0,0.35,N,8,1,21315,0,0
30,51000,MORTGAGE,6.0,HOMEIMPROVEMENT,6600,6.92,0,0.13,N,9,1,21317,0,0
29,18000,RENT,4.0,HOMEIMPROVEMENT,6250,9.99,1,0.35,N,6,1,21324,1,1
30,51000,MORTGAGE,6.0,DEBTCONSOLIDATION,15000,12.73,0,0.29,Y,5,0,21328,0,0
28,49900,RENT,6.0,HOMEIMPROVEMENT,7000,14.27,1,0.14,N,9,1,21332,1,1
31,56000,RENT,4.0,MEDICAL,7000,7.29,0,0.13,N,8,1,21333,0,0
27,57000,RENT,0.0,EDUCATION,7000,11.71,0,0.12,N,8,1,21334,0,0
30,45000,MORTGAGE,11.0,PERSONAL,10000,14.74,1,0.22,N,6,1,21335,1,0
29,45200,MORTGAGE,7.0,MEDICAL,6000,16.49,1,0.13,Y,10,0,21339,1,1
31,51320,OWN,1.0,MEDICAL,5000,11.97,0,0.1,Y,9,0,21342,0,0
30,62000,RENT,1.0,MEDICAL,7000,14.27,0,0.11,Y,5,0,21345,0,0
28,64000,RENT,13.0,MEDICAL,7000,10.59,0,0.11,N,6,1,21351,0,0
30,65000,RENT,14.0,DEBTCONSOLIDATION,7000,13.49,0,0.11,N,8,1,21356,0,0
34,51621,MORTGAGE,5.0,PERSONAL,3500,11.49,0,0.07,N,6,1,21358,0,0
30,51750,OWN,5.0,VENTURE,12000,11.14,0,0.23,N,10,1,21362,0,0
27,51996,OWN,8.0,DEBTCONSOLIDATION,9600,14.09,0,0.18,N,9,1,21366,0,0
33,51996,MORTGAGE,3.0,DEBTCONSOLIDATION,14000,8.88,0,0.27,N,9,1,21368,0,0
29,72500,RENT,1.0,PERSONAL,7000,7.29,0,0.1,N,5,1,21373,0,0
31,73000,RENT,2.0,VENTURE,7000,7.9,0,0.1,N,7,1,21374,0,0
30,78000,RENT,12.0,PERSONAL,7000,6.54,0,0.09,N,5,1,21377,0,0
33,61200,RENT,3.0,MEDICAL,7000,14.96,1,0.1,Y,8,0,21379,1,1
29,52000,OWN,0.0,VENTURE,16000,10.99,0,0.31,N,8,1,21393,0,0
29,92000,RENT,5.0,VENTURE,7000,9.32,0,0.08,N,10,1,21399,0,0
29,99000,RENT,1.0,VENTURE,7000,11.11,0,0.07,N,10,1,21406,0,0
27,52000,MORTGAGE,5.0,PERSONAL,10000,7.29,0,0.19,N,7,1,21410,0,0
32,108000,RENT,3.0,HOMEIMPROVEMENT,7000,16.29,1,0.06,Y,6,0,21412,1,0
35,125000,RENT,6.0,DEBTCONSOLIDATION,7000,13.06,0,0.06,Y,5,0,21416,0,0
35,218000,RENT,4.0,DEBTCONSOLIDATION,7000,14.11,1,0.03,Y,9,0,21418,1,1
35,52000,OWN,3.0,VENTURE,10400,9.99,0,0.2,N,7,1,21419,0,0
27,52000,MORTGAGE,8.0,VENTURE,1800,12.98,0,0.03,N,8,1,21420,0,0
27,32200,RENT,1.0,EDUCATION,6300,16.45,1,0.2,N,6,1,21421,1,1
32,49000,RENT,16.0,MEDICAL,6300,9.91,0,0.13,N,8,1,21422,0,0
29,54380,RENT,4.0,VENTURE,6300,10.75,0,0.12,N,10,1,21425,0,0
31,52000,MORTGAGE,8.0,HOMEIMPROVEMENT,6400,7.88,0,0.12,N,10,1,21430,0,0
28,52000,MORTGAGE,10.0,EDUCATION,13600,7.88,0,0.26,N,7,1,21433,0,0
27,16800,RENT,3.0,DEBTCONSOLIDATION,6500,11.99,1,0.39,N,8,1,21434,1,1
33,30000,RENT,0.0,PERSONAL,6500,8.49,0,0.22,N,5,1,21445,0,0
30,30000,RENT,4.0,HOMEIMPROVEMENT,6500,15.65,1,0.22,Y,6,0,21449,1,1
29,37000,RENT,1.0,MEDICAL,6500,10.99,0,0.18,N,8,1,21450,0,0
28,52000,MORTGAGE,0.0,PERSONAL,7500,9.32,0,0.14,N,6,1,21454,0,0
28,39520,RENT,0.0,VENTURE,6500,11.89,0,0.16,N,6,1,21456,0,0
30,52000,MORTGAGE,2.0,PERSONAL,18500,10.91,0,0.36,N,7,1,21465,0,0
32,52500,MORTGAGE,9.0,HOMEIMPROVEMENT,7000,12.99,0,0.13,N,9,1,21474,0,0
33,54000,RENT,1.0,DEBTCONSOLIDATION,6500,14.96,1,0.12,Y,7,0,21477,1,1
28,52524,MORTGAGE,11.0,MEDICAL,9200,9.32,0,0.18,N,7,1,21479,0,1
29,75000,RENT,6.0,HOMEIMPROVEMENT,6500,10.74,0,0.09,N,9,1,21489,0,0
29,52800,MORTGAGE,1.0,PERSONAL,4800,14.79,0,0.09,N,9,1,21492,0,0
29,32000,RENT,1.0,MEDICAL,6525,16.07,1,0.2,Y,9,0,21496,1,1
29,52833,MORTGAGE,7.0,VENTURE,12250,6.62,0,0.23,N,6,1,21502,0,0
29,30000,RENT,2.0,MEDICAL,6600,15.33,1,0.22,Y,8,0,21503,1,1
31,30000,RENT,0.0,EDUCATION,6600,16.49,1,0.22,Y,8,0,21504,1,1
34,53000,MORTGAGE,7.0,DEBTCONSOLIDATION,3100,7.9,0,0.06,N,6,1,21512,0,0
33,24947,RENT,3.0,HOMEIMPROVEMENT,6625,12.69,1,0.27,N,9,1,21517,1,1
31,47000,MORTGAGE,10.0,VENTURE,23000,14.84,1,0.49,N,9,1,21523,1,1
29,53000,MORTGAGE,3.0,EDUCATION,6000,8.0,0,0.11,N,8,1,21539,0,0
35,53500,MORTGAGE,1.0,VENTURE,20000,12.53,0,0.37,Y,7,0,21558,0,0
28,53796,MORTGAGE,12.0,HOMEIMPROVEMENT,7000,9.91,0,0.13,N,8,1,21562,0,0
30,53979,MORTGAGE,5.0,EDUCATION,25000,10.08,0,0.46,N,7,1,21564,0,0
29,31836,RENT,2.0,EDUCATION,6400,14.96,1,0.2,Y,5,0,21565,1,1
27,54000,MORTGAGE,1.0,DEBTCONSOLIDATION,6000,14.27,0,0.11,Y,7,0,21569,0,0
34,32000,RENT,0.0,HOMEIMPROVEMENT,6400,15.62,1,0.2,N,5,1,21581,1,1
32,41000,RENT,2.0,MEDICAL,6400,15.65,1,0.16,Y,6,0,21588,1,1
28,54000,MORTGAGE,12.0,MEDICAL,4150,7.49,0,0.08,N,6,1,21593,0,0
33,54000,MORTGAGE,6.0,EDUCATION,2100,9.99,0,0.04,N,6,1,21595,0,0
32,54000,MORTGAGE,9.0,EDUCATION,3000,10.99,0,0.06,N,7,1,21603,0,0
29,75000,RENT,5.0,VENTURE,6400,7.49,0,0.09,N,8,1,21610,0,0
28,54000,MORTGAGE,1.0,PERSONAL,11000,6.54,0,0.2,N,9,1,21623,0,0
31,54000,MORTGAGE,12.0,DEBTCONSOLIDATION,6000,7.14,0,0.11,N,5,1,21626,0,0
27,27000,RENT,3.0,MEDICAL,6900,9.99,0,0.26,N,7,1,21632,0,0
35,25200,RENT,0.0,PERSONAL,7000,15.68,1,0.28,Y,7,0,21640,1,1
31,29736,RENT,4.0,EDUCATION,7000,6.92,0,0.24,N,8,1,21656,0,0
33,54072,MORTGAGE,1.0,DEBTCONSOLIDATION,3000,6.99,0,0.06,N,7,1,21659,0,0
34,54072,MORTGAGE,12.0,PERSONAL,7000,11.89,0,0.13,N,9,1,21660,0,0
27,31200,RENT,3.0,PERSONAL,7000,9.88,0,0.22,N,9,1,21669,0,0
32,32000,RENT,1.0,HOMEIMPROVEMENT,7000,14.91,1,0.22,Y,9,0,21670,1,1
29,54500,MORTGAGE,7.0,PERSONAL,4275,10.99,0,0.08,N,5,1,21671,0,0
28,37000,RENT,3.0,DEBTCONSOLIDATION,7000,9.32,0,0.19,N,8,1,21688,0,0
27,38000,RENT,12.0,VENTURE,7000,7.66,0,0.18,N,6,1,21693,0,0
35,33000,RENT,4.0,EDUCATION,7000,7.9,1,0.21,N,9,1,21696,1,0
27,35520,RENT,1.0,VENTURE,7000,14.91,1,0.2,Y,8,0,21716,1,1
31,42000,RENT,2.0,MEDICAL,7000,7.9,0,0.17,N,7,1,21720,0,0
28,55000,OWN,0.0,DEBTCONSOLIDATION,6700,16.77,0,0.12,Y,7,0,21723,0,0
28,55000,MORTGAGE,7.0,MEDICAL,8000,10.99,0,0.15,N,8,1,21724,0,0
34,55000,MORTGAGE,6.0,HOMEIMPROVEMENT,2500,13.49,0,0.05,N,7,1,21726,0,0
34,55000,MORTGAGE,3.0,VENTURE,12800,5.42,0,0.23,N,9,1,21738,0,0
27,45000,RENT,1.0,EDUCATION,7000,7.49,0,0.16,N,9,1,21745,0,0
28,45000,RENT,3.0,MEDICAL,7000,13.43,0,0.16,Y,7,0,21746,0,0
31,55000,MORTGAGE,7.0,HOMEIMPROVEMENT,12000,7.49,0,0.22,N,5,1,21750,0,0
34,46000,RENT,1.0,MEDICAL,7000,8.9,0,0.15,N,8,1,21752,0,0
35,55000,MORTGAGE,14.0,PERSONAL,15000,8.49,0,0.27,N,10,1,21757,0,0
29,47000,RENT,2.0,EDUCATION,7000,10.36,0,0.15,N,7,1,21758,0,0
30,48409,RENT,4.0,MEDICAL,7000,10.99,0,0.14,N,10,1,21764,0,0
28,50000,RENT,0.0,VENTURE,7000,6.92,0,0.14,N,9,1,21772,0,0
29,55000,MORTGAGE,13.0,MEDICAL,8000,13.72,0,0.15,N,9,1,21775,0,0
27,55000,MORTGAGE,0.0,DEBTCONSOLIDATION,11000,5.42,0,0.2,N,9,1,21785,0,0
27,53250,RENT,1.0,MEDICAL,7000,10.37,0,0.13,N,6,1,21787,0,0
30,55000,MORTGAGE,3.0,DEBTCONSOLIDATION,12000,10.38,0,0.22,N,8,1,21790,0,0
27,85000,RENT,2.0,VENTURE,7000,13.99,0,0.08,Y,9,0,21794,0,0
32,55000,MORTGAGE,4.0,HOMEIMPROVEMENT,6500,13.98,0,0.12,N,10,1,21799,0,0
32,55000,MORTGAGE,16.0,PERSONAL,7000,13.48,0,0.13,Y,8,0,21812,0,0
34,28800,RENT,0.0,EDUCATION,7200,11.99,1,0.25,N,10,1,21813,1,0
30,30000,RENT,7.0,DEBTCONSOLIDATION,7200,10.36,0,0.24,N,6,1,21820,0,0
28,55000,MORTGAGE,4.0,VENTURE,10650,11.58,0,0.19,N,8,1,21837,0,0
30,42000,RENT,2.0,MEDICAL,7200,10.99,0,0.17,N,6,1,21840,0,0
27,42504,RENT,2.0,DEBTCONSOLIDATION,7200,10.59,0,0.17,N,6,1,21841,0,0
28,55000,MORTGAGE,2.0,EDUCATION,18000,14.11,0,0.33,N,5,1,21844,0,0
30,48000,RENT,1.0,EDUCATION,7200,10.39,0,0.15,N,8,1,21846,0,0
35,50000,RENT,6.0,VENTURE,7200,11.99,0,0.14,N,9,1,21848,0,0
28,50000,RENT,4.0,DEBTCONSOLIDATION,7200,10.99,0,0.14,N,7,1,21850,0,0
27,55140,MORTGAGE,8.0,HOMEIMPROVEMENT,10000,13.49,0,0.18,Y,8,0,21854,0,0
28,60000,RENT,5.0,HOMEIMPROVEMENT,7200,5.42,0,0.12,N,7,1,21856,0,0
28,65000,RENT,2.0,MEDICAL,7200,13.98,0,0.11,Y,8,0,21862,0,0
31,74076,RENT,9.0,MEDICAL,7200,10.99,0,0.1,N,9,1,21867,0,0
30,55536,MORTGAGE,14.0,DEBTCONSOLIDATION,1000,10.99,0,0.02,N,9,1,21871,0,0
27,82500,RENT,0.0,DEBTCONSOLIDATION,7200,14.22,0,0.09,Y,9,0,21877,0,0
31,55728,MORTGAGE,0.0,MEDICAL,13000,10.62,0,0.23,N,9,1,21886,0,0
30,90000,RENT,2.0,EDUCATION,7200,11.99,0,0.08,N,7,1,21890,0,0
28,90000,RENT,0.0,VENTURE,7200,5.42,0,0.08,N,5,1,21893,0,0
27,98500,RENT,5.0,HOMEIMPROVEMENT,7200,14.35,0,0.07,Y,6,0,21895,0,0
27,120000,RENT,0.0,DEBTCONSOLIDATION,7200,7.29,0,0.06,N,10,1,21898,0,0
33,56000,MORTGAGE,13.0,MEDICAL,12000,6.62,0,0.21,N,6,1,21900,0,0
35,105000,RENT,11.0,VENTURE,7250,10.99,0,0.07,Y,5,0,21905,0,0
29,35000,RENT,6.0,MEDICAL,7300,11.71,0,0.21,N,9,1,21906,0,0
29,56000,MORTGAGE,8.0,MEDICAL,6000,10.99,0,0.11,N,9,1,21907,0,0
32,31000,RENT,2.0,HOMEIMPROVEMENT,7400,16.77,1,0.24,Y,9,0,21915,1,1
33,69000,RENT,8.0,HOMEIMPROVEMENT,7400,9.76,0,0.11,N,5,1,21916,0,0
34,56000,OWN,0.0,MEDICAL,5600,11.86,0,0.1,N,7,1,21925,0,0
28,20000,RENT,0.0,MEDICAL,7500,9.76,1,0.38,N,9,1,21926,1,1
28,56000,MORTGAGE,9.0,VENTURE,4800,14.61,0,0.09,Y,6,0,21935,0,0
29,27600,RENT,2.0,EDUCATION,7500,6.62,0,0.27,N,9,1,21937,0,0
27,56244,MORTGAGE,11.0,HOMEIMPROVEMENT,12000,14.22,0,0.21,N,8,1,21958,0,0
35,30000,RENT,1.0,EDUCATION,7500,10.99,1,0.25,Y,6,0,21960,1,0
34,56400,OWN,8.0,MEDICAL,12100,5.79,0,0.21,N,9,1,21964,0,0
29,56500,MORTGAGE,13.0,MEDICAL,14750,10.99,0,0.26,N,8,1,21967,0,1
35,56566,MORTGAGE,3.0,EDUCATION,3200,10.99,0,0.06,N,6,1,21970,0,0
32,56784,OWN,3.0,PERSONAL,12000,14.96,0,0.21,Y,10,0,21978,0,0
28,50820,MORTGAGE,12.0,PERSONAL,10000,10.59,1,0.2,N,8,1,21979,1,0
29,42000,RENT,0.0,EDUCATION,7500,12.87,0,0.18,Y,8,0,21987,0,0
27,57000,OWN,11.0,EDUCATION,15000,6.03,0,0.26,N,6,1,21993,0,0
27,45000,RENT,0.0,PERSONAL,7500,12.73,0,0.17,Y,6,0,21998,0,0
27,42996,RENT,11.0,MEDICAL,7500,11.91,1,0.17,N,7,1,22008,1,0
33,44000,RENT,1.0,EDUCATION,7500,12.92,1,0.17,Y,6,0,22014,1,1
30,50400,RENT,2.0,PERSONAL,7500,10.25,0,0.15,N,7,1,22016,0,0
28,51000,OWN,2.0,DEBTCONSOLIDATION,20400,17.74,1,0.4,Y,5,0,22020,1,1
33,57000,MORTGAGE,7.0,EDUCATION,15000,10.39,0,0.26,N,7,1,22029,0,1
31,57000,RENT,2.0,EDUCATION,7500,12.53,0,0.13,N,9,1,22033,0,0
28,57248,MORTGAGE,1.0,EDUCATION,9000,6.92,0,0.16,N,7,1,22040,0,0
33,57500,MORTGAGE,0.0,MEDICAL,15000,6.03,0,0.26,N,7,1,22047,0,0
31,61000,RENT,3.0,MEDICAL,7500,10.99,0,0.12,Y,10,0,22048,0,0
31,65000,RENT,8.0,MEDICAL,7500,10.95,0,0.12,N,10,1,22053,0,0
27,70000,RENT,4.0,MEDICAL,7500,7.88,0,0.11,N,5,1,22059,0,0
28,66000,RENT,0.0,VENTURE,7500,11.28,1,0.11,Y,7,0,22062,1,0
31,85000,RENT,3.0,VENTURE,7500,10.08,0,0.09,N,5,1,22070,0,0
27,57770,MORTGAGE,3.0,PERSONAL,9975,11.49,0,0.17,N,5,1,22071,0,0
33,115000,RENT,9.0,HOMEIMPROVEMENT,7500,11.03,0,0.07,Y,8,0,22083,0,0
34,120000,RENT,9.0,HOMEIMPROVEMENT,7500,16.29,0,0.06,N,5,1,22085,0,0
27,125000,RENT,8.0,EDUCATION,7500,10.99,0,0.06,N,5,1,22086,0,0
29,57996,MORTGAGE,6.0,EDUCATION,20475,12.72,0,0.35,N,10,1,22087,0,0
29,58000,MORTGAGE,9.0,EDUCATION,15900,10.99,0,0.27,N,6,1,22090,0,0
35,160000,RENT,3.0,MEDICAL,7500,8.0,0,0.05,N,8,1,22091,0,0
35,33000,RENT,2.0,VENTURE,7600,15.27,0,0.23,N,6,1,22105,0,0
30,58000,MORTGAGE,9.0,HOMEIMPROVEMENT,3000,5.42,0,0.05,N,9,1,22109,0,0
27,51996,RENT,7.0,HOMEIMPROVEMENT,7600,14.17,0,0.15,N,8,1,22111,0,0
27,58000,MORTGAGE,3.0,HOMEIMPROVEMENT,12000,7.51,0,0.21,N,8,1,22125,0,0
30,58000,MORTGAGE,0.0,HOMEIMPROVEMENT,4000,11.12,0,0.07,N,6,1,22128,0,0
28,58000,MORTGAGE,3.0,VENTURE,4000,7.14,0,0.07,N,9,1,22130,0,0
30,30000,RENT,0.0,VENTURE,7750,13.87,1,0.26,Y,9,0,22136,1,0
29,28000,RENT,8.0,PERSONAL,7800,8.88,0,0.28,N,7,1,22142,0,0
29,72000,RENT,4.0,DEBTCONSOLIDATION,7800,10.99,0,0.11,Y,8,0,22156,0,0
32,93158,RENT,16.0,HOMEIMPROVEMENT,7800,16.29,0,0.08,N,6,1,22157,0,0
31,13000,RENT,0.0,VENTURE,8000,12.84,1,0.62,N,10,1,22167,1,1
29,58800,MORTGAGE,13.0,VENTURE,16000,9.88,0,0.27,N,6,1,22171,0,0
28,58800,MORTGAGE,11.0,VENTURE,5500,6.76,0,0.09,N,9,1,22172,0,0
28,58868,MORTGAGE,12.0,MEDICAL,8400,13.57,0,0.14,Y,9,0,22175,0,1
34,59000,OWN,18.0,EDUCATION,5500,7.9,0,0.09,N,8,1,22178,0,0
33,59000,MORTGAGE,6.0,HOMEIMPROVEMENT,5500,9.91,0,0.09,N,9,1,22179,0,0
29,21000,RENT,2.0,EDUCATION,8000,11.71,1,0.38,N,7,1,22182,1,1
33,24000,RENT,1.0,VENTURE,8000,11.12,1,0.33,N,9,1,22197,1,1
35,24996,RENT,6.0,MEDICAL,8000,7.51,1,0.32,N,7,1,22198,1,1
33,25000,RENT,18.0,EDUCATION,8000,10.99,1,0.32,N,8,1,22201,1,1
27,59068,MORTGAGE,11.0,VENTURE,13500,13.22,0,0.23,Y,9,0,22206,0,0
33,59450,MORTGAGE,1.0,EDUCATION,3000,10.38,0,0.05,N,6,1,22215,0,1
28,59904,MORTGAGE,12.0,MEDICAL,3000,12.53,0,0.05,Y,10,0,22221,0,1
28,60000,MORTGAGE,12.0,MEDICAL,14400,13.49,0,0.24,N,7,1,22225,0,0
28,30000,RENT,4.0,MEDICAL,8000,10.99,0,0.27,N,8,1,22227,0,0
29,60000,MORTGAGE,2.0,HOMEIMPROVEMENT,6000,13.49,0,0.1,Y,8,0,22230,0,0
27,32000,RENT,6.0,MEDICAL,8000,9.91,0,0.25,N,7,1,22239,0,0
35,60000,MORTGAGE,3.0,EDUCATION,19600,9.91,0,0.33,N,5,1,22243,0,0
30,60000,MORTGAGE,10.0,PERSONAL,16000,11.71,0,0.27,N,8,1,22261,0,0
28,60000,MORTGAGE,0.0,PERSONAL,4000,7.9,0,0.07,N,8,1,22267,0,0
35,60000,MORTGAGE,2.0,DEBTCONSOLIDATION,4000,6.03,0,0.07,N,7,1,22269,0,0
27,37000,RENT,3.0,EDUCATION,8000,13.49,0,0.22,Y,10,0,22278,0,0
28,60000,MORTGAGE,12.0,HOMEIMPROVEMENT,20000,7.9,0,0.33,N,7,1,22280,0,0
32,37050,RENT,2.0,DEBTCONSOLIDATION,8000,8.0,0,0.22,N,6,1,22281,0,0
30,60000,MORTGAGE,5.0,HOMEIMPROVEMENT,7000,7.49,0,0.12,N,8,1,22284,0,0
29,60000,OWN,1.0,PERSONAL,10000,10.99,0,0.17,N,10,1,22287,0,0
34,38500,RENT,0.0,DEBTCONSOLIDATION,8000,10.99,0,0.21,Y,9,0,22294,0,0
27,40000,RENT,11.0,VENTURE,8000,11.99,0,0.2,N,7,1,22311,0,0
27,60000,MORTGAGE,6.0,VENTURE,5100,11.49,0,0.09,N,6,1,22312,0,0
34,60000,MORTGAGE,7.0,EDUCATION,10175,10.99,0,0.17,N,5,1,22319,0,0
33,42000,RENT,0.0,MEDICAL,8000,5.99,0,0.19,N,7,1,22325,0,0
30,60000,MORTGAGE,5.0,VENTURE,4000,6.99,0,0.07,N,7,1,22330,0,0
28,42682,RENT,1.0,PERSONAL,8000,6.03,0,0.19,N,9,1,22336,0,0
30,43000,RENT,4.0,VENTURE,8000,16.49,0,0.19,N,5,1,22338,0,0
33,60000,MORTGAGE,3.0,DEBTCONSOLIDATION,5000,5.42,0,0.08,N,7,1,22339,0,0
27,54000,MORTGAGE,0.0,PERSONAL,12000,16.49,1,0.22,N,5,1,22346,1,0
32,45000,RENT,0.0,MEDICAL,8000,10.99,0,0.18,N,5,1,22358,0,0
29,45000,RENT,0.0,MEDICAL,8000,12.18,0,0.18,N,5,1,22362,0,0
29,60000,MORTGAGE,7.0,VENTURE,5000,7.66,0,0.08,N,10,1,22365,0,0
27,46000,RENT,11.0,MEDICAL,8000,11.36,0,0.17,N,8,1,22371,0,0
27,60000,MORTGAGE,8.0,EDUCATION,2000,7.29,0,0.03,N,7,1,22374,0,0
27,41000,RENT,4.0,DEBTCONSOLIDATION,8000,12.84,1,0.2,Y,10,0,22376,1,0
29,60000,MORTGAGE,1.0,HOMEIMPROVEMENT,10000,5.79,0,0.17,N,6,1,22379,0,0
30,60000,MORTGAGE,5.0,PERSONAL,8000,7.66,0,0.13,N,6,1,22382,0,0
28,50000,RENT,0.0,MEDICAL,8000,14.27,0,0.16,N,9,1,22384,0,0
28,60000,MORTGAGE,12.0,DEBTCONSOLIDATION,16800,12.61,0,0.28,Y,7,0,22385,0,0
28,60000,MORTGAGE,0.0,DEBTCONSOLIDATION,16000,6.54,0,0.27,N,6,1,22389,0,0
30,54000,MORTGAGE,3.0,EDUCATION,5000,12.61,1,0.09,Y,10,0,22395,1,1
30,60000,MORTGAGE,14.0,PERSONAL,1750,9.99,0,0.03,N,8,1,22408,0,0
29,60000,OWN,13.0,MEDICAL,9600,14.35,0,0.16,Y,6,0,22434,0,0
34,60000,MORTGAGE,6.0,MEDICAL,2500,14.72,0,0.04,N,5,1,22445,0,0
28,60000,MORTGAGE,4.0,DEBTCONSOLIDATION,8000,7.88,0,0.13,N,5,1,22451,0,0
27,58000,RENT,1.0,VENTURE,8000,11.36,0,0.14,N,7,1,22456,0,0
27,60000,MORTGAGE,3.0,EDUCATION,5000,12.73,0,0.08,Y,8,0,22460,0,0
30,60000,MORTGAGE,8.0,PERSONAL,7400,13.11,0,0.12,Y,5,0,22461,0,0
29,60000,RENT,4.0,VENTURE,8000,11.14,0,0.13,N,5,1,22466,0,0
35,45000,RENT,4.0,PERSONAL,5200,13.06,0,0.12,Y,10,0,22471,0,0
28,50500,RENT,3.0,PERSONAL,5200,12.53,0,0.1,Y,8,0,22472,0,0
28,25000,RENT,0.0,HOMEIMPROVEMENT,5175,18.43,1,0.21,Y,6,0,22478,1,1
32,60000,MORTGAGE,4.0,PERSONAL,13250,11.83,0,0.22,N,10,1,22489,0,0
29,60000,OWN,0.0,HOMEIMPROVEMENT,16000,16.0,0,0.27,Y,8,0,22492,0,0
29,60000,MORTGAGE,7.0,DEBTCONSOLIDATION,15000,12.87,0,0.25,N,5,1,22493,0,0
29,50000,RENT,4.0,DEBTCONSOLIDATION,5050,12.73,0,0.1,N,5,1,22494,0,0
27,12000,RENT,2.0,MEDICAL,5000,8.49,1,0.42,N,10,1,22496,1,1
29,14573,RENT,6.0,HOMEIMPROVEMENT,5000,12.18,1,0.34,N,5,1,22498,1,1
32,15600,RENT,4.0,HOMEIMPROVEMENT,5000,5.42,1,0.32,N,5,1,22503,1,1
32,16800,RENT,0.0,PERSONAL,5000,14.35,1,0.3,Y,7,0,22512,1,1
34,60000,MORTGAGE,5.0,EDUCATION,7000,12.53,0,0.12,Y,10,0,22517,0,0
31,60000,MORTGAGE,3.0,VENTURE,3600,7.68,0,0.06,N,9,1,22527,0,0
30,20520,RENT,0.0,DEBTCONSOLIDATION,5000,9.99,0,0.24,N,5,1,22532,0,0
28,60000,OWN,0.0,PERSONAL,16000,12.72,0,0.27,N,7,1,22541,0,0
30,60000,MORTGAGE,14.0,EDUCATION,4500,10.83,0,0.07,N,10,1,22543,0,0
27,60000,MORTGAGE,0.0,PERSONAL,10000,8.63,0,0.17,N,5,1,22557,0,0
31,24000,RENT,0.0,EDUCATION,5000,7.51,0,0.21,N,8,1,22565,0,0
29,60096,MORTGAGE,3.0,EDUCATION,3000,7.66,0,0.05,N,10,1,22566,0,0
31,24996,RENT,0.0,DEBTCONSOLIDATION,5000,12.99,1,0.2,N,8,1,22570,1,0
35,24996,RENT,0.0,VENTURE,5000,8.49,0,0.2,N,6,1,22571,0,0
27,25000,RENT,2.0,PERSONAL,5000,9.62,0,0.2,N,7,1,22575,0,0
34,25480,RENT,6.0,MEDICAL,5000,12.8,1,0.2,N,5,1,22581,1,0
33,26100,RENT,16.0,PERSONAL,5000,10.75,0,0.19,N,6,1,22587,0,0
27,61000,MORTGAGE,11.0,MEDICAL,1200,10.37,0,0.02,N,5,1,22599,0,0
32,62000,RENT,1.0,HOMEIMPROVEMENT,8000,9.99,0,0.13,N,5,1,22603,0,0
33,62000,RENT,4.0,VENTURE,8000,11.48,0,0.13,N,7,1,22608,0,0
28,63000,RENT,10.0,VENTURE,8000,16.29,0,0.13,N,7,1,22610,0,0
31,64000,RENT,9.0,HOMEIMPROVEMENT,8000,14.22,0,0.13,Y,9,0,22613,0,0
27,61200,MORTGAGE,5.0,MEDICAL,4500,11.86,0,0.07,N,7,1,22618,0,0
32,59000,RENT,1.0,PERSONAL,8000,14.96,1,0.14,Y,10,0,22621,1,1
32,66000,RENT,1.0,HOMEIMPROVEMENT,8000,7.29,0,0.12,N,10,1,22630,0,0
33,68500,RENT,6.0,HOMEIMPROVEMENT,8000,10.62,0,0.12,N,6,1,22636,0,0
29,70000,RENT,13.0,EDUCATION,8000,7.49,0,0.11,N,5,1,22642,0,0
28,54400,RENT,1.0,MEDICAL,8000,15.65,1,0.13,N,10,1,22643,1,1
27,62000,MORTGAGE,6.0,DEBTCONSOLIDATION,15000,10.99,0,0.24,N,8,1,22644,0,0
35,71000,RENT,3.0,EDUCATION,8000,11.49,0,0.11,N,6,1,22649,0,0
29,62000,OWN,4.0,EDUCATION,15000,6.03,0,0.24,N,7,1,22655,0,0
30,73008,RENT,5.0,VENTURE,8000,9.99,0,0.11,N,7,1,22664,0,0
28,75000,RENT,6.0,EDUCATION,8000,7.9,0,0.11,N,6,1,22665,0,0
27,75000,RENT,2.0,EDUCATION,8000,13.49,0,0.11,Y,5,0,22667,0,0
31,78000,RENT,2.0,VENTURE,8000,7.9,0,0.1,N,7,1,22674,0,0
28,61200,RENT,12.0,MEDICAL,8000,10.38,1,0.11,N,8,1,22675,1,0
33,62000,MORTGAGE,3.0,EDUCATION,10000,7.88,0,0.16,N,6,1,22683,0,0
29,82710,RENT,2.0,PERSONAL,8000,13.49,0,0.1,Y,9,0,22685,0,0
33,62000,MORTGAGE,3.0,EDUCATION,3700,6.39,0,0.06,N,7,1,22690,0,0
27,62000,MORTGAGE,6.0,VENTURE,3600,7.14,0,0.06,N,9,1,22697,0,0
27,90000,RENT,0.0,MEDICAL,8000,10.99,0,0.09,N,10,1,22701,0,0
33,62000,OWN,2.0,HOMEIMPROVEMENT,9800,13.79,0,0.16,Y,10,0,22702,0,0
29,62000,MORTGAGE,0.0,PERSONAL,10000,12.41,0,0.16,Y,9,0,22704,0,0
28,95000,RENT,5.0,EDUCATION,8000,12.42,0,0.08,N,6,1,22709,0,0
31,95000,RENT,5.0,PERSONAL,8000,10.99,0,0.08,N,10,1,22710,0,0
29,105500,RENT,4.0,PERSONAL,8000,7.49,0,0.08,N,7,1,22716,0,0
30,62400,MORTGAGE,2.0,HOMEIMPROVEMENT,6000,6.03,0,0.1,N,10,1,22723,0,0
27,62400,MORTGAGE,11.0,VENTURE,1000,5.42,0,0.02,N,7,1,22726,0,0
28,56664,MORTGAGE,12.0,PERSONAL,16300,14.91,1,0.29,Y,10,0,22752,1,0
30,32000,RENT,3.0,HOMEIMPROVEMENT,8400,13.98,1,0.26,N,9,1,22761,1,1
30,63000,MORTGAGE,14.0,DEBTCONSOLIDATION,3500,7.49,0,0.06,N,7,1,22762,0,0
29,63000,MORTGAGE,5.0,MEDICAL,7400,10.99,0,0.12,N,10,1,22771,0,0
27,63000,MORTGAGE,12.0,PERSONAL,18000,7.49,0,0.29,N,9,1,22774,0,0
27,37000,RENT,7.0,MEDICAL,8400,9.91,0,0.23,N,7,1,22775,0,0
34,33500,RENT,4.0,MEDICAL,8400,10.99,1,0.25,N,9,1,22776,1,0
28,63000,MORTGAGE,1.0,HOMEIMPROVEMENT,11500,9.99,0,0.18,N,8,1,22779,0,0
32,50400,RENT,11.0,EDUCATION,8400,12.42,0,0.17,N,7,1,22790,0,0
34,63500,MORTGAGE,18.0,HOMEIMPROVEMENT,5125,8.49,0,0.08,N,5,1,22814,0,0
30,63500,MORTGAGE,9.0,VENTURE,12000,15.33,0,0.19,Y,9,0,22816,0,1
28,63550,MORTGAGE,12.0,HOMEIMPROVEMENT,12500,10.99,0,0.2,N,10,1,22819,0,0
31,19200,RENT,5.0,HOMEIMPROVEMENT,8500,10.99,1,0.44,N,6,1,22822,1,1
30,98000,RENT,14.0,PERSONAL,8525,10.78,1,0.09,N,9,1,22825,1,1
30,63830,MORTGAGE,2.0,HOMEIMPROVEMENT,15000,17.99,0,0.23,N,5,1,22826,0,1
27,30000,RENT,2.0,EDUCATION,8600,7.51,0,0.29,N,8,1,22833,0,0
29,45000,RENT,4.0,EDUCATION,8700,7.88,0,0.19,N,9,1,22845,0,0
34,42240,RENT,3.0,PERSONAL,8775,13.06,0,0.21,Y,6,0,22858,0,0
27,64000,MORTGAGE,0.0,MEDICAL,8000,5.79,0,0.13,N,5,1,22859,0,0
28,64000,MORTGAGE,3.0,VENTURE,5000,13.23,0,0.08,Y,7,0,22862,0,0
32,24000,RENT,0.0,VENTURE,9000,15.62,1,0.38,N,7,1,22864,1,1
33,58000,MORTGAGE,7.0,DEBTCONSOLIDATION,15000,10.62,1,0.26,N,5,1,22865,1,0
34,24000,RENT,0.0,EDUCATION,9000,11.14,1,0.38,N,8,1,22866,1,1
31,64000,MORTGAGE,15.0,EDUCATION,24000,10.25,0,0.38,N,5,1,22868,0,1
33,28200,RENT,2.0,EDUCATION,9000,10.99,1,0.32,N,8,1,22872,1,1
30,64300,MORTGAGE,4.0,HOMEIMPROVEMENT,14000,15.33,0,0.22,Y,10,0,22874,0,0
35,30000,RENT,0.0,MEDICAL,9000,13.92,0,0.3,Y,7,0,22876,0,0
27,32000,RENT,4.0,MEDICAL,9000,11.48,1,0.28,N,8,1,22878,1,0
31,29000,RENT,5.0,MEDICAL,9000,15.37,1,0.31,N,9,1,22892,1,1
27,64800,MORTGAGE,12.0,VENTURE,6500,10.99,0,0.1,N,6,1,22893,0,0
35,58800,MORTGAGE,5.0,MEDICAL,12000,15.7,1,0.2,N,9,1,22894,1,1
29,30000,RENT,7.0,HOMEIMPROVEMENT,9000,6.91,1,0.3,N,8,1,22896,1,1
32,37000,RENT,16.0,MEDICAL,9000,6.92,0,0.24,N,8,1,22904,0,0
27,37000,RENT,6.0,MEDICAL,9000,8.94,0,0.24,N,7,1,22905,0,0
31,65000,MORTGAGE,15.0,HOMEIMPROVEMENT,5000,6.03,0,0.08,N,9,1,22910,0,0
28,32200,RENT,2.0,EDUCATION,9000,13.99,1,0.28,Y,7,0,22913,1,1
31,39000,RENT,5.0,MEDICAL,9000,10.71,0,0.23,N,6,1,22915,0,0
29,40000,RENT,2.0,VENTURE,9000,14.27,0,0.23,Y,5,0,22917,0,0
30,40000,RENT,9.0,EDUCATION,9000,16.77,0,0.23,Y,5,0,22919,0,0
28,40000,RENT,2.0,MEDICAL,9000,12.53,0,0.23,N,5,1,22921,0,0
29,59000,MORTGAGE,5.0,VENTURE,8000,16.77,1,0.14,Y,8,0,22932,1,1
32,38482,RENT,6.0,MEDICAL,9000,15.31,1,0.23,Y,7,0,22937,1,1
28,45000,RENT,4.0,DEBTCONSOLIDATION,9000,14.65,0,0.2,N,10,1,22938,0,0
31,65000,MORTGAGE,11.0,PERSONAL,5000,10.99,0,0.08,N,5,1,22939,0,0
33,65000,MORTGAGE,1.0,MEDICAL,15000,11.99,0,0.23,N,10,1,22944,0,0
32,46000,RENT,4.0,MEDICAL,9000,7.51,0,0.2,N,9,1,22947,0,0
27,47000,RENT,3.0,EDUCATION,9000,12.98,0,0.19,N,7,1,22949,0,0
32,48000,RENT,3.0,DEBTCONSOLIDATION,9000,13.99,0,0.19,N,8,1,22952,0,0
28,48000,RENT,11.0,MEDICAL,9000,8.59,0,0.19,N,7,1,22955,0,0
27,65000,MORTGAGE,11.0,DEBTCONSOLIDATION,19200,7.49,0,0.3,N,7,1,22957,0,0
28,65000,MORTGAGE,3.0,VENTURE,10000,7.49,0,0.15,N,5,1,22960,0,0
30,51600,RENT,5.0,DEBTCONSOLIDATION,9000,6.54,0,0.17,N,6,1,22968,0,0
27,65000,OWN,6.0,EDUCATION,15000,6.99,0,0.23,N,5,1,22979,0,0
32,65000,OWN,12.0,VENTURE,10000,11.99,0,0.15,N,5,1,22980,0,0
29,65000,MORTGAGE,2.0,DEBTCONSOLIDATION,7000,7.29,0,0.11,N,6,1,22985,0,0
30,65000,MORTGAGE,3.0,PERSONAL,12000,7.66,0,0.18,N,7,1,22988,0,0
34,62000,RENT,2.0,PERSONAL,9100,13.48,0,0.15,N,7,1,22989,0,0
33,43000,RENT,1.0,EDUCATION,9150,13.16,0,0.21,Y,10,0,22992,0,0
29,65000,MORTGAGE,1.0,HOMEIMPROVEMENT,9600,5.79,0,0.15,N,5,1,22997,0,0
28,62000,RENT,3.0,MEDICAL,9200,10.0,0,0.15,N,9,1,23000,0,0
29,73000,RENT,2.0,EDUCATION,9200,7.88,0,0.13,N,5,1,23001,0,0
27,65000,MORTGAGE,0.0,HOMEIMPROVEMENT,22000,14.09,0,0.34,Y,6,0,23002,0,0
30,65000,MORTGAGE,15.0,DEBTCONSOLIDATION,7500,6.17,0,0.12,N,9,1,23006,0,0
29,32000,RENT,10.0,HOMEIMPROVEMENT,9250,15.65,1,0.29,N,7,1,23015,1,1
35,34000,RENT,1.0,PERSONAL,9250,10.59,1,0.27,N,10,1,23018,1,1
32,65000,MORTGAGE,12.0,VENTURE,12000,7.88,0,0.18,N,5,1,23024,0,0
27,65000,MORTGAGE,11.0,PERSONAL,18000,7.51,0,0.28,N,8,1,23028,0,0
29,65000,MORTGAGE,13.0,EDUCATION,10000,15.33,0,0.15,Y,6,0,23034,0,0
33,65000,MORTGAGE,3.0,DEBTCONSOLIDATION,2000,7.88,0,0.03,N,7,1,23036,0,0
32,28800,RENT,7.0,PERSONAL,9450,14.27,1,0.33,Y,10,0,23038,1,1
31,95000,RENT,0.0,PERSONAL,9450,6.54,0,0.1,N,6,1,23046,0,0
27,65000,MORTGAGE,2.0,DEBTCONSOLIDATION,10000,12.53,0,0.15,N,7,1,23048,0,0
29,65000,MORTGAGE,13.0,PERSONAL,16000,12.87,0,0.25,Y,10,0,23056,0,0
35,65000,MORTGAGE,5.0,DEBTCONSOLIDATION,25000,9.51,0,0.38,N,10,1,23073,0,0
28,65004,MORTGAGE,7.0,MEDICAL,9000,5.99,0,0.14,N,5,1,23080,0,0
27,65004,OWN,1.0,HOMEIMPROVEMENT,12000,12.09,0,0.18,N,7,1,23090,0,0
31,65200,MORTGAGE,7.0,PERSONAL,7000,8.0,0,0.11,N,8,1,23094,0,0
29,53000,RENT,7.0,VENTURE,9600,12.73,0,0.18,N,5,1,23113,0,0
35,66000,MORTGAGE,6.0,DEBTCONSOLIDATION,9100,12.42,0,0.14,N,7,1,23114,0,0
29,58327,RENT,4.0,VENTURE,9600,11.48,0,0.16,N,5,1,23115,0,0
30,65000,RENT,11.0,PERSONAL,9600,12.42,0,0.15,N,10,1,23127,0,0
28,60000,MORTGAGE,2.0,HOMEIMPROVEMENT,6500,5.79,1,0.11,N,6,1,23129,1,0
30,66000,MORTGAGE,0.0,DEBTCONSOLIDATION,11200,9.32,0,0.17,N,9,1,23141,0,0
29,66352,MORTGAGE,5.0,HOMEIMPROVEMENT,7000,7.88,0,0.11,N,5,1,23149,0,0
28,120000,RENT,12.0,MEDICAL,9600,8.0,0,0.08,N,7,1,23153,0,0
30,88000,RENT,3.0,HOMEIMPROVEMENT,9700,10.99,0,0.11,N,5,1,23162,0,0
27,27000,RENT,2.0,MEDICAL,9750,9.63,1,0.36,N,6,1,23166,1,1
27,67000,MORTGAGE,1.0,PERSONAL,4200,10.99,0,0.06,N,5,1,23182,0,0
32,52020,MORTGAGE,5.0,MEDICAL,15000,11.03,1,0.25,N,6,1,23210,1,0
30,67642,MORTGAGE,5.0,PERSONAL,17000,11.58,0,0.25,N,6,1,23219,0,0
29,67992,MORTGAGE,0.0,HOMEIMPROVEMENT,2000,7.43,0,0.03,N,7,1,23222,0,0
33,68000,MORTGAGE,15.0,PERSONAL,18000,7.9,0,0.26,N,10,1,23231,0,0
29,68000,MORTGAGE,11.0,EDUCATION,4000,5.99,0,0.06,N,5,1,23240,0,0
27,30000,RENT,0.0,PERSONAL,10000,15.31,1,0.33,N,7,1,23249,1,1
33,30000,RENT,11.0,MEDICAL,10000,11.03,1,0.33,N,6,1,23256,1,1
28,68000,MORTGAGE,12.0,VENTURE,3250,13.23,0,0.05,N,7,1,23257,0,0
29,68000,MORTGAGE,9.0,MEDICAL,3000,12.73,0,0.04,N,9,1,23261,0,0
34,68000,MORTGAGE,1.0,EDUCATION,15000,11.78,0,0.22,N,5,1,23271,0,0
27,31200,RENT,4.0,MEDICAL,10000,8.0,1,0.32,N,9,1,23273,1,1
31,68004,MORTGAGE,15.0,MEDICAL,6000,10.95,0,0.09,N,9,1,23278,0,0
34,68340,MORTGAGE,9.0,HOMEIMPROVEMENT,25000,10.99,0,0.37,N,10,1,23280,0,0
28,34000,RENT,4.0,PERSONAL,10000,14.74,0,0.29,N,9,1,23297,0,0
28,69000,MORTGAGE,9.0,MEDICAL,4000,9.91,0,0.06,N,6,1,23302,0,0
33,69000,MORTGAGE,7.0,HOMEIMPROVEMENT,4000,5.99,0,0.06,N,7,1,23305,0,0
27,35000,RENT,5.0,VENTURE,10000,13.48,0,0.29,N,10,1,23309,0,0
30,35000,RENT,5.0,MEDICAL,10000,12.21,0,0.29,N,6,1,23315,0,0
29,69000,MORTGAGE,5.0,HOMEIMPROVEMENT,14000,7.51,0,0.2,N,5,1,23316,0,1
28,69000,MORTGAGE,12.0,DEBTCONSOLIDATION,10000,9.88,0,0.14,N,8,1,23323,0,0
31,36000,RENT,3.0,PERSONAL,10000,10.65,0,0.28,N,5,1,23329,0,0
27,69592,MORTGAGE,4.0,MEDICAL,6500,10.74,0,0.09,N,10,1,23337,0,0
33,69930,MORTGAGE,5.0,DEBTCONSOLIDATION,6300,7.14,0,0.09,N,10,1,23346,0,0
33,69996,MORTGAGE,11.0,MEDICAL,3200,9.99,0,0.05,N,8,1,23349,0,0
30,69996,OWN,14.0,VENTURE,6000,14.26,0,0.09,N,8,1,23356,0,0
30,70000,MORTGAGE,6.0,HOMEIMPROVEMENT,18000,10.99,0,0.26,N,7,1,23366,0,0
27,70000,MORTGAGE,9.0,EDUCATION,16000,7.9,0,0.23,N,7,1,23370,0,0
30,70000,MORTGAGE,9.0,MEDICAL,7000,8.9,0,0.1,N,9,1,23374,0,0
28,70000,MORTGAGE,7.0,EDUCATION,8000,6.62,0,0.11,N,5,1,23378,0,0
27,70000,MORTGAGE,1.0,DEBTCONSOLIDATION,5500,13.49,0,0.08,Y,10,0,23389,0,0
28,70000,MORTGAGE,4.0,DEBTCONSOLIDATION,5000,11.71,0,0.07,N,8,1,23392,0,0
27,34000,RENT,3.0,VENTURE,10000,13.49,1,0.29,N,10,1,23400,1,1
27,54400,MORTGAGE,11.0,MEDICAL,3000,10.99,1,0.05,Y,5,0,23407,1,0
27,40000,RENT,10.0,DEBTCONSOLIDATION,10000,11.36,0,0.25,N,5,1,23413,0,0
29,70000,MORTGAGE,13.0,MEDICAL,10000,6.99,0,0.14,N,5,1,23414,0,0
29,70000,MORTGAGE,9.0,DEBTCONSOLIDATION,8500,11.14,0,0.12,N,10,1,23422,0,0
27,70000,MORTGAGE,0.0,MEDICAL,33000,10.99,0,0.47,N,7,1,23423,0,0
29,70000,MORTGAGE,12.0,HOMEIMPROVEMENT,7000,7.66,0,0.1,N,10,1,23431,0,0
29,70000,MORTGAGE,5.0,DEBTCONSOLIDATION,3000,9.63,0,0.04,N,9,1,23432,0,0
34,70000,MORTGAGE,5.0,VENTURE,6000,10.99,0,0.09,N,6,1,23433,0,0
27,70000,MORTGAGE,11.0,DEBTCONSOLIDATION,25000,7.66,0,0.36,N,5,1,23436,0,0
27,42000,RENT,1.0,EDUCATION,10000,10.99,0,0.24,N,8,1,23441,0,0
28,42500,RENT,2.0,DEBTCONSOLIDATION,10000,7.88,0,0.24,N,6,1,23443,0,0
27,43080,RENT,7.0,PERSONAL,10000,13.98,0,0.23,N,9,1,23452,0,0
30,70000,MORTGAGE,6.0,HOMEIMPROVEMENT,10200,6.91,0,0.15,N,8,1,23460,0,0
33,70000,MORTGAGE,0.0,HOMEIMPROVEMENT,14000,12.61,0,0.2,Y,10,0,23463,0,0
28,45000,RENT,1.0,DEBTCONSOLIDATION,10000,9.91,0,0.22,N,6,1,23473,0,0
29,70000,MORTGAGE,7.0,MEDICAL,4000,11.86,0,0.06,N,5,1,23477,0,0
31,70000,MORTGAGE,3.0,PERSONAL,8000,7.88,0,0.11,N,5,1,23479,0,0
27,45000,RENT,1.0,EDUCATION,10000,10.99,0,0.22,N,9,1,23480,0,0
35,70000,OWN,6.0,VENTURE,17000,9.88,0,0.24,N,6,1,23496,0,0
30,45000,RENT,4.0,VENTURE,10000,13.36,0,0.22,N,9,1,23497,0,0
34,52800,RENT,2.0,DEBTCONSOLIDATION,4325,10.75,0,0.08,N,5,1,23502,0,0
33,70000,MORTGAGE,0.0,DEBTCONSOLIDATION,3000,13.57,0,0.04,Y,9,0,23503,0,0
30,39600,RENT,4.0,DEBTCONSOLIDATION,10000,20.89,1,0.25,Y,10,0,23512,1,1
31,46000,RENT,0.0,MEDICAL,10000,7.51,0,0.22,N,7,1,23520,0,0
28,33600,RENT,12.0,EDUCATION,4200,10.0,0,0.13,N,5,1,23532,0,0
28,40000,RENT,2.0,VENTURE,4200,7.51,0,0.1,N,5,1,23540,0,0
32,70197,MORTGAGE,9.0,DEBTCONSOLIDATION,4100,7.51,0,0.06,N,6,1,23541,0,0
30,48500,RENT,0.0,MEDICAL,4200,11.48,0,0.09,N,7,1,23553,0,0
28,70900,MORTGAGE,12.0,EDUCATION,25000,15.37,0,0.35,Y,6,0,23558,0,0
29,71000,MORTGAGE,4.0,HOMEIMPROVEMENT,11000,13.43,0,0.15,Y,6,0,23571,0,0
32,65000,RENT,2.0,VENTURE,4200,14.79,0,0.06,N,10,1,23575,0,0
33,71000,MORTGAGE,11.0,PERSONAL,6000,14.72,0,0.08,Y,7,0,23577,0,0
29,71000,MORTGAGE,4.0,DEBTCONSOLIDATION,4000,7.14,0,0.06,N,9,1,23578,0,0
27,53550,RENT,3.0,MEDICAL,4200,11.99,1,0.07,N,8,1,23579,1,1
34,59000,RENT,0.0,EDUCATION,4100,14.91,1,0.07,N,10,1,23588,1,1
34,55000,RENT,5.0,EDUCATION,4050,10.99,0,0.07,N,9,1,23591,0,0
27,71700,MORTGAGE,11.0,HOMEIMPROVEMENT,9000,13.8,0,0.13,N,5,1,23597,0,0
27,71738,MORTGAGE,4.0,EDUCATION,11500,9.63,0,0.16,N,9,1,23598,0,0
28,41500,RENT,4.0,DEBTCONSOLIDATION,10000,10.99,1,0.24,Y,6,0,23604,1,0
34,72000,MORTGAGE,8.0,HOMEIMPROVEMENT,10000,13.49,0,0.14,Y,8,0,23607,0,0
34,72000,MORTGAGE,11.0,VENTURE,5800,10.99,0,0.08,N,9,1,23614,0,0
27,72000,MORTGAGE,11.0,EDUCATION,15000,10.99,0,0.21,N,5,1,23619,0,0
35,72000,MORTGAGE,3.0,HOMEIMPROVEMENT,12800,6.62,0,0.18,N,5,1,23626,0,0
27,48000,RENT,0.0,MEDICAL,10000,10.62,0,0.21,N,6,1,23628,0,0
27,72000,MORTGAGE,3.0,DEBTCONSOLIDATION,15000,5.42,0,0.21,N,5,1,23630,0,0
29,72000,MORTGAGE,6.0,EDUCATION,10800,6.99,0,0.15,N,8,1,23635,0,0
27,72000,MORTGAGE,11.0,MEDICAL,9500,13.99,0,0.13,N,6,1,23637,0,0
31,72000,OWN,6.0,EDUCATION,16000,10.99,0,0.22,N,7,1,23638,0,0
27,72000,OWN,2.0,EDUCATION,12000,9.99,0,0.17,N,9,1,23639,0,0
27,72000,MORTGAGE,11.0,MEDICAL,6150,10.99,0,0.09,N,5,1,23643,0,0
30,72000,MORTGAGE,4.0,VENTURE,6000,11.99,0,0.08,N,10,1,23654,0,0
27,72000,MORTGAGE,6.0,EDUCATION,6000,5.42,0,0.08,N,10,1,23661,0,0
30,72000,MORTGAGE,7.0,EDUCATION,9600,14.17,0,0.13,N,5,1,23662,0,0
27,72000,MORTGAGE,2.0,EDUCATION,2600,9.25,0,0.04,N,7,1,23670,0,0
30,50000,RENT,6.0,MEDICAL,10000,10.99,0,0.2,N,5,1,23673,0,0
28,72000,MORTGAGE,12.0,PERSONAL,16000,15.95,0,0.22,N,5,1,23676,0,0
27,72000,MORTGAGE,4.0,DEBTCONSOLIDATION,24000,10.99,0,0.33,N,9,1,23677,0,0
27,44004,RENT,4.0,DEBTCONSOLIDATION,10000,10.99,1,0.23,Y,10,0,23687,1,1
29,44004,RENT,7.0,PERSONAL,10000,15.33,1,0.23,Y,8,0,23689,1,0
35,72000,MORTGAGE,2.0,DEBTCONSOLIDATION,10750,7.51,0,0.15,N,9,1,23690,0,0
32,50911,RENT,7.0,PERSONAL,10000,13.06,0,0.2,N,7,1,23695,0,0
28,72000,MORTGAGE,12.0,VENTURE,15000,8.94,0,0.21,N,9,1,23702,0,0
28,72000,MORTGAGE,3.0,HOMEIMPROVEMENT,10000,10.95,0,0.14,N,7,1,23709,0,0
27,72000,MORTGAGE,8.0,VENTURE,15250,13.16,0,0.21,Y,5,0,23712,0,0
31,52000,RENT,4.0,VENTURE,10000,11.83,0,0.19,N,7,1,23719,0,0
29,52000,RENT,9.0,PERSONAL,10000,8.0,0,0.19,N,8,1,23720,0,0
27,53000,RENT,7.0,EDUCATION,10000,10.25,0,0.19,N,5,1,23725,0,0
28,53000,RENT,2.0,MEDICAL,10000,11.89,0,0.19,N,6,1,23727,0,0
33,54000,RENT,13.0,VENTURE,10000,8.9,0,0.19,N,5,1,23730,0,0
29,72500,MORTGAGE,2.0,MEDICAL,7000,13.79,0,0.1,Y,8,0,23737,0,0
33,54000,RENT,15.0,DEBTCONSOLIDATION,10000,10.99,0,0.19,N,8,1,23738,0,0
29,54996,RENT,1.0,VENTURE,10000,9.99,0,0.18,N,10,1,23739,0,0
27,72900,MORTGAGE,3.0,PERSONAL,10000,15.7,0,0.14,Y,9,0,23744,0,0
34,72960,MORTGAGE,1.0,MEDICAL,11000,12.21,0,0.15,N,8,1,23745,0,0
30,48996,RENT,1.0,HOMEIMPROVEMENT,10000,15.45,1,0.2,N,5,1,23747,1,1
31,73000,MORTGAGE,3.0,HOMEIMPROVEMENT,15000,10.99,0,0.21,N,8,1,23751,0,0
27,73000,MORTGAGE,11.0,PERSONAL,10000,5.79,0,0.14,N,8,1,23759,0,0
34,55000,RENT,0.0,MEDICAL,10000,9.51,0,0.18,N,5,1,23768,0,0
27,55812,RENT,3.0,DEBTCONSOLIDATION,10000,6.54,0,0.18,N,10,1,23770,0,0
35,56000,RENT,5.0,EDUCATION,10000,12.42,0,0.18,N,5,1,23771,0,0
27,73200,MORTGAGE,5.0,PERSONAL,18000,10.99,0,0.25,N,8,1,23780,0,0
34,67392,MORTGAGE,0.0,PERSONAL,15000,13.85,1,0.22,Y,5,0,23783,1,0
34,73600,MORTGAGE,10.0,HOMEIMPROVEMENT,15000,12.42,0,0.2,N,7,1,23791,0,0
29,74000,MORTGAGE,8.0,EDUCATION,25000,11.49,0,0.34,N,6,1,23809,0,0
32,68000,MORTGAGE,6.0,EDUCATION,1000,14.72,1,0.01,Y,9,0,23811,1,0
30,74000,MORTGAGE,14.0,VENTURE,14000,13.92,0,0.19,Y,10,0,23815,0,1
28,54000,RENT,2.0,EDUCATION,10000,16.49,1,0.19,Y,7,0,23819,1,1
29,74004,MORTGAGE,13.0,PERSONAL,13000,11.26,0,0.18,N,6,1,23825,0,0
28,60000,RENT,4.0,EDUCATION,10000,6.54,0,0.17,N,6,1,23829,0,0
29,60000,RENT,5.0,MEDICAL,10000,7.88,0,0.17,N,8,1,23835,0,0
31,74400,MORTGAGE,11.0,VENTURE,13000,7.88,0,0.17,N,10,1,23838,0,0
29,54000,RENT,0.0,PERSONAL,10000,14.96,1,0.19,N,9,1,23841,1,1
34,74700,OWN,10.0,MEDICAL,14000,9.91,0,0.19,N,5,1,23844,0,0
28,74778,MORTGAGE,13.0,PERSONAL,6000,13.98,0,0.08,N,9,1,23846,0,0
27,74800,MORTGAGE,1.0,MEDICAL,21000,10.59,0,0.28,N,7,1,23848,0,0
28,68900,MORTGAGE,1.0,PERSONAL,18000,17.39,1,0.26,N,7,1,23850,1,0
30,75000,OWN,14.0,VENTURE,10000,14.27,0,0.13,Y,6,0,23856,0,0
28,75000,MORTGAGE,2.0,PERSONAL,15000,14.65,0,0.2,Y,7,0,23870,0,0
28,69000,MORTGAGE,4.0,EDUCATION,30000,10.99,1,0.43,Y,9,0,23873,1,0
30,75000,MORTGAGE,3.0,VENTURE,18750,7.9,0,0.25,N,6,1,23875,0,0
30,45200,RENT,0.0,MEDICAL,4000,10.59,0,0.09,N,8,1,23877,0,0
35,75000,MORTGAGE,2.0,PERSONAL,20000,13.49,0,0.27,Y,5,0,23879,0,0
31,62004,RENT,1.0,VENTURE,10000,12.84,0,0.16,N,5,1,23884,0,0
33,75000,MORTGAGE,13.0,MEDICAL,25000,10.65,0,0.33,N,7,1,23890,0,0
29,75000,MORTGAGE,8.0,MEDICAL,4200,5.42,0,0.06,N,9,1,23894,0,0
28,64600,RENT,3.0,PERSONAL,10000,13.48,0,0.15,Y,7,0,23904,0,0
33,75000,MORTGAGE,6.0,DEBTCONSOLIDATION,10000,10.99,0,0.13,N,10,1,23905,0,0
27,66000,RENT,6.0,VENTURE,10000,7.9,0,0.15,N,7,1,23919,0,0
29,75000,MORTGAGE,3.0,EDUCATION,16950,10.37,0,0.23,N,10,1,23927,0,0
28,58650,MORTGAGE,5.0,MEDICAL,20000,14.91,1,0.29,Y,10,0,23931,1,1
30,75000,MORTGAGE,0.0,HOMEIMPROVEMENT,15000,12.98,0,0.2,N,8,1,23945,0,0
32,75000,MORTGAGE,16.0,EDUCATION,5000,12.61,0,0.07,Y,10,0,23955,0,0
30,75000,OWN,0.0,EDUCATION,10000,7.88,0,0.13,N,5,1,23961,0,0
29,75000,MORTGAGE,3.0,PERSONAL,4000,10.75,0,0.05,N,9,1,23964,0,0
31,75000,MORTGAGE,3.0,EDUCATION,12000,10.38,0,0.16,N,10,1,23972,0,0
29,75000,MORTGAGE,11.0,HOMEIMPROVEMENT,4200,10.99,0,0.06,N,6,1,23982,0,0
28,69000,MORTGAGE,5.0,DEBTCONSOLIDATION,25000,19.41,1,0.36,Y,5,0,23983,1,1
33,74520,RENT,4.0,HOMEIMPROVEMENT,10000,16.89,0,0.13,N,10,1,23990,0,0
33,75000,RENT,4.0,HOMEIMPROVEMENT,10000,10.99,0,0.13,N,6,1,23992,0,0
35,75000,OWN,2.0,MEDICAL,25000,10.99,0,0.33,N,7,1,23994,0,0
27,75000,MORTGAGE,5.0,HOMEIMPROVEMENT,8500,17.19,0,0.11,N,5,1,23995,0,0
32,75000,RENT,3.0,HOMEIMPROVEMENT,10000,7.29,0,0.13,N,10,1,23998,0,0
34,58650,MORTGAGE,7.0,MEDICAL,12000,20.17,1,0.17,Y,10,0,24004,1,1
31,75000,MORTGAGE,8.0,VENTURE,15600,11.83,0,0.21,N,5,1,24006,0,0
28,75000,MORTGAGE,10.0,MEDICAL,9800,10.99,0,0.13,N,7,1,24012,0,0
31,60775,RENT,4.0,MEDICAL,10000,16.49,1,0.14,Y,6,0,24015,1,1
29,75000,MORTGAGE,1.0,MEDICAL,12000,9.63,0,0.16,N,6,1,24018,0,0
28,75000,MORTGAGE,5.0,VENTURE,10000,12.21,0,0.13,N,5,1,24023,0,0
28,79200,RENT,6.0,MEDICAL,10000,7.66,0,0.13,N,10,1,24024,0,0
30,69000,MORTGAGE,3.0,HOMEIMPROVEMENT,8500,10.99,1,0.12,N,5,1,24026,1,1
29,69000,MORTGAGE,2.0,HOMEIMPROVEMENT,25000,12.8,1,0.36,Y,5,0,24046,1,1
30,81004,RENT,3.0,VENTURE,10000,6.91,0,0.12,N,9,1,24050,0,0
35,75573,MORTGAGE,9.0,HOMEIMPROVEMENT,22000,9.88,0,0.29,N,8,1,24056,0,0
28,65984,RENT,12.0,MEDICAL,10000,15.33,1,0.13,N,5,1,24060,1,1
30,75689,MORTGAGE,13.0,HOMEIMPROVEMENT,10000,13.48,0,0.13,N,8,1,24062,0,0
27,84996,RENT,12.0,PERSONAL,10000,10.51,0,0.12,N,7,1,24072,0,0
30,76080,MORTGAGE,8.0,HOMEIMPROVEMENT,12000,11.14,0,0.16,N,5,1,24092,0,0
29,76176,MORTGAGE,12.0,MEDICAL,4800,6.99,0,0.06,N,7,1,24093,0,0
29,76200,MORTGAGE,13.0,EDUCATION,20000,6.91,0,0.26,N,7,1,24095,0,0
27,90000,RENT,3.0,DEBTCONSOLIDATION,10000,7.66,0,0.11,N,7,1,24100,0,0
32,90000,RENT,2.0,DEBTCONSOLIDATION,10000,11.12,0,0.11,N,8,1,24103,0,0
27,70800,MORTGAGE,0.0,EDUCATION,20000,21.21,1,0.28,Y,8,0,24109,1,1
28,76992,MORTGAGE,8.0,EDUCATION,1800,12.18,0,0.02,N,8,1,24110,0,0
27,77000,MORTGAGE,12.0,EDUCATION,4900,6.03,0,0.06,N,7,1,24115,0,0
34,95000,RENT,7.0,MEDICAL,10000,9.99,0,0.11,N,6,1,24120,0,0
28,90000,RENT,1.0,PERSONAL,10200,8.9,0,0.11,N,8,1,24137,0,0
31,21000,RENT,15.0,MEDICAL,11000,8.59,1,0.52,N,6,1,24141,1,1
33,78000,MORTGAGE,17.0,MEDICAL,3200,13.49,0,0.04,N,6,1,24152,0,0
28,78000,MORTGAGE,0.0,HOMEIMPROVEMENT,19700,7.9,0,0.25,N,9,1,24155,0,0
28,78000,MORTGAGE,7.0,HOMEIMPROVEMENT,10000,9.91,0,0.13,N,5,1,24156,0,0
28,78000,MORTGAGE,1.0,HOMEIMPROVEMENT,5000,12.99,0,0.06,Y,7,0,24163,0,0
32,78000,MORTGAGE,3.0,DEBTCONSOLIDATION,8000,6.99,0,0.1,N,10,1,24164,0,0
32,50000,RENT,3.0,HOMEIMPROVEMENT,11100,10.59,0,0.22,N,10,1,24168,0,0
30,30809,RENT,1.0,EDUCATION,11200,11.99,1,0.36,N,7,1,24172,1,1
29,34900,RENT,2.0,MEDICAL,11200,9.99,1,0.32,N,10,1,24177,1,1
31,78000,MORTGAGE,6.0,VENTURE,8000,10.0,0,0.1,N,6,1,24185,0,0
28,46739,RENT,0.0,MEDICAL,11200,13.48,0,0.24,N,8,1,24192,0,0
32,78000,MORTGAGE,5.0,DEBTCONSOLIDATION,5400,7.88,0,0.07,N,6,1,24197,0,0
29,60000,RENT,2.0,VENTURE,11200,14.22,0,0.19,Y,10,0,24202,0,0
27,78000,OWN,2.0,PERSONAL,15000,8.94,0,0.19,N,7,1,24206,0,0
32,78096,MORTGAGE,4.0,EDUCATION,10000,10.99,0,0.13,N,5,1,24216,0,0
32,78400,MORTGAGE,2.0,EDUCATION,1200,10.0,0,0.02,N,5,1,24223,0,0
27,101000,RENT,2.0,DEBTCONSOLIDATION,11200,10.99,0,0.11,N,6,1,24228,0,0
28,78996,MORTGAGE,10.0,HOMEIMPROVEMENT,12000,13.16,0,0.15,Y,5,0,24234,0,0
31,35000,RENT,1.0,VENTURE,11400,6.91,1,0.33,N,8,1,24237,1,1
31,79000,MORTGAGE,14.0,DEBTCONSOLIDATION,20000,13.49,0,0.25,N,6,1,24239,0,0
28,79000,MORTGAGE,4.0,VENTURE,2000,16.0,0,0.03,Y,10,0,24249,0,0
33,79440,MORTGAGE,12.0,MEDICAL,5525,13.85,0,0.07,Y,9,0,24263,0,0
27,34928,RENT,1.0,HOMEIMPROVEMENT,11500,16.0,1,0.33,N,5,1,24268,1,1
32,40000,OWN,2.0,VENTURE,7000,12.68,0,0.17,Y,10,0,24270,0,0
27,38500,RENT,0.0,DEBTCONSOLIDATION,11500,12.42,0,0.3,N,9,1,24273,0,0
28,40000,OWN,2.0,VENTURE,5000,10.0,0,0.13,N,5,1,24279,0,0
28,79995,OWN,3.0,PERSONAL,15000,10.99,0,0.19,N,10,1,24280,0,0
34,74000,MORTGAGE,13.0,VENTURE,10000,15.96,1,0.14,Y,10,0,24291,1,0
29,80000,MORTGAGE,13.0,EDUCATION,10000,7.9,0,0.13,N,9,1,24296,0,0
33,30000,RENT,3.0,DEBTCONSOLIDATION,11975,9.99,1,0.4,N,8,1,24303,1,1
27,80000,MORTGAGE,7.0,DEBTCONSOLIDATION,7400,12.69,0,0.09,N,7,1,24307,0,0
32,80000,MORTGAGE,15.0,VENTURE,12000,5.99,0,0.15,N,8,1,24308,0,0
34,25200,RENT,6.0,PERSONAL,12000,13.48,1,0.48,N,10,1,24317,1,1
28,28080,RENT,0.0,DEBTCONSOLIDATION,12000,7.88,1,0.43,N,5,1,24328,1,1
30,80000,MORTGAGE,1.0,EDUCATION,4975,10.59,0,0.06,N,9,1,24339,0,0
34,30412,RENT,4.0,MEDICAL,12000,10.38,1,0.39,N,5,1,24342,1,1
31,80000,MORTGAGE,4.0,HOMEIMPROVEMENT,16000,13.8,0,0.2,N,9,1,24347,0,0
31,80000,MORTGAGE,6.0,EDUCATION,12750,7.29,0,0.16,N,10,1,24349,0,0
31,80000,MORTGAGE,10.0,MEDICAL,10000,10.99,0,0.13,N,5,1,24353,0,0
28,33280,RENT,6.0,PERSONAL,12000,7.66,1,0.36,N,9,1,24360,1,1
28,80000,OWN,1.0,MEDICAL,3000,6.54,0,0.04,N,9,1,24367,0,0
28,80000,MORTGAGE,8.0,EDUCATION,9600,7.51,0,0.12,N,6,1,24377,0,0
29,36000,RENT,13.0,MEDICAL,12000,7.49,1,0.33,N,10,1,24381,1,1
29,36000,RENT,6.0,VENTURE,12000,7.49,1,0.33,N,7,1,24382,1,1
27,80000,MORTGAGE,4.0,DEBTCONSOLIDATION,24000,11.12,0,0.3,N,10,1,24385,0,0
29,36000,RENT,1.0,DEBTCONSOLIDATION,12000,12.21,1,0.33,N,9,1,24388,1,1
30,36400,RENT,2.0,MEDICAL,12000,10.65,1,0.33,N,9,1,24389,1,1
28,36888,RENT,5.0,MEDICAL,12000,10.99,1,0.33,Y,7,0,24390,1,1
28,80000,MORTGAGE,13.0,PERSONAL,21000,11.36,0,0.26,N,7,1,24391,0,0
30,37500,RENT,5.0,EDUCATION,12000,10.99,1,0.32,N,6,1,24397,1,1
28,38500,RENT,2.0,PERSONAL,12000,10.75,1,0.31,N,5,1,24414,1,1
27,80000,OWN,2.0,PERSONAL,9000,12.21,0,0.11,N,8,1,24420,0,0
32,62900,MORTGAGE,5.0,MEDICAL,2750,10.99,1,0.04,Y,7,0,24422,1,1
31,80000,MORTGAGE,0.0,MEDICAL,15000,10.95,0,0.19,N,8,1,24424,0,0
28,74000,MORTGAGE,6.0,VENTURE,7000,15.38,1,0.09,N,9,1,24428,1,1
27,40000,RENT,8.0,MEDICAL,12000,10.37,0,0.3,N,9,1,24438,0,0
32,34310,RENT,2.0,VENTURE,12000,14.96,1,0.35,Y,8,0,24448,1,1
29,41004,RENT,6.0,PERSONAL,12000,10.0,0,0.29,N,7,1,24452,0,0
27,36000,RENT,2.0,DEBTCONSOLIDATION,12000,14.09,1,0.33,Y,10,0,24463,1,1
35,81000,MORTGAGE,15.0,DEBTCONSOLIDATION,5400,10.99,0,0.07,N,5,1,24470,0,0
28,81000,MORTGAGE,11.0,HOMEIMPROVEMENT,6000,6.17,0,0.07,N,10,1,24478,0,0
34,39000,OWN,5.0,HOMEIMPROVEMENT,12000,11.99,0,0.31,N,6,1,24479,0,0
29,37000,RENT,4.0,HOMEIMPROVEMENT,12000,9.63,1,0.32,N,7,1,24480,1,1
31,81000,MORTGAGE,15.0,HOMEIMPROVEMENT,7200,9.63,0,0.09,N,8,1,24482,0,0
32,81204,MORTGAGE,6.0,EDUCATION,3600,7.88,0,0.04,N,9,1,24492,0,0
34,45000,RENT,17.0,VENTURE,12000,6.03,0,0.27,N,9,1,24493,0,0
29,75840,OWN,5.0,HOMEIMPROVEMENT,25000,21.27,1,0.33,N,6,1,24499,1,1
32,45000,RENT,9.0,MEDICAL,12000,7.88,0,0.27,N,6,1,24501,0,0
33,82000,MORTGAGE,2.0,EDUCATION,6000,7.51,0,0.07,N,10,1,24510,0,0
29,82000,MORTGAGE,5.0,MEDICAL,20000,10.99,0,0.24,N,7,1,24513,0,0
32,82000,MORTGAGE,4.0,EDUCATION,8000,16.89,0,0.1,N,8,1,24517,0,0
27,82000,MORTGAGE,0.0,VENTURE,14000,10.0,0,0.17,N,7,1,24521,0,0
31,82000,MORTGAGE,4.0,EDUCATION,10000,7.29,0,0.12,N,5,1,24523,0,0
28,82000,MORTGAGE,0.0,VENTURE,15000,12.98,0,0.18,Y,8,0,24526,0,0
31,47700,RENT,2.0,MEDICAL,12000,11.99,0,0.25,N,5,1,24531,0,0
27,48000,RENT,5.0,VENTURE,12000,11.71,0,0.25,N,6,1,24534,0,0
28,60000,RENT,2.0,VENTURE,12000,9.91,0,0.2,N,10,1,24540,0,0
31,82116,MORTGAGE,12.0,HOMEIMPROVEMENT,2800,12.68,0,0.03,Y,9,0,24541,0,0
30,60000,RENT,0.0,PERSONAL,12000,11.71,0,0.2,N,9,1,24542,0,0
29,60000,RENT,7.0,MEDICAL,12000,9.91,0,0.2,N,7,1,24545,0,0
27,60000,RENT,0.0,VENTURE,12000,13.49,0,0.2,Y,6,0,24547,0,0
30,60000,RENT,5.0,PERSONAL,12000,10.99,0,0.2,N,7,1,24551,0,0
30,60000,RENT,1.0,HOMEIMPROVEMENT,12000,13.84,0,0.2,Y,7,0,24553,0,0
31,60000,RENT,5.0,HOMEIMPROVEMENT,12000,7.49,0,0.2,N,10,1,24554,0,0
28,60000,RENT,3.0,PERSONAL,12000,6.17,0,0.2,N,6,1,24559,0,0
28,82800,MORTGAGE,10.0,VENTURE,18000,10.99,0,0.22,N,7,1,24560,0,0
28,54000,RENT,2.0,MEDICAL,12000,15.31,1,0.22,N,7,1,24567,1,1
28,60000,RENT,2.0,PERSONAL,12000,12.18,0,0.2,N,10,1,24568,0,0
27,83000,MORTGAGE,11.0,VENTURE,2500,13.99,0,0.03,Y,8,0,24571,0,0
32,83000,MORTGAGE,1.0,EDUCATION,10000,8.0,0,0.12,N,5,1,24579,0,0
30,61000,RENT,4.0,EDUCATION,12000,6.92,0,0.2,N,9,1,24580,0,0
35,83004,MORTGAGE,6.0,HOMEIMPROVEMENT,15000,10.99,0,0.18,N,7,1,24582,0,0
35,25000,RENT,0.0,VENTURE,3000,15.33,1,0.12,N,8,1,24597,1,1
34,25000,RENT,3.0,VENTURE,3000,7.4,0,0.12,N,8,1,24598,0,0
27,26208,RENT,0.0,EDUCATION,3000,13.98,0,0.11,N,10,1,24607,0,0
31,84000,MORTGAGE,0.0,PERSONAL,7000,7.9,0,0.08,N,6,1,24609,0,0
33,84000,MORTGAGE,17.0,VENTURE,20000,5.99,0,0.24,N,8,1,24612,0,0
34,84000,MORTGAGE,6.0,EDUCATION,2400,7.49,0,0.03,N,6,1,24614,0,0
29,84000,MORTGAGE,11.0,MEDICAL,15000,6.99,0,0.18,N,7,1,24615,0,0
28,84000,MORTGAGE,12.0,MEDICAL,20500,10.0,0,0.24,N,5,1,24628,0,0
29,84000,OWN,13.0,PERSONAL,6000,5.42,0,0.07,N,5,1,24629,0,0
28,62000,RENT,0.0,VENTURE,12000,10.65,0,0.19,N,8,1,24635,0,0
33,66300,MORTGAGE,3.0,MEDICAL,22000,14.59,1,0.28,N,8,1,24640,1,1
27,62400,RENT,5.0,MEDICAL,12000,12.42,0,0.19,N,6,1,24646,0,0
27,84780,MORTGAGE,5.0,VENTURE,18000,7.51,0,0.21,N,10,1,24663,0,0
27,84906,MORTGAGE,11.0,DEBTCONSOLIDATION,4500,7.51,0,0.05,N,10,1,24666,0,0
34,65000,RENT,2.0,DEBTCONSOLIDATION,12000,7.49,0,0.18,N,7,1,24674,0,0
31,68000,RENT,4.0,DEBTCONSOLIDATION,12000,7.66,0,0.18,N,8,1,24683,0,0
31,68000,RENT,0.0,MEDICAL,12000,10.99,0,0.18,N,6,1,24684,0,0
27,85000,MORTGAGE,12.0,VENTURE,3800,6.03,0,0.04,N,6,1,24692,0,0
28,85000,MORTGAGE,0.0,EDUCATION,24000,19.03,0,0.28,N,7,1,24693,0,1
27,85000,MORTGAGE,11.0,EDUCATION,12000,6.62,0,0.14,N,10,1,24694,0,0
28,72000,RENT,4.0,VENTURE,12000,13.49,0,0.17,Y,6,0,24706,0,0
34,85000,MORTGAGE,6.0,HOMEIMPROVEMENT,24000,11.49,0,0.28,N,7,1,24711,0,0
32,85000,MORTGAGE,3.0,VENTURE,8000,18.79,0,0.09,Y,5,0,24721,0,0
27,85000,MORTGAGE,11.0,PERSONAL,10000,7.49,0,0.12,N,8,1,24724,0,0
34,73000,MORTGAGE,6.0,PERSONAL,7500,15.99,1,0.1,Y,5,0,24725,1,1
30,85000,MORTGAGE,0.0,HOMEIMPROVEMENT,18000,13.06,0,0.21,N,5,1,24732,0,0
28,41000,RENT,0.0,VENTURE,3000,11.11,0,0.07,N,6,1,24733,0,0
32,41000,RENT,17.0,MEDICAL,3000,10.99,0,0.07,Y,7,0,24735,0,0
31,85000,MORTGAGE,15.0,PERSONAL,4500,6.54,0,0.05,N,6,1,24739,0,0
27,36000,RENT,4.0,HOMEIMPROVEMENT,3000,15.62,1,0.08,N,7,1,24742,1,1
35,36000,RENT,2.0,PERSONAL,3000,10.99,1,0.08,N,10,1,24743,1,0
27,37000,OWN,1.0,VENTURE,16750,15.33,0,0.45,Y,10,0,24748,0,0
33,62050,MORTGAGE,17.0,MEDICAL,20000,10.99,1,0.27,Y,8,0,24755,1,1
31,73000,MORTGAGE,4.0,HOMEIMPROVEMENT,16000,19.41,1,0.22,Y,6,0,24757,1,0
33,75000,RENT,0.0,MEDICAL,12000,7.88,0,0.16,N,10,1,24772,0,0
35,69000,RENT,1.0,EDUCATION,12000,11.26,1,0.17,N,5,1,24775,1,0
35,85000,MORTGAGE,0.0,EDUCATION,20000,12.21,0,0.24,N,10,1,24778,0,0
31,85000,OTHER,4.0,HOMEIMPROVEMENT,16000,11.89,0,0.19,N,10,1,24779,0,0
28,36400,OWN,3.0,PERSONAL,7000,11.11,0,0.19,N,9,1,24786,0,0
29,86000,MORTGAGE,5.0,PERSONAL,14000,14.27,0,0.16,N,9,1,24801,0,0
31,80400,RENT,0.0,DEBTCONSOLIDATION,12000,7.29,0,0.15,N,10,1,24806,0,0
28,86000,MORTGAGE,12.0,PERSONAL,15600,5.99,0,0.18,N,7,1,24807,0,0
33,86000,MORTGAGE,5.0,VENTURE,15000,16.49,0,0.17,Y,9,0,24808,0,0
29,86000,MORTGAGE,9.0,DEBTCONSOLIDATION,8400,10.99,0,0.1,N,10,1,24810,0,0
29,86400,MORTGAGE,12.0,PERSONAL,8000,12.99,0,0.09,N,8,1,24830,0,0
30,86706,MORTGAGE,6.0,MEDICAL,8500,6.62,0,0.1,N,10,1,24839,0,0
32,86800,MORTGAGE,6.0,HOMEIMPROVEMENT,2800,7.88,0,0.03,N,9,1,24840,0,0
28,75000,MORTGAGE,11.0,PERSONAL,3000,7.9,1,0.04,N,8,1,24844,1,0
27,86000,RENT,4.0,EDUCATION,12000,7.51,0,0.14,N,8,1,24847,0,0
28,36000,OWN,0.0,EDUCATION,2350,12.99,0,0.07,Y,5,0,24850,0,0
30,36000,OWN,14.0,HOMEIMPROVEMENT,4000,13.49,0,0.11,N,10,1,24851,0,0
31,36000,OWN,15.0,VENTURE,5000,6.99,0,0.14,N,9,1,24854,0,0
31,87000,OWN,7.0,HOMEIMPROVEMENT,15000,13.11,0,0.17,Y,8,0,24856,0,0
29,87000,MORTGAGE,6.0,VENTURE,4800,8.94,0,0.06,N,5,1,24859,0,0
32,89000,RENT,0.0,MEDICAL,12000,8.94,0,0.13,N,6,1,24864,0,0
34,87600,MORTGAGE,15.0,EDUCATION,15000,8.49,0,0.17,N,6,1,24876,0,0
31,76000,MORTGAGE,9.0,EDUCATION,12000,15.96,1,0.16,N,5,1,24884,1,0
29,90444,RENT,13.0,MEDICAL,12000,7.14,0,0.13,N,8,1,24888,0,0
29,76000,MORTGAGE,4.0,HOMEIMPROVEMENT,20000,10.99,1,0.26,Y,8,0,24895,1,0
28,76000,MORTGAGE,12.0,HOMEIMPROVEMENT,5000,8.94,1,0.07,N,5,1,24898,1,0
31,95004,RENT,1.0,DEBTCONSOLIDATION,12000,10.75,0,0.13,N,5,1,24899,0,0
31,88000,MORTGAGE,10.0,DEBTCONSOLIDATION,7000,9.2,0,0.08,N,10,1,24902,0,0
35,100000,RENT,3.0,PERSONAL,12000,7.88,0,0.12,N,6,1,24909,0,0
30,89000,MORTGAGE,3.0,PERSONAL,10800,11.99,0,0.12,N,8,1,24915,0,0
32,77000,MORTGAGE,14.0,DEBTCONSOLIDATION,23000,11.49,1,0.3,N,6,1,24919,1,1
34,77000,MORTGAGE,18.0,EDUCATION,15000,11.14,1,0.19,N,6,1,24921,1,0
27,77000,MORTGAGE,0.0,EDUCATION,15000,17.74,1,0.19,Y,6,0,24922,1,1
33,110000,RENT,3.0,HOMEIMPROVEMENT,12000,10.65,0,0.11,N,5,1,24924,0,0
30,110000,RENT,8.0,HOMEIMPROVEMENT,12000,12.18,0,0.11,N,7,1,24927,0,0
30,111996,RENT,1.0,DEBTCONSOLIDATION,12000,7.49,0,0.11,N,6,1,24929,0,0
29,89520,OWN,13.0,MEDICAL,8000,13.23,0,0.09,N,10,1,24932,0,0
32,113000,RENT,5.0,HOMEIMPROVEMENT,12000,16.29,1,0.11,N,5,1,24943,1,0
32,117000,RENT,0.0,PERSONAL,12000,17.93,1,0.1,Y,10,0,24947,1,1
27,130000,RENT,11.0,EDUCATION,12000,15.23,0,0.09,Y,10,0,24953,0,0
31,100300,RENT,1.0,MEDICAL,12000,14.91,1,0.1,Y,7,0,24954,1,1
35,130000,RENT,17.0,EDUCATION,12000,10.75,0,0.09,N,6,1,24955,0,0
30,90000,MORTGAGE,2.0,HOMEIMPROVEMENT,7000,11.71,0,0.08,N,10,1,24958,0,0
34,150000,RENT,5.0,HOMEIMPROVEMENT,12000,10.59,0,0.08,N,9,1,24963,0,0
27,90000,MORTGAGE,12.0,EDUCATION,20000,10.99,0,0.22,N,6,1,24978,0,0
28,90000,MORTGAGE,12.0,HOMEIMPROVEMENT,5000,14.79,0,0.06,Y,8,0,24979,0,0
29,90000,MORTGAGE,3.0,EDUCATION,15000,6.99,0,0.17,N,8,1,24987,0,0
35,90000,MORTGAGE,8.0,EDUCATION,4800,9.99,0,0.05,N,5,1,24988,0,0
34,90000,MORTGAGE,3.0,MEDICAL,7500,15.23,0,0.08,Y,8,0,24993,0,0
28,42000,RENT,9.0,MEDICAL,12250,14.59,1,0.29,N,10,1,24994,1,1
27,90000,MORTGAGE,5.0,HOMEIMPROVEMENT,15000,7.49,0,0.17,N,5,1,24997,0,0
28,78000,MORTGAGE,4.0,VENTURE,10000,15.99,1,0.13,Y,7,0,24998,1,0
32,65000,RENT,16.0,DEBTCONSOLIDATION,12400,13.49,0,0.19,Y,6,0,25013,0,0
27,35000,RENT,11.0,MEDICAL,12500,15.65,1,0.36,Y,8,0,25016,1,1
33,90000,MORTGAGE,4.0,DEBTCONSOLIDATION,12000,12.98,0,0.13,N,6,1,25018,0,0
28,90000,MORTGAGE,5.0,VENTURE,25000,11.86,0,0.28,N,6,1,25029,0,0
34,90000,MORTGAGE,19.0,DEBTCONSOLIDATION,5000,13.61,0,0.06,N,7,1,25031,0,0
28,45000,RENT,3.0,EDUCATION,2800,10.99,0,0.06,N,8,1,25033,0,0
28,78000,MORTGAGE,4.0,HOMEIMPROVEMENT,24000,10.25,1,0.31,N,8,1,25045,1,0
34,35000,OWN,2.0,EDUCATION,2000,13.99,0,0.06,N,8,1,25054,0,0
27,67000,RENT,1.0,DEBTCONSOLIDATION,2800,13.04,0,0.04,N,10,1,25055,0,0
33,90000,MORTGAGE,0.0,HOMEIMPROVEMENT,8000,12.53,0,0.09,N,7,1,25057,0,0
31,78000,MORTGAGE,1.0,HOMEIMPROVEMENT,20000,14.26,1,0.26,Y,10,0,25070,1,1
35,18200,RENT,4.0,MEDICAL,2725,10.99,0,0.15,N,8,1,25072,0,1
29,52000,RENT,2.0,EDUCATION,2725,11.66,0,0.05,N,8,1,25075,0,0
30,15000,RENT,6.0,EDUCATION,2700,12.69,1,0.18,N,5,1,25077,1,1
32,90000,MORTGAGE,8.0,HOMEIMPROVEMENT,25000,11.58,0,0.28,N,6,1,25078,0,0
30,90000,MORTGAGE,3.0,EDUCATION,13000,11.89,0,0.14,N,10,1,25079,0,0
28,90000,MORTGAGE,9.0,DEBTCONSOLIDATION,4000,8.0,0,0.04,N,6,1,25085,0,0
30,90000,MORTGAGE,5.0,PERSONAL,7500,10.71,0,0.08,N,5,1,25087,0,0
31,78305,MORTGAGE,8.0,PERSONAL,10000,14.59,1,0.13,Y,7,0,25098,1,1
28,90522,MORTGAGE,4.0,DEBTCONSOLIDATION,12000,6.91,0,0.13,N,9,1,25101,0,0
27,91000,MORTGAGE,2.0,PERSONAL,11525,7.49,0,0.13,N,7,1,25109,0,0
35,91000,OWN,6.0,VENTURE,5600,10.99,0,0.06,N,8,1,25111,0,0
32,32000,RENT,1.0,VENTURE,2600,10.99,1,0.08,N,6,1,25132,1,0
27,25200,RENT,0.0,VENTURE,2550,14.27,0,0.1,N,5,1,25141,0,0
31,40500,RENT,0.0,MEDICAL,12500,13.61,1,0.31,N,7,1,25148,1,1
32,92000,MORTGAGE,1.0,EDUCATION,5000,10.99,0,0.05,N,8,1,25154,0,0
31,92000,MORTGAGE,2.0,HOMEIMPROVEMENT,3500,5.79,0,0.04,N,6,1,25155,0,0
33,92000,MORTGAGE,18.0,PERSONAL,12000,5.79,0,0.13,N,5,1,25160,0,0
27,14400,RENT,3.0,EDUCATION,2500,18.3,1,0.17,N,7,1,25162,1,1
28,68000,MORTGAGE,12.0,MEDICAL,24500,18.3,1,0.31,Y,6,0,25166,1,1
27,34800,OWN,7.0,HOMEIMPROVEMENT,9500,7.51,0,0.27,N,10,1,25182,0,0
32,93000,MORTGAGE,9.0,DEBTCONSOLIDATION,15000,12.99,0,0.16,N,10,1,25193,0,0
27,93000,MORTGAGE,5.0,DEBTCONSOLIDATION,16000,13.57,0,0.17,Y,10,0,25200,0,0
27,101877,RENT,9.0,VENTURE,12500,11.99,0,0.12,N,7,1,25204,0,0
30,93132,MORTGAGE,10.0,HOMEIMPROVEMENT,2500,5.99,0,0.03,N,6,1,25205,0,0
28,54000,RENT,5.0,DEBTCONSOLIDATION,12700,11.71,1,0.24,N,7,1,25210,1,0
30,94000,MORTGAGE,13.0,EDUCATION,10000,14.27,0,0.11,N,6,1,25211,0,0
29,94000,MORTGAGE,9.0,PERSONAL,10000,7.51,0,0.11,N,7,1,25222,0,0
35,46000,RENT,2.0,PERSONAL,12800,13.48,0,0.28,Y,8,0,25224,0,0
30,94104,OWN,15.0,VENTURE,14400,14.27,0,0.15,Y,7,0,25225,0,0
27,94500,MORTGAGE,2.0,PERSONAL,10000,14.26,0,0.11,N,5,1,25228,0,0
27,80000,RENT,8.0,HOMEIMPROVEMENT,12800,18.67,0,0.16,Y,6,0,25238,0,0
32,85000,RENT,5.0,MEDICAL,12800,10.75,0,0.15,N,7,1,25239,0,0
29,95000,MORTGAGE,6.0,VENTURE,35000,7.9,0,0.37,N,8,1,25243,0,0
28,95000,OWN,3.0,VENTURE,4800,11.71,0,0.05,N,10,1,25244,0,0
32,95000,MORTGAGE,5.0,VENTURE,4800,10.99,0,0.05,N,8,1,25248,0,0
31,95000,MORTGAGE,1.0,HOMEIMPROVEMENT,13200,12.99,0,0.14,Y,8,0,25249,0,0
35,50000,RENT,16.0,MEDICAL,13000,10.25,0,0.26,N,8,1,25252,0,0
30,95000,MORTGAGE,6.0,PERSONAL,4000,5.99,0,0.04,N,9,1,25258,0,0
34,52809,RENT,18.0,VENTURE,13000,10.62,0,0.25,N,9,1,25260,0,0
32,33600,OWN,0.0,EDUCATION,8000,16.02,0,0.24,N,7,1,25266,0,0
28,95000,MORTGAGE,0.0,MEDICAL,11000,13.06,0,0.12,Y,9,0,25267,0,0
27,58000,RENT,3.0,VENTURE,13000,11.58,0,0.22,N,7,1,25272,0,0
31,70550,MORTGAGE,9.0,MEDICAL,18000,19.74,1,0.22,Y,10,0,25273,1,1
32,95000,MORTGAGE,3.0,PERSONAL,18000,11.11,0,0.19,N,8,1,25278,0,0
32,64000,RENT,1.0,EDUCATION,13000,10.99,0,0.2,N,9,1,25284,0,0
30,95000,MORTGAGE,14.0,PERSONAL,25000,11.12,0,0.26,N,6,1,25290,0,0
28,95000,MORTGAGE,0.0,HOMEIMPROVEMENT,5000,7.51,0,0.05,N,5,1,25292,0,0
32,95000,MORTGAGE,13.0,HOMEIMPROVEMENT,8000,14.84,0,0.08,N,9,1,25295,0,0
29,76000,RENT,2.0,VENTURE,13000,10.25,0,0.17,N,8,1,25311,0,0
32,78000,RENT,0.0,VENTURE,13000,12.87,0,0.17,Y,10,0,25313,0,0
31,95000,MORTGAGE,1.0,DEBTCONSOLIDATION,25000,10.08,0,0.26,N,6,1,25314,0,0
33,95000,MORTGAGE,1.0,EDUCATION,24000,12.92,0,0.25,Y,5,0,25315,0,0
28,95680,MORTGAGE,12.0,VENTURE,17000,7.88,0,0.18,N,7,1,25325,0,0
35,84000,MORTGAGE,5.0,DEBTCONSOLIDATION,15200,15.27,1,0.18,Y,7,0,25329,1,0
27,96000,MORTGAGE,12.0,HOMEIMPROVEMENT,12500,19.03,0,0.13,Y,5,0,25331,0,0
28,96000,MORTGAGE,12.0,PERSONAL,6000,12.69,0,0.06,N,10,1,25335,0,0
28,33000,OWN,1.0,HOMEIMPROVEMENT,7500,15.31,0,0.23,Y,6,0,25354,0,0
28,96000,MORTGAGE,8.0,VENTURE,10000,7.66,0,0.1,N,7,1,25355,0,0
29,96000,MORTGAGE,5.0,HOMEIMPROVEMENT,12000,9.88,0,0.13,N,5,1,25376,0,0
31,84000,MORTGAGE,3.0,HOMEIMPROVEMENT,25000,17.34,1,0.3,Y,5,0,25384,1,0
29,96339,MORTGAGE,7.0,MEDICAL,15000,11.36,0,0.16,N,7,1,25388,0,0
28,44049,RENT,3.0,VENTURE,14000,10.99,1,0.32,N,8,1,25391,1,1
28,39000,RENT,6.0,EDUCATION,14000,7.9,1,0.36,N,8,1,25393,1,1
30,97000,MORTGAGE,9.0,PERSONAL,5000,13.49,0,0.05,Y,9,0,25399,0,0
28,97000,MORTGAGE,9.0,VENTURE,12000,8.49,0,0.12,N,5,1,25403,0,0
31,97000,MORTGAGE,6.0,DEBTCONSOLIDATION,12000,7.66,0,0.12,N,6,1,25404,0,0
31,48996,RENT,9.0,PERSONAL,14000,13.23,0,0.29,N,8,1,25414,0,0
33,97000,MORTGAGE,0.0,HOMEIMPROVEMENT,25000,16.0,0,0.26,N,6,1,25417,0,0
32,97000,MORTGAGE,6.0,HOMEIMPROVEMENT,5500,12.18,0,0.06,N,9,1,25418,0,0
27,50000,RENT,0.0,VENTURE,14000,6.54,0,0.28,N,8,1,25424,0,0
31,98000,OWN,7.0,MEDICAL,5000,15.96,0,0.05,Y,7,0,25434,0,0
35,47400,RENT,2.0,PERSONAL,14000,14.42,1,0.3,N,7,1,25440,1,1
27,98000,MORTGAGE,11.0,PERSONAL,17000,8.88,0,0.17,N,5,1,25445,0,0
29,98000,MORTGAGE,13.0,HOMEIMPROVEMENT,14000,10.25,0,0.14,N,5,1,25448,0,0
30,98000,MORTGAGE,2.0,HOMEIMPROVEMENT,5000,7.14,0,0.05,N,5,1,25449,0,0
33,98004,MORTGAGE,2.0,VENTURE,4000,10.99,0,0.04,N,9,1,25458,0,0
27,56000,RENT,2.0,MEDICAL,14000,10.65,0,0.25,N,7,1,25468,0,0
27,99000,MORTGAGE,4.0,VENTURE,9000,7.14,0,0.09,N,8,1,25481,0,0
29,60000,RENT,2.0,MEDICAL,14000,7.51,0,0.23,N,8,1,25484,0,0
29,99400,MORTGAGE,3.0,VENTURE,6000,6.92,0,0.06,N,7,1,25486,0,0
29,99780,MORTGAGE,14.0,HOMEIMPROVEMENT,6000,11.14,0,0.06,N,8,1,25490,0,0
31,74797,MORTGAGE,1.0,MEDICAL,10000,15.58,1,0.11,Y,6,0,25495,1,1
27,56500,RENT,2.0,HOMEIMPROVEMENT,14000,13.87,1,0.25,N,8,1,25501,1,0
27,88000,MORTGAGE,11.0,HOMEIMPROVEMENT,5000,8.9,1,0.06,N,9,1,25503,1,0
30,100000,MORTGAGE,2.0,EDUCATION,10000,16.77,0,0.1,Y,10,0,25505,0,0
28,100000,OWN,13.0,VENTURE,2000,14.27,0,0.02,Y,5,0,25506,0,0
31,100000,MORTGAGE,5.0,EDUCATION,5000,12.69,0,0.05,N,7,1,25516,0,0
34,75000,RENT,4.0,DEBTCONSOLIDATION,14000,12.69,0,0.19,N,7,1,25528,0,0
29,100000,MORTGAGE,5.0,PERSONAL,10000,7.49,0,0.1,N,6,1,25543,0,0
31,78000,RENT,1.0,DEBTCONSOLIDATION,14000,9.63,0,0.18,N,9,1,25546,0,0
33,100000,MORTGAGE,8.0,DEBTCONSOLIDATION,6400,7.29,0,0.06,N,9,1,25555,0,0
27,31000,OWN,4.0,MEDICAL,12000,12.73,0,0.39,Y,6,0,25560,0,0
29,100000,OWN,13.0,HOMEIMPROVEMENT,10000,6.92,0,0.1,N,7,1,25562,0,0
29,85000,RENT,3.0,DEBTCONSOLIDATION,14000,5.42,0,0.16,N,5,1,25569,0,0
30,85332,RENT,3.0,VENTURE,14000,14.22,0,0.16,N,7,1,25571,0,0
27,100000,MORTGAGE,2.0,MEDICAL,16000,6.54,0,0.16,N,5,1,25573,0,0
28,100000,MORTGAGE,0.0,EDUCATION,3950,10.99,0,0.04,N,5,1,25576,0,0
29,100000,MORTGAGE,3.0,DEBTCONSOLIDATION,4800,5.79,0,0.05,N,9,1,25578,0,0
29,100000,MORTGAGE,13.0,MEDICAL,20000,6.54,0,0.2,N,5,1,25581,0,0
29,100000,MORTGAGE,1.0,DEBTCONSOLIDATION,12000,6.91,0,0.12,N,10,1,25586,0,0
28,100000,OWN,5.0,VENTURE,11000,13.61,0,0.11,Y,8,0,25588,0,0
35,115000,RENT,2.0,EDUCATION,14000,10.99,0,0.12,N,9,1,25598,0,0
29,125000,RENT,2.0,DEBTCONSOLIDATION,14000,9.63,0,0.11,N,6,1,25604,0,0
30,100000,MORTGAGE,7.0,PERSONAL,1000,6.76,0,0.01,N,6,1,25609,0,0
30,100000,MORTGAGE,14.0,MEDICAL,15000,11.14,0,0.15,N,9,1,25615,0,0
28,100000,MORTGAGE,3.0,VENTURE,5300,11.14,0,0.05,N,5,1,25620,0,0
35,30000,RENT,4.0,MEDICAL,14125,12.99,1,0.47,Y,10,0,25624,1,1
32,100000,MORTGAGE,4.0,EDUCATION,4500,10.99,0,0.04,N,5,1,25626,0,0
28,30000,RENT,0.0,DEBTCONSOLIDATION,14125,14.74,1,0.47,N,10,1,25627,1,1
31,100000,MORTGAGE,0.0,HOMEIMPROVEMENT,15000,9.63,0,0.15,N,7,1,25630,0,0
35,88000,MORTGAGE,4.0,PERSONAL,10000,14.11,1,0.11,Y,6,0,25631,1,0
27,100000,MORTGAGE,0.0,VENTURE,16000,10.99,0,0.16,Y,6,0,25632,0,0
33,100000,MORTGAGE,2.0,VENTURE,7000,10.99,0,0.07,N,6,1,25639,0,0
35,100596,MORTGAGE,2.0,PERSONAL,25000,10.59,0,0.25,N,8,1,25655,0,0
29,36000,RENT,0.0,MEDICAL,14400,10.62,1,0.4,N,6,1,25657,1,1
32,101000,MORTGAGE,12.0,DEBTCONSOLIDATION,8000,11.49,0,0.08,N,5,1,25661,0,0
27,101000,MORTGAGE,1.0,PERSONAL,20000,10.99,0,0.2,N,8,1,25670,0,0
28,101000,MORTGAGE,7.0,PERSONAL,6000,8.32,0,0.06,N,9,1,25672,0,0
27,101004,MORTGAGE,2.0,MEDICAL,11025,7.9,0,0.11,N,5,1,25673,0,0
29,44500,RENT,3.0,VENTURE,14400,13.61,1,0.32,Y,10,0,25680,1,1
34,68000,RENT,5.0,HOMEIMPROVEMENT,14400,8.59,0,0.21,N,5,1,25696,0,0
33,103000,MORTGAGE,5.0,EDUCATION,24000,7.49,0,0.23,N,10,1,25713,0,0
30,103000,MORTGAGE,14.0,PERSONAL,6400,7.49,0,0.06,N,9,1,25715,0,0
28,103000,MORTGAGE,2.0,EDUCATION,5000,5.42,0,0.05,N,5,1,25716,0,0
27,103000,MORTGAGE,8.0,MEDICAL,8800,7.29,0,0.09,N,8,1,25719,0,0
28,85000,RENT,1.0,EDUCATION,14400,9.07,0,0.17,N,8,1,25729,0,0
27,104000,MORTGAGE,11.0,PERSONAL,10000,10.65,0,0.1,N,9,1,25732,0,0
27,104000,OWN,4.0,EDUCATION,35000,17.99,0,0.34,Y,6,0,25736,0,0
28,104000,MORTGAGE,12.0,PERSONAL,20000,10.99,0,0.19,N,9,1,25742,0,0
32,104000,MORTGAGE,12.0,VENTURE,17000,14.82,0,0.16,Y,7,0,25746,0,0
27,104525,MORTGAGE,11.0,HOMEIMPROVEMENT,6000,7.4,0,0.06,N,8,1,25747,0,0
30,30000,RENT,1.0,PERSONAL,14500,10.99,1,0.48,N,8,1,25748,1,1
34,105000,MORTGAGE,14.0,VENTURE,12000,6.99,0,0.11,N,5,1,25758,0,0
28,30000,RENT,1.0,MEDICAL,14500,11.14,1,0.48,N,8,1,25759,1,1
27,105000,MORTGAGE,7.0,EDUCATION,11000,7.49,0,0.1,N,5,1,25764,0,0
34,105000,MORTGAGE,2.0,HOMEIMPROVEMENT,5000,5.42,0,0.05,N,7,1,25768,0,0
28,105000,MORTGAGE,8.0,VENTURE,12000,9.63,0,0.11,N,10,1,25769,0,0
29,105000,MORTGAGE,13.0,HOMEIMPROVEMENT,12000,7.88,0,0.11,N,7,1,25781,0,0
30,105000,MORTGAGE,14.0,HOMEIMPROVEMENT,13000,10.25,0,0.12,N,9,1,25787,0,0
28,105000,MORTGAGE,0.0,VENTURE,19000,12.21,0,0.18,N,6,1,25795,0,0
27,106000,MORTGAGE,11.0,HOMEIMPROVEMENT,4000,11.71,0,0.04,N,6,1,25804,0,0
33,106000,MORTGAGE,2.0,EDUCATION,6000,8.49,0,0.06,N,8,1,25806,0,0
34,106000,MORTGAGE,6.0,HOMEIMPROVEMENT,7200,7.29,0,0.07,N,8,1,25807,0,0
31,106000,MORTGAGE,15.0,HOMEIMPROVEMENT,2400,9.63,0,0.02,N,6,1,25809,0,0
32,106000,MORTGAGE,3.0,MEDICAL,10000,10.99,0,0.09,N,7,1,25815,0,0
27,32000,RENT,0.0,DEBTCONSOLIDATION,15000,10.99,1,0.47,N,7,1,25827,1,1
27,107000,MORTGAGE,11.0,VENTURE,35000,9.63,0,0.33,N,7,1,25829,0,0
29,107000,MORTGAGE,3.0,PERSONAL,25000,10.99,0,0.23,N,5,1,25830,0,0
27,107000,MORTGAGE,4.0,EDUCATION,11500,8.38,0,0.11,N,10,1,25836,0,0
28,107364,MORTGAGE,12.0,HOMEIMPROVEMENT,8000,6.76,0,0.07,N,9,1,25841,0,0
32,108000,MORTGAGE,5.0,VENTURE,12000,11.49,0,0.11,N,10,1,25846,0,0
27,108000,MORTGAGE,11.0,EDUCATION,21600,10.99,0,0.2,N,10,1,25847,0,0
30,108000,MORTGAGE,14.0,HOMEIMPROVEMENT,5000,10.99,0,0.05,N,5,1,25850,0,0
27,35040,RENT,11.0,MEDICAL,2000,10.99,0,0.06,N,10,1,25853,0,0
27,108000,MORTGAGE,6.0,MEDICAL,10000,6.54,0,0.09,N,8,1,25856,0,0
35,108717,MORTGAGE,9.0,DEBTCONSOLIDATION,16000,6.99,0,0.15,N,5,1,25869,0,0
27,39000,RENT,4.0,EDUCATION,2000,16.07,0,0.05,N,7,1,25872,0,0
34,109800,MORTGAGE,12.0,DEBTCONSOLIDATION,10000,10.99,0,0.09,N,8,1,25882,0,0
27,110000,MORTGAGE,11.0,HOMEIMPROVEMENT,3600,6.03,0,0.03,N,5,1,25884,0,0
27,33600,RENT,11.0,DEBTCONSOLIDATION,15000,5.79,1,0.45,N,8,1,25889,1,1
28,110000,MORTGAGE,0.0,HOMEIMPROVEMENT,6000,10.65,0,0.05,N,8,1,25891,0,0
27,40800,RENT,3.0,VENTURE,2000,7.49,0,0.05,N,9,1,25893,0,0
28,110000,MORTGAGE,12.0,VENTURE,17000,6.03,0,0.15,N,7,1,25896,0,0
30,110000,MORTGAGE,12.0,MEDICAL,5000,10.99,0,0.05,N,10,1,25899,0,0
32,110000,MORTGAGE,5.0,EDUCATION,10000,10.99,0,0.09,N,9,1,25902,0,0
33,42000,RENT,8.0,MEDICAL,2000,10.99,0,0.05,Y,9,0,25903,0,0
30,98000,MORTGAGE,3.0,DEBTCONSOLIDATION,5200,16.49,1,0.05,N,6,1,25907,1,1
31,83300,MORTGAGE,9.0,MEDICAL,10000,10.99,1,0.1,Y,5,0,25913,1,1
34,110000,MORTGAGE,2.0,MEDICAL,10000,7.29,0,0.09,N,10,1,25915,0,0
28,110000,MORTGAGE,12.0,VENTURE,15000,10.0,0,0.14,N,10,1,25924,0,0
29,110000,MORTGAGE,11.0,VENTURE,12000,10.37,0,0.11,N,10,1,25925,0,0
30,110000,MORTGAGE,14.0,DEBTCONSOLIDATION,25000,10.36,0,0.23,N,8,1,25927,0,0
30,46080,RENT,0.0,PERSONAL,2000,6.99,0,0.04,N,8,1,25928,0,0
33,46800,RENT,9.0,MEDICAL,2000,14.65,0,0.04,N,6,1,25930,0,0
27,110000,MORTGAGE,3.0,DEBTCONSOLIDATION,25000,10.99,0,0.23,N,6,1,25932,0,0
28,110000,MORTGAGE,12.0,HOMEIMPROVEMENT,3500,11.49,0,0.03,N,10,1,25937,0,0
29,110000,MORTGAGE,1.0,EDUCATION,12800,16.82,0,0.12,N,6,1,25940,0,0
28,110000,MORTGAGE,7.0,HOMEIMPROVEMENT,10750,11.86,0,0.1,N,9,1,25941,0,0
28,42000,RENT,4.0,DEBTCONSOLIDATION,2000,14.96,1,0.05,Y,6,0,25944,1,1
27,50000,RENT,0.0,VENTURE,2000,10.99,0,0.04,N,5,1,25950,0,0
32,110000,MORTGAGE,0.0,VENTURE,23000,11.48,0,0.21,N,9,1,25955,0,0
27,110000,MORTGAGE,3.0,MEDICAL,4800,7.74,0,0.04,N,7,1,25961,0,0
29,35000,RENT,4.0,DEBTCONSOLIDATION,15000,13.22,1,0.43,N,5,1,25969,1,1
29,110004,MORTGAGE,13.0,MEDICAL,12000,10.36,0,0.11,N,6,1,25980,0,0
32,37000,RENT,1.0,MEDICAL,15000,9.62,1,0.41,N,10,1,25985,1,1
32,110888,MORTGAGE,0.0,MEDICAL,10400,9.91,0,0.09,N,6,1,25986,0,0
30,112000,OWN,6.0,VENTURE,12000,10.99,0,0.11,N,10,1,25999,0,0
27,112000,MORTGAGE,5.0,PERSONAL,8000,6.17,0,0.07,N,8,1,26003,0,0
28,112000,MORTGAGE,9.0,HOMEIMPROVEMENT,15000,11.12,0,0.13,N,7,1,26004,0,0
29,112000,MORTGAGE,3.0,PERSONAL,25000,14.61,0,0.22,N,5,1,26005,0,0
27,112000,MORTGAGE,9.0,EDUCATION,13000,13.57,0,0.12,N,10,1,26006,0,0
34,112123,MORTGAGE,2.0,EDUCATION,12800,8.94,0,0.11,N,6,1,26007,0,0
32,112445,MORTGAGE,4.0,DEBTCONSOLIDATION,6000,5.42,0,0.05,N,10,1,26011,0,0
33,40000,RENT,15.0,PERSONAL,15000,9.88,1,0.38,N,5,1,26012,1,1
28,27600,OWN,2.0,HOMEIMPROVEMENT,6000,8.9,0,0.22,N,8,1,26024,0,0
27,113004,MORTGAGE,11.0,VENTURE,15000,8.94,0,0.13,N,8,1,26030,0,0
34,113500,OWN,4.0,HOMEIMPROVEMENT,3000,6.39,0,0.03,N,8,1,26034,0,0
33,114000,MORTGAGE,0.0,EDUCATION,16000,16.77,0,0.14,N,5,1,26036,0,0
28,27504,OWN,4.0,PERSONAL,2000,11.12,0,0.07,N,8,1,26043,0,0
27,114000,MORTGAGE,7.0,EDUCATION,20000,13.06,0,0.18,Y,8,0,26045,0,0
29,114000,MORTGAGE,11.0,MEDICAL,14000,10.99,0,0.12,N,6,1,26047,0,0
32,86700,MORTGAGE,16.0,MEDICAL,20000,14.74,1,0.2,N,9,1,26048,1,1
31,114996,MORTGAGE,8.0,DEBTCONSOLIDATION,15000,6.92,0,0.13,N,8,1,26055,0,0
28,115000,MORTGAGE,12.0,EDUCATION,22000,7.51,0,0.19,N,7,1,26059,0,0
27,115000,MORTGAGE,11.0,PERSONAL,14400,12.69,0,0.13,N,6,1,26060,0,0
27,44000,RENT,2.0,MEDICAL,15000,11.48,1,0.34,N,5,1,26065,1,1
32,44400,RENT,5.0,VENTURE,15000,16.49,1,0.34,Y,5,0,26067,1,1
29,115000,MORTGAGE,13.0,DEBTCONSOLIDATION,5000,6.03,0,0.04,N,9,1,26070,0,0
28,115000,MORTGAGE,3.0,MEDICAL,18500,10.99,0,0.16,N,7,1,26072,0,0
33,115000,MORTGAGE,6.0,MEDICAL,10500,13.49,0,0.09,N,9,1,26077,0,0
29,115000,MORTGAGE,10.0,VENTURE,5600,13.43,0,0.05,Y,8,0,26084,0,0
28,115000,MORTGAGE,3.0,PERSONAL,4500,12.68,0,0.04,N,7,1,26085,0,0
28,115000,MORTGAGE,12.0,DEBTCONSOLIDATION,18000,10.37,0,0.16,N,7,1,26088,0,0
27,115000,MORTGAGE,3.0,HOMEIMPROVEMENT,24000,10.99,0,0.21,N,7,1,26089,0,0
33,115000,OWN,2.0,VENTURE,14400,11.14,0,0.13,N,5,1,26101,0,0
27,115000,MORTGAGE,4.0,MEDICAL,9600,12.87,0,0.08,N,9,1,26102,0,0
29,35000,RENT,12.0,DEBTCONSOLIDATION,1800,5.42,0,0.05,N,7,1,26125,0,0
30,117500,MORTGAGE,0.0,EDUCATION,13500,8.49,0,0.11,N,7,1,26131,0,0
30,117500,MORTGAGE,3.0,PERSONAL,17500,7.37,0,0.15,N,6,1,26133,0,0
33,26400,OWN,13.0,VENTURE,7000,11.36,0,0.27,N,9,1,26136,0,0
27,117832,MORTGAGE,4.0,HOMEIMPROVEMENT,12500,6.17,0,0.11,N,7,1,26137,0,0
31,118000,MORTGAGE,8.0,MEDICAL,6000,12.69,0,0.05,N,9,1,26139,0,0
28,48000,RENT,5.0,PERSONAL,15000,11.99,1,0.31,N,7,1,26146,1,1
29,26000,OWN,5.0,VENTURE,4500,11.71,0,0.17,N,5,1,26151,0,0
32,119000,MORTGAGE,12.0,PERSONAL,18000,10.99,0,0.15,N,7,1,26152,0,0
34,26000,OWN,0.0,MEDICAL,3000,8.49,0,0.12,N,9,1,26163,0,0
29,120000,MORTGAGE,11.0,VENTURE,16000,12.42,0,0.13,N,9,1,26166,0,0
29,120000,MORTGAGE,12.0,VENTURE,12000,10.65,0,0.1,N,9,1,26174,0,0
30,43992,RENT,2.0,PERSONAL,15000,13.24,1,0.34,N,7,1,26178,1,1
27,50000,RENT,3.0,VENTURE,15000,16.77,0,0.3,N,5,1,26180,0,0
30,120000,MORTGAGE,15.0,EDUCATION,11000,6.03,0,0.09,N,5,1,26185,0,0
28,50000,RENT,4.0,PERSONAL,15000,7.49,0,0.3,N,6,1,26195,0,0
31,120000,MORTGAGE,15.0,PERSONAL,7500,10.99,0,0.06,N,9,1,26207,0,0
27,120000,MORTGAGE,11.0,PERSONAL,8000,5.99,0,0.07,N,6,1,26208,0,0
30,108000,MORTGAGE,0.0,DEBTCONSOLIDATION,4925,10.99,1,0.05,N,9,1,26210,1,0
34,50000,RENT,0.0,HOMEIMPROVEMENT,15000,12.72,0,0.3,Y,9,0,26216,0,0
28,120000,MORTGAGE,11.0,EDUCATION,14400,10.74,0,0.12,N,10,1,26223,0,0
32,50880,RENT,6.0,PERSONAL,15000,20.25,0,0.29,Y,5,0,26232,0,0
34,120000,MORTGAGE,10.0,EDUCATION,20000,10.37,0,0.17,N,10,1,26233,0,0
33,120000,MORTGAGE,17.0,PERSONAL,15000,5.79,0,0.13,N,9,1,26241,0,0
27,120000,MORTGAGE,11.0,PERSONAL,8000,12.61,0,0.07,N,9,1,26244,0,0
31,120000,MORTGAGE,6.0,PERSONAL,25000,16.32,0,0.21,Y,7,0,26253,0,0
30,120000,MORTGAGE,6.0,EDUCATION,14000,7.88,0,0.12,N,6,1,26254,0,0
28,120000,MORTGAGE,0.0,PERSONAL,20000,10.99,0,0.17,N,5,1,26259,0,0
29,120000,MORTGAGE,10.0,PERSONAL,4700,7.14,0,0.04,N,6,1,26273,0,0
30,38400,RENT,6.0,DEBTCONSOLIDATION,1600,13.49,0,0.04,N,10,1,26280,0,0
27,33000,RENT,11.0,HOMEIMPROVEMENT,1600,16.89,1,0.05,Y,5,0,26282,1,1
30,120000,MORTGAGE,14.0,VENTURE,7500,15.65,0,0.06,N,5,1,26285,0,0
35,34000,RENT,1.0,VENTURE,1600,14.84,1,0.05,Y,6,0,26286,1,1
32,36000,RENT,5.0,DEBTCONSOLIDATION,1600,14.09,1,0.04,Y,9,0,26288,1,1
27,120000,MORTGAGE,11.0,HOMEIMPROVEMENT,10000,11.14,0,0.08,N,6,1,26300,0,0
28,120000,MORTGAGE,12.0,VENTURE,20000,9.45,0,0.17,N,10,1,26303,0,0
31,91800,MORTGAGE,0.0,MEDICAL,2225,7.43,1,0.02,N,5,1,26306,1,0
32,120000,MORTGAGE,16.0,HOMEIMPROVEMENT,6000,12.17,0,0.05,N,8,1,26308,0,0
34,120602,MORTGAGE,4.0,MEDICAL,20000,14.79,0,0.17,N,8,1,26317,0,0
28,92801,MORTGAGE,12.0,MEDICAL,20000,14.74,1,0.18,Y,8,0,26326,1,1
28,122000,MORTGAGE,11.0,VENTURE,15000,16.77,0,0.12,Y,5,0,26330,0,0
27,122000,MORTGAGE,1.0,DEBTCONSOLIDATION,8000,7.88,0,0.07,N,6,1,26334,0,0
32,123000,MORTGAGE,16.0,VENTURE,15200,15.95,0,0.12,Y,9,0,26341,0,0
27,123996,MORTGAGE,11.0,MEDICAL,6500,8.0,0,0.05,N,6,1,26350,0,0
29,124000,MORTGAGE,11.0,HOMEIMPROVEMENT,2000,5.42,0,0.02,N,7,1,26353,0,0
33,124000,OWN,10.0,PERSONAL,23500,14.96,0,0.19,Y,6,0,26357,0,0
28,124800,MORTGAGE,1.0,VENTURE,15000,12.53,0,0.12,Y,5,0,26363,0,0
31,124992,MORTGAGE,15.0,DEBTCONSOLIDATION,24000,8.49,0,0.19,N,5,1,26364,0,0
29,125000,MORTGAGE,6.0,VENTURE,3400,9.91,0,0.03,N,7,1,26366,0,0
30,125000,MORTGAGE,14.0,VENTURE,7000,10.99,0,0.06,N,7,1,26368,0,0
31,125000,OWN,5.0,MEDICAL,30000,7.51,0,0.24,N,9,1,26371,0,0
33,125000,MORTGAGE,17.0,MEDICAL,8800,10.59,0,0.07,N,7,1,26378,0,0
29,26000,RENT,2.0,VENTURE,1500,12.99,0,0.06,Y,6,0,26384,0,0
28,54996,RENT,8.0,PERSONAL,15000,14.09,0,0.27,Y,9,0,26391,0,0
29,125000,MORTGAGE,5.0,PERSONAL,12000,5.79,0,0.1,N,7,1,26394,0,0
32,125000,MORTGAGE,2.0,PERSONAL,20000,11.12,0,0.16,N,9,1,26397,0,0
28,125000,MORTGAGE,13.0,VENTURE,15000,10.25,0,0.12,N,7,1,26409,0,0
27,125000,OWN,7.0,PERSONAL,13200,11.14,0,0.11,N,8,1,26413,0,0
28,125000,MORTGAGE,8.0,EDUCATION,8000,11.14,0,0.06,N,10,1,26416,0,0
27,125000,MORTGAGE,7.0,HOMEIMPROVEMENT,20000,10.99,0,0.16,Y,5,0,26419,0,0
30,96053,MORTGAGE,15.0,MEDICAL,30000,15.62,1,0.27,N,5,1,26428,1,1
33,51500,RENT,2.0,MEDICAL,15000,14.42,1,0.29,N,10,1,26429,1,1
28,125600,MORTGAGE,0.0,PERSONAL,13800,7.88,0,0.11,N,6,1,26433,0,0
28,126000,MORTGAGE,2.0,HOMEIMPROVEMENT,12000,11.71,0,0.1,N,7,1,26434,0,0
28,126000,MORTGAGE,12.0,VENTURE,2000,9.99,0,0.02,N,10,1,26435,0,0
27,59200,RENT,4.0,DEBTCONSOLIDATION,15000,10.75,0,0.25,N,7,1,26448,0,0
30,54000,RENT,9.0,HOMEIMPROVEMENT,15000,14.27,1,0.28,Y,8,0,26452,1,1
27,116000,MORTGAGE,0.0,EDUCATION,3500,12.53,1,0.03,N,10,1,26463,1,0
29,129996,MORTGAGE,0.0,EDUCATION,30000,18.79,0,0.23,N,8,1,26473,0,1
30,130000,MORTGAGE,8.0,VENTURE,27000,11.71,0,0.21,N,6,1,26476,0,0
35,60000,RENT,18.0,HOMEIMPROVEMENT,15000,13.43,0,0.25,N,5,1,26480,0,0
27,130000,MORTGAGE,11.0,DEBTCONSOLIDATION,10200,7.51,0,0.08,N,6,1,26482,0,0
34,130000,MORTGAGE,5.0,DEBTCONSOLIDATION,20000,10.65,0,0.15,N,10,1,26487,0,0
34,60000,RENT,2.0,MEDICAL,15000,7.88,0,0.25,N,7,1,26492,0,0
28,130000,MORTGAGE,12.0,PERSONAL,13000,10.75,0,0.1,N,10,1,26510,0,0
32,118000,MORTGAGE,3.0,DEBTCONSOLIDATION,8875,14.84,1,0.08,N,5,1,26511,1,1
31,55200,RENT,5.0,MEDICAL,15000,15.58,1,0.27,Y,10,0,26513,1,1
34,130000,MORTGAGE,5.0,HOMEIMPROVEMENT,5000,17.56,0,0.04,N,7,1,26516,0,0
34,64000,RENT,5.0,EDUCATION,15000,10.25,0,0.23,N,8,1,26542,0,0
29,130900,MORTGAGE,11.0,VENTURE,4800,11.71,0,0.04,N,9,1,26544,0,0
28,132000,MORTGAGE,5.0,DEBTCONSOLIDATION,25000,9.99,0,0.19,N,10,1,26554,0,0
29,65000,RENT,5.0,VENTURE,15000,11.83,0,0.23,N,9,1,26559,0,0
31,121000,MORTGAGE,2.0,VENTURE,12000,16.29,1,0.1,Y,6,0,26560,1,0
34,135000,MORTGAGE,2.0,PERSONAL,15000,5.42,0,0.11,N,6,1,26575,0,0
32,135000,MORTGAGE,1.0,DEBTCONSOLIDATION,16000,10.99,0,0.12,N,10,1,26581,0,0
31,135000,MORTGAGE,2.0,MEDICAL,20000,11.36,0,0.15,N,9,1,26590,0,0
33,135000,MORTGAGE,0.0,VENTURE,10000,7.51,0,0.07,N,10,1,26591,0,0
27,104550,MORTGAGE,0.0,MEDICAL,23000,18.43,1,0.19,N,9,1,26596,1,1
32,70000,RENT,2.0,MEDICAL,15000,14.27,0,0.21,Y,5,0,26600,0,0
27,123000,OWN,1.0,HOMEIMPROVEMENT,22350,14.07,1,0.18,Y,6,0,26607,1,0
30,137057,MORTGAGE,13.0,VENTURE,4750,12.18,0,0.03,N,7,1,26620,0,0
27,137720,MORTGAGE,6.0,DEBTCONSOLIDATION,13000,7.14,0,0.09,N,9,1,26621,0,0
30,139008,MORTGAGE,2.0,EDUCATION,15000,13.47,0,0.11,N,6,1,26634,0,0
30,140000,MORTGAGE,6.0,PERSONAL,5000,8.9,0,0.04,N,6,1,26643,0,0
27,140000,MORTGAGE,7.0,PERSONAL,18000,7.9,0,0.13,N,9,1,26645,0,0
34,128000,MORTGAGE,14.0,HOMEIMPROVEMENT,12325,8.49,1,0.1,N,5,1,26656,1,0
28,140000,MORTGAGE,12.0,MEDICAL,15000,8.88,0,0.11,N,5,1,26669,0,0
32,140000,MORTGAGE,0.0,HOMEIMPROVEMENT,18000,6.17,0,0.13,N,5,1,26670,0,0
34,140000,MORTGAGE,17.0,VENTURE,12000,15.21,0,0.09,Y,10,0,26674,0,0
31,74028,RENT,5.0,EDUCATION,15000,10.59,0,0.2,N,9,1,26679,0,0
34,128000,OWN,0.0,DEBTCONSOLIDATION,25000,17.39,1,0.2,N,5,1,26687,1,1
30,108800,MORTGAGE,2.0,MEDICAL,15000,16.35,1,0.12,N,8,1,26688,1,1
27,140000,MORTGAGE,2.0,EDUCATION,14000,10.99,0,0.1,N,5,1,26692,0,0
27,140004,MORTGAGE,11.0,VENTURE,9800,5.42,0,0.07,N,6,1,26695,0,0
28,142000,MORTGAGE,3.0,EDUCATION,18000,10.38,0,0.13,N,8,1,26706,0,0
27,75000,RENT,7.0,VENTURE,15000,11.14,0,0.2,N,6,1,26712,0,0
27,144000,MORTGAGE,11.0,EDUCATION,16000,16.77,0,0.11,Y,6,0,26717,0,0
35,144000,MORTGAGE,0.0,EDUCATION,35000,10.99,0,0.24,N,9,1,26721,0,0
29,144000,MORTGAGE,13.0,VENTURE,16000,6.62,0,0.11,N,9,1,26722,0,0
28,144000,OWN,11.0,MEDICAL,7000,15.99,0,0.05,Y,10,0,26725,0,0
29,144000,MORTGAGE,4.0,DEBTCONSOLIDATION,5000,13.06,0,0.03,N,7,1,26730,0,0
29,20000,OWN,0.0,VENTURE,3000,8.0,0,0.15,N,5,1,26743,0,0
28,80000,RENT,0.0,MEDICAL,15000,13.49,0,0.19,N,5,1,26749,0,0
29,145000,MORTGAGE,0.0,VENTURE,25000,10.08,0,0.17,N,8,1,26750,0,0
27,145986,MORTGAGE,2.0,MEDICAL,5500,5.42,0,0.04,N,6,1,26752,0,0
34,113900,MORTGAGE,5.0,MEDICAL,35000,18.64,1,0.26,N,10,1,26753,1,1
29,146000,MORTGAGE,12.0,MEDICAL,3800,6.39,0,0.03,N,6,1,26755,0,0
29,80000,RENT,13.0,MEDICAL,15000,10.37,0,0.19,N,8,1,26757,0,0
27,19200,OWN,3.0,PERSONAL,8000,8.9,1,0.42,N,8,1,26760,1,1
33,148000,MORTGAGE,17.0,VENTURE,8000,13.98,0,0.05,Y,5,0,26763,0,0
29,136000,MORTGAGE,4.0,DEBTCONSOLIDATION,7775,14.96,1,0.06,Y,5,0,26764,1,1
32,84000,RENT,7.0,DEBTCONSOLIDATION,15000,10.99,0,0.18,N,7,1,26769,0,0
34,150000,MORTGAGE,18.0,DEBTCONSOLIDATION,6000,6.03,0,0.04,N,10,1,26772,0,0
34,138000,MORTGAGE,18.0,HOMEIMPROVEMENT,2400,19.91,1,0.02,Y,7,0,26774,1,0
32,150000,OWN,3.0,HOMEIMPROVEMENT,8000,10.99,0,0.05,Y,6,0,26779,0,0
32,150000,MORTGAGE,17.0,VENTURE,12000,12.99,0,0.08,Y,9,0,26780,0,0
32,150000,MORTGAGE,16.0,PERSONAL,6000,7.49,0,0.04,N,9,1,26787,0,0
29,87000,RENT,1.0,HOMEIMPROVEMENT,15000,10.59,0,0.17,N,6,1,26794,0,0
30,150000,OWN,5.0,PERSONAL,5425,10.99,0,0.04,Y,5,0,26795,0,0
31,18996,OWN,6.0,HOMEIMPROVEMENT,7000,10.99,1,0.37,N,8,1,26801,1,1
29,150000,MORTGAGE,0.0,HOMEIMPROVEMENT,10700,14.22,0,0.07,N,9,1,26813,0,0
28,150000,MORTGAGE,5.0,HOMEIMPROVEMENT,15000,7.88,0,0.1,N,6,1,26815,0,0
34,90000,RENT,15.0,VENTURE,15000,11.12,0,0.17,N,5,1,26816,0,0
30,138000,MORTGAGE,3.0,EDUCATION,23975,17.93,1,0.17,N,7,1,26817,1,1
33,150000,OWN,17.0,PERSONAL,20000,11.48,0,0.13,N,7,1,26822,0,0
28,150000,MORTGAGE,12.0,HOMEIMPROVEMENT,15000,11.89,0,0.1,N,9,1,26830,0,0
27,150000,MORTGAGE,11.0,PERSONAL,9000,9.63,0,0.06,N,10,1,26834,0,0
28,18000,OWN,12.0,VENTURE,3500,14.22,1,0.19,N,5,1,26851,1,1
28,143000,MORTGAGE,5.0,HOMEIMPROVEMENT,8275,16.49,1,0.06,Y,7,0,26860,1,0
32,155000,MORTGAGE,8.0,MEDICAL,8000,10.99,0,0.05,Y,6,0,26864,0,0
32,155004,MORTGAGE,9.0,VENTURE,15000,8.49,0,0.1,N,8,1,26866,0,0
29,158000,OWN,13.0,EDUCATION,11000,8.49,0,0.07,N,6,1,26882,0,0
29,38000,RENT,3.0,PERSONAL,15500,12.41,1,0.41,N,6,1,26889,1,1
27,148000,MORTGAGE,1.0,HOMEIMPROVEMENT,28000,12.99,1,0.19,Y,6,0,26891,1,0
33,160000,MORTGAGE,3.0,PERSONAL,22000,10.75,0,0.14,N,8,1,26896,0,0
35,148000,MORTGAGE,19.0,DEBTCONSOLIDATION,25000,14.62,1,0.17,Y,10,0,26904,1,1
31,168000,MORTGAGE,2.0,VENTURE,15500,9.25,0,0.09,N,7,1,26921,0,0
29,74000,RENT,3.0,HOMEIMPROVEMENT,16000,13.11,1,0.22,Y,5,0,26923,1,1
33,158000,MORTGAGE,11.0,PERSONAL,15000,16.32,1,0.09,Y,5,0,26929,1,0
28,170000,MORTGAGE,4.0,EDUCATION,20000,10.99,0,0.12,Y,10,0,26931,0,0
28,170000,MORTGAGE,3.0,MEDICAL,4000,10.99,0,0.02,N,10,1,26932,0,0
30,172000,MORTGAGE,13.0,VENTURE,20000,10.99,0,0.12,N,8,1,26936,0,0
27,90000,RENT,11.0,HOMEIMPROVEMENT,16000,8.88,0,0.18,N,9,1,26947,0,0
27,175000,MORTGAGE,11.0,HOMEIMPROVEMENT,11500,7.51,0,0.07,N,7,1,26948,0,0
30,175000,MORTGAGE,15.0,VENTURE,25000,10.99,0,0.14,Y,10,0,26952,0,0
31,70550,RENT,2.0,MEDICAL,16000,17.49,1,0.19,N,8,1,26959,1,1
31,179000,MORTGAGE,13.0,MEDICAL,11200,14.27,0,0.06,N,5,1,26961,0,0
30,180000,MORTGAGE,13.0,PERSONAL,28000,10.65,0,0.16,N,6,1,26964,0,0
27,180000,MORTGAGE,7.0,HOMEIMPROVEMENT,16000,10.99,0,0.09,N,8,1,26965,0,0
32,180000,MORTGAGE,2.0,PERSONAL,15600,10.99,0,0.09,Y,10,0,26970,0,0
27,189000,MORTGAGE,2.0,VENTURE,5125,14.84,0,0.03,Y,6,0,26978,0,1
34,195000,MORTGAGE,14.0,VENTURE,6000,14.27,0,0.03,N,8,1,26982,0,0
30,198171,MORTGAGE,4.0,DEBTCONSOLIDATION,5000,5.79,0,0.03,N,6,1,26985,0,0
31,200000,MORTGAGE,1.0,MEDICAL,7800,9.63,0,0.04,N,8,1,26988,0,0
32,188000,MORTGAGE,0.0,EDUCATION,10000,10.71,1,0.05,N,7,1,26996,1,0
32,130000,RENT,0.0,PERSONAL,16000,10.99,0,0.12,N,10,1,27000,0,0
31,201000,MORTGAGE,3.0,HOMEIMPROVEMENT,15000,11.12,0,0.07,N,9,1,27003,0,0
31,215000,MORTGAGE,2.0,MEDICAL,15000,10.99,0,0.07,N,10,1,27013,0,0
34,220000,MORTGAGE,6.0,DEBTCONSOLIDATION,7350,11.99,0,0.03,N,6,1,27016,0,0
30,35576,RENT,14.0,EDUCATION,19000,13.72,1,0.53,N,7,1,27026,1,1
27,228000,MORTGAGE,12.0,HOMEIMPROVEMENT,6000,7.14,0,0.03,N,6,1,27029,0,0
33,235000,MORTGAGE,3.0,EDUCATION,25000,10.62,0,0.11,N,6,1,27036,0,0
27,244000,OTHER,0.0,VENTURE,15000,14.42,0,0.06,Y,5,0,27046,0,0
29,249999,MORTGAGE,2.0,EDUCATION,25000,6.62,0,0.1,N,9,1,27049,0,0
32,262000,MORTGAGE,12.0,MEDICAL,12800,9.91,0,0.05,N,8,1,27057,0,0
30,253000,MORTGAGE,3.0,DEBTCONSOLIDATION,24000,14.96,1,0.09,N,7,1,27059,1,0
29,265000,MORTGAGE,2.0,PERSONAL,25000,11.26,0,0.09,N,10,1,27060,0,0
30,275000,MORTGAGE,14.0,EDUCATION,7000,11.71,0,0.03,N,10,1,27062,0,0
27,90000,RENT,4.0,HOMEIMPROVEMENT,19200,6.99,0,0.21,N,8,1,27064,0,0
31,294000,MORTGAGE,7.0,VENTURE,12000,8.94,0,0.04,N,6,1,27070,0,0
30,300000,MORTGAGE,14.0,MEDICAL,20000,11.58,0,0.07,N,9,1,27080,0,0
33,320000,MORTGAGE,2.0,VENTURE,14000,7.91,0,0.04,N,5,1,27084,0,0
31,325000,MORTGAGE,4.0,MEDICAL,10000,5.99,0,0.03,N,7,1,27085,0,0
34,357000,MORTGAGE,3.0,HOMEIMPROVEMENT,14000,18.64,0,0.04,Y,9,0,27089,0,0
35,415000,MORTGAGE,2.0,HOMEIMPROVEMENT,15500,16.45,0,0.04,Y,10,0,27093,0,0
33,10080,OWN,11.0,VENTURE,7200,6.03,1,0.71,N,8,1,27100,1,1
31,741600,MORTGAGE,3.0,MEDICAL,12000,10.25,0,0.02,N,6,1,27104,0,0
29,8472,RENT,2.0,PERSONAL,3000,7.49,1,0.35,N,7,1,27110,1,1
28,8000,RENT,1.0,HOMEIMPROVEMENT,4750,11.12,1,0.59,N,5,1,27111,1,1
29,6000,RENT,0.0,HOMEIMPROVEMENT,3250,8.59,1,0.54,N,9,1,27113,1,1
29,46000,MORTGAGE,3.0,PERSONAL,6000,11.49,0,0.13,N,8,1,27121,0,0
29,50000,OWN,3.0,MEDICAL,4200,9.91,0,0.08,N,6,1,27129,0,0
35,21340,RENT,0.0,DEBTCONSOLIDATION,8000,11.14,1,0.37,N,7,1,27130,1,1
30,97750,MORTGAGE,3.0,MEDICAL,20000,14.59,1,0.17,Y,8,0,27132,1,1
34,23000,OWN,2.0,VENTURE,2500,10.99,0,0.11,N,9,1,27133,0,0
29,68000,RENT,1.0,EDUCATION,10000,10.65,0,0.15,N,5,1,27134,0,0
32,45000,MORTGAGE,2.0,PERSONAL,8000,14.65,0,0.18,N,8,1,27141,0,0
27,52000,RENT,0.0,HOMEIMPROVEMENT,5100,10.37,0,0.1,N,7,1,27148,0,0
34,44000,OWN,2.0,EDUCATION,10000,13.43,0,0.23,Y,9,0,27154,0,0
32,82000,MORTGAGE,13.0,PERSONAL,10000,10.36,0,0.12,N,6,1,27161,0,0
29,67000,MORTGAGE,13.0,VENTURE,10000,7.14,0,0.15,N,8,1,27163,0,0
27,46800,MORTGAGE,5.0,EDUCATION,6000,9.99,0,0.13,N,6,1,27165,0,0
27,231252,MORTGAGE,1.0,PERSONAL,2000,9.91,0,0.01,N,10,1,27166,0,0
29,75000,MORTGAGE,9.0,PERSONAL,8000,11.99,0,0.11,N,8,1,27175,0,0
35,40000,OWN,5.0,VENTURE,8000,7.66,0,0.2,N,7,1,27178,0,0
29,34000,RENT,13.0,VENTURE,2000,14.72,0,0.06,N,5,1,27184,0,0
30,60000,MORTGAGE,8.0,MEDICAL,7400,13.11,0,0.12,N,8,1,27189,0,0
32,31000,RENT,0.0,EDUCATION,5000,11.49,1,0.16,N,8,1,27193,1,0
29,55000,MORTGAGE,9.0,HOMEIMPROVEMENT,5000,10.99,0,0.09,N,10,1,27194,0,0
27,156000,MORTGAGE,11.0,DEBTCONSOLIDATION,5000,6.54,0,0.03,N,5,1,27196,0,0
31,201000,MORTGAGE,3.0,PERSONAL,15000,11.12,0,0.07,N,5,1,27203,0,0
29,84000,MORTGAGE,1.0,HOMEIMPROVEMENT,20000,11.83,0,0.24,N,6,1,27205,0,0
32,40000,OWN,2.0,VENTURE,7000,12.68,0,0.17,N,5,1,27214,0,0
27,56525,MORTGAGE,4.0,MEDICAL,12000,15.95,1,0.18,N,10,1,27221,1,1
32,122004,MORTGAGE,13.0,MEDICAL,10000,8.59,0,0.08,N,10,1,27225,0,0
28,33000,RENT,12.0,PERSONAL,8000,14.65,1,0.24,N,9,1,27227,1,0
34,148750,RENT,3.0,MEDICAL,12000,7.9,1,0.07,N,8,1,27229,1,0
28,50000,RENT,2.0,EDUCATION,2000,16.89,1,0.04,N,5,1,27232,1,1
29,65000,RENT,4.0,PERSONAL,12000,16.49,0,0.18,N,7,1,27238,0,0
28,70000,MORTGAGE,13.0,MEDICAL,5000,6.99,0,0.07,N,9,1,27239,0,0
30,60000,RENT,8.0,MEDICAL,5000,10.99,0,0.08,N,8,1,27254,0,0
29,99000,RENT,3.0,PERSONAL,8000,12.99,0,0.08,Y,8,0,27255,0,0
32,101000,RENT,3.0,MEDICAL,20000,10.75,0,0.2,N,8,1,27274,0,0
27,49200,MORTGAGE,4.0,HOMEIMPROVEMENT,2500,5.42,0,0.05,N,10,1,27283,0,0
29,63000,RENT,5.0,PERSONAL,10000,15.33,0,0.16,Y,7,0,27290,0,0
27,45000,OWN,9.0,PERSONAL,12000,6.03,0,0.27,N,5,1,27295,0,0
30,110000,MORTGAGE,12.0,HOMEIMPROVEMENT,5000,10.99,0,0.05,N,7,1,27298,0,0
29,30000,MORTGAGE,3.0,MEDICAL,4000,10.99,0,0.13,N,7,1,27300,0,0
30,32004,OWN,4.0,VENTURE,5500,8.0,0,0.17,N,8,1,27311,0,0
28,71400,RENT,5.0,MEDICAL,5000,11.12,1,0.06,N,8,1,27316,1,0
35,82863,RENT,14.0,EDUCATION,11000,10.99,0,0.13,N,9,1,27317,0,0
29,61000,RENT,2.0,VENTURE,15000,14.96,1,0.25,N,10,1,27318,1,1
27,190000,RENT,5.0,VENTURE,22000,6.91,0,0.12,N,8,1,27319,0,0
28,65007,MORTGAGE,4.0,DEBTCONSOLIDATION,25000,18.62,1,0.38,Y,9,0,27329,1,1
27,44630,OWN,10.0,VENTURE,10825,10.99,0,0.24,N,6,1,27336,0,0
30,71000,RENT,8.0,VENTURE,8000,11.12,0,0.11,N,8,1,27337,0,0
27,106000,MORTGAGE,11.0,EDUCATION,4000,11.71,0,0.04,N,8,1,27338,0,0
33,125004,RENT,3.0,EDUCATION,12000,15.68,0,0.1,N,8,1,27343,0,0
28,43500,MORTGAGE,12.0,PERSONAL,4000,12.69,0,0.09,N,5,1,27346,0,0
31,66000,RENT,9.0,EDUCATION,2550,11.36,0,0.04,N,9,1,27348,0,0
33,54000,MORTGAGE,7.0,MEDICAL,32000,15.23,1,0.59,Y,7,0,27351,1,1
32,40000,RENT,2.0,PERSONAL,4000,9.99,0,0.1,N,8,1,27359,0,0
31,116400,RENT,3.0,PERSONAL,8900,10.0,0,0.08,N,5,1,27366,0,0
27,95000,MORTGAGE,11.0,VENTURE,18000,13.48,0,0.19,N,5,1,27377,0,0
27,40000,OWN,11.0,PERSONAL,6400,9.32,0,0.16,N,9,1,27379,0,0
28,86000,MORTGAGE,12.0,VENTURE,15600,5.99,0,0.18,N,7,1,27391,0,0
29,45000,OWN,0.0,MEDICAL,10000,17.58,0,0.22,Y,6,0,27393,0,0
32,44500,OWN,3.0,HOMEIMPROVEMENT,15000,7.51,0,0.34,N,5,1,27395,0,0
29,92000,RENT,2.0,PERSONAL,20000,13.72,0,0.22,Y,8,0,27401,0,0
33,72000,MORTGAGE,6.0,VENTURE,4250,5.42,0,0.06,N,5,1,27403,0,0
30,36000,MORTGAGE,7.0,DEBTCONSOLIDATION,15000,11.83,0,0.42,N,10,1,27417,0,0
28,50000,RENT,7.0,VENTURE,14000,19.04,0,0.28,Y,5,0,27419,0,0
34,55000,MORTGAGE,6.0,PERSONAL,2500,13.49,0,0.05,N,5,1,27422,0,0
27,100970,MORTGAGE,5.0,VENTURE,20000,11.99,0,0.2,N,9,1,27434,0,0
31,73000,MORTGAGE,3.0,DEBTCONSOLIDATION,15000,10.99,0,0.21,N,9,1,27442,0,0
27,15600,RENT,11.0,MEDICAL,2800,10.65,1,0.18,N,7,1,27443,1,1
27,170000,RENT,3.0,HOMEIMPROVEMENT,12075,12.42,0,0.07,N,10,1,27447,0,0
30,34000,RENT,1.0,HOMEIMPROVEMENT,7500,10.99,1,0.22,Y,8,0,27448,1,1
31,17676,OWN,1.0,VENTURE,2500,14.74,0,0.14,Y,7,0,27451,0,0
33,44400,MORTGAGE,3.0,VENTURE,2000,14.22,1,0.05,Y,9,0,27458,1,0
27,42000,RENT,1.0,PERSONAL,3000,11.83,0,0.07,N,9,1,27461,0,0
29,175000,MORTGAGE,2.0,MEDICAL,10000,10.99,0,0.06,N,7,1,27462,0,0
28,30000,MORTGAGE,4.0,HOMEIMPROVEMENT,3000,6.76,0,0.1,N,9,1,27471,0,0
28,82000,MORTGAGE,0.0,MEDICAL,15000,12.98,0,0.18,Y,8,0,27473,0,0
32,19000,RENT,1.0,VENTURE,8325,6.62,1,0.44,N,10,1,27477,1,1
34,98000,OWN,19.0,MEDICAL,16000,10.99,0,0.16,N,10,1,27479,0,0
28,36000,RENT,0.0,MEDICAL,10000,11.11,0,0.28,N,8,1,27481,0,0
28,70000,RENT,1.0,EDUCATION,7800,7.9,0,0.11,N,8,1,27492,0,0
35,30000,RENT,0.0,MEDICAL,6475,5.42,0,0.22,N,6,1,27495,0,0
28,46097,MORTGAGE,12.0,DEBTCONSOLIDATION,6000,10.75,0,0.13,N,8,1,27497,0,0
32,18000,OWN,0.0,VENTURE,4750,7.88,1,0.26,N,6,1,27505,1,1
35,100000,MORTGAGE,14.0,PERSONAL,10000,6.62,0,0.1,N,8,1,27510,0,0
32,176000,MORTGAGE,15.0,PERSONAL,2400,14.42,0,0.01,Y,10,0,27511,0,1
27,53000,MORTGAGE,6.0,PERSONAL,5000,10.99,0,0.09,N,5,1,27513,0,0
29,60000,RENT,2.0,HOMEIMPROVEMENT,14000,7.51,0,0.23,N,5,1,27519,0,0
29,125000,MORTGAGE,0.0,VENTURE,10000,5.79,0,0.08,N,9,1,27520,0,0
32,71000,MORTGAGE,10.0,MEDICAL,14000,6.99,0,0.2,N,5,1,27522,0,0
27,26237,RENT,0.0,MEDICAL,12000,13.22,1,0.46,N,7,1,27524,1,1
31,24000,RENT,0.0,PERSONAL,4400,15.62,1,0.18,N,6,1,27535,1,1
30,60000,OWN,7.0,DEBTCONSOLIDATION,6000,14.84,0,0.1,Y,5,0,27538,0,0
32,47900,RENT,2.0,EDUCATION,11000,7.51,0,0.23,N,7,1,27544,0,0
27,60000,MORTGAGE,2.0,DEBTCONSOLIDATION,15000,11.86,0,0.25,N,8,1,27545,0,0
28,55000,MORTGAGE,7.0,PERSONAL,8000,10.99,0,0.15,N,9,1,27550,0,0
34,41600,MORTGAGE,16.0,DEBTCONSOLIDATION,17500,6.17,0,0.42,N,8,1,27552,0,0
29,200000,RENT,14.0,PERSONAL,16000,12.69,0,0.08,N,7,1,27568,0,0
27,19498,RENT,3.0,HOMEIMPROVEMENT,9575,6.62,1,0.49,N,5,1,27572,1,1
27,90000,MORTGAGE,4.0,DEBTCONSOLIDATION,15000,10.99,0,0.17,N,6,1,27577,0,0
32,84996,MORTGAGE,4.0,PERSONAL,9000,9.32,0,0.11,N,10,1,27578,0,0
34,26400,MORTGAGE,0.0,DEBTCONSOLIDATION,3600,9.88,0,0.14,N,5,1,27582,0,0
29,45000,RENT,0.0,MEDICAL,12000,12.99,0,0.27,N,8,1,27583,0,0
27,40000,RENT,11.0,MEDICAL,20000,6.91,1,0.5,N,5,1,27585,1,1
30,84000,MORTGAGE,13.0,PERSONAL,12000,11.11,0,0.14,N,7,1,27587,0,0
28,64049,MORTGAGE,7.0,PERSONAL,20000,12.69,0,0.31,N,8,1,27591,0,0
28,131040,MORTGAGE,0.0,MEDICAL,10000,13.35,0,0.08,Y,7,0,27592,0,0
27,35000,RENT,5.0,VENTURE,10000,13.48,0,0.29,Y,8,0,27593,0,0
27,40000,MORTGAGE,4.0,HOMEIMPROVEMENT,8000,14.72,0,0.2,N,7,1,27602,0,0
27,45150,RENT,1.0,VENTURE,18000,13.16,1,0.4,N,7,1,27604,1,1
33,21600,RENT,3.0,PERSONAL,10000,12.53,1,0.46,N,7,1,27612,1,1
28,110000,MORTGAGE,12.0,MEDICAL,15000,10.0,0,0.14,N,6,1,27614,0,0
34,97356,RENT,12.0,HOMEIMPROVEMENT,20000,13.22,0,0.21,Y,7,0,27618,0,0
31,106000,MORTGAGE,15.0,DEBTCONSOLIDATION,2400,9.63,0,0.02,N,5,1,27622,0,0
29,60000,MORTGAGE,13.0,MEDICAL,13500,7.51,0,0.23,N,5,1,27625,0,0
30,265000,MORTGAGE,3.0,HOMEIMPROVEMENT,24000,14.96,0,0.09,Y,7,0,27628,0,0
28,66725,RENT,3.0,MEDICAL,9000,16.29,1,0.11,N,8,1,27633,1,1
33,100000,MORTGAGE,1.0,EDUCATION,25000,10.39,0,0.25,N,9,1,27636,0,0
33,96000,MORTGAGE,0.0,DEBTCONSOLIDATION,8000,13.72,0,0.08,N,5,1,27637,0,1
32,26400,RENT,0.0,VENTURE,8000,7.51,0,0.3,N,6,1,27645,0,0
30,130000,MORTGAGE,14.0,DEBTCONSOLIDATION,4000,10.99,0,0.03,N,8,1,27646,0,0
31,238000,MORTGAGE,14.0,DEBTCONSOLIDATION,12000,14.09,1,0.05,Y,10,0,27647,1,0
29,120000,RENT,1.0,MEDICAL,17500,12.87,0,0.15,N,5,1,27651,0,0
28,30000,MORTGAGE,4.0,PERSONAL,7500,11.78,0,0.25,N,9,1,27652,0,0
30,57000,MORTGAGE,6.0,HOMEIMPROVEMENT,4000,8.0,0,0.07,N,8,1,27653,0,0
31,60000,RENT,11.0,EDUCATION,15000,11.71,0,0.25,N,7,1,27662,0,0
29,27000,RENT,8.0,MEDICAL,5000,6.76,0,0.19,N,8,1,27665,0,0
27,24000,RENT,2.0,MEDICAL,1450,10.99,0,0.06,N,9,1,27667,0,0
27,20000,RENT,4.0,PERSONAL,3250,10.99,1,0.16,N,5,1,27669,1,0
30,30000,MORTGAGE,3.0,DEBTCONSOLIDATION,5100,7.9,0,0.17,N,5,1,27671,0,0
28,45000,RENT,4.0,MEDICAL,9000,14.65,0,0.2,N,6,1,27673,0,0
27,45727,MORTGAGE,5.0,VENTURE,1000,16.29,0,0.02,N,5,1,27682,0,0
29,85500,MORTGAGE,3.0,HOMEIMPROVEMENT,9500,10.99,0,0.11,N,9,1,27694,0,0
33,60000,RENT,3.0,DEBTCONSOLIDATION,9000,8.49,0,0.15,N,8,1,27697,0,0
29,50000,MORTGAGE,0.0,PERSONAL,6300,6.62,0,0.13,N,8,1,27705,0,0
34,80300,MORTGAGE,3.0,HOMEIMPROVEMENT,15000,12.73,0,0.19,Y,10,0,27720,0,0
29,53000,RENT,0.0,PERSONAL,5000,5.42,0,0.09,N,5,1,27721,0,0
27,90000,OWN,1.0,VENTURE,7500,7.51,0,0.08,N,10,1,27722,0,0
31,68000,MORTGAGE,2.0,DEBTCONSOLIDATION,18000,10.0,0,0.26,N,7,1,27727,0,0
28,78000,MORTGAGE,12.0,MEDICAL,13000,10.99,0,0.17,N,9,1,27730,0,0
29,85000,MORTGAGE,2.0,PERSONAL,10000,7.88,0,0.12,N,5,1,27735,0,0
28,73200,RENT,2.0,VENTURE,12000,8.9,0,0.16,N,5,1,27736,0,0
27,30000,RENT,3.0,DEBTCONSOLIDATION,13000,7.88,1,0.43,N,8,1,27741,1,1
27,80000,MORTGAGE,11.0,VENTURE,5000,8.0,0,0.06,N,10,1,27749,0,0
28,92000,MORTGAGE,12.0,VENTURE,24500,18.3,0,0.27,N,7,1,27752,0,1
27,115000,MORTGAGE,0.0,MEDICAL,12000,7.29,0,0.1,N,6,1,27754,0,0
30,144000,MORTGAGE,7.0,PERSONAL,6000,8.49,0,0.04,N,7,1,27755,0,0
29,73000,MORTGAGE,7.0,EDUCATION,12000,7.29,0,0.16,N,8,1,27756,0,0
33,135000,OWN,0.0,VENTURE,17500,11.83,0,0.13,N,5,1,27760,0,0
34,180000,MORTGAGE,9.0,PERSONAL,12900,12.99,0,0.07,Y,8,0,27767,0,0
32,74000,MORTGAGE,5.0,VENTURE,15000,11.11,0,0.2,N,9,1,27770,0,0
28,73000,RENT,3.0,DEBTCONSOLIDATION,1000,10.99,0,0.01,N,7,1,27771,0,0
30,20520,RENT,0.0,MEDICAL,5000,9.99,0,0.24,N,9,1,27776,0,0
27,62000,RENT,7.0,HOMEIMPROVEMENT,5000,10.99,0,0.08,N,5,1,27778,0,0
27,29120,RENT,2.0,MEDICAL,4000,10.75,0,0.14,N,8,1,27787,0,0
28,56000,MORTGAGE,5.0,MEDICAL,5050,12.29,1,0.09,Y,8,0,27792,1,1
30,66000,MORTGAGE,15.0,DEBTCONSOLIDATION,15000,11.14,0,0.23,N,5,1,27800,0,0
35,29400,RENT,0.0,EDUCATION,6150,12.21,0,0.21,N,10,1,27806,0,0
29,62500,MORTGAGE,13.0,MEDICAL,5000,11.36,0,0.08,N,5,1,27807,0,0
28,28800,MORTGAGE,2.0,EDUCATION,2000,10.59,0,0.07,N,8,1,27809,0,0
32,140000,MORTGAGE,3.0,HOMEIMPROVEMENT,5000,10.38,0,0.04,N,10,1,27814,0,0
31,85000,RENT,5.0,VENTURE,16000,11.34,0,0.19,N,6,1,27826,0,0
31,80000,MORTGAGE,5.0,PERSONAL,6000,7.4,0,0.07,N,9,1,27827,0,0
31,90000,MORTGAGE,11.0,MEDICAL,12000,6.92,0,0.13,N,6,1,27828,0,0
34,60000,MORTGAGE,6.0,PERSONAL,10500,15.68,0,0.17,Y,9,0,27836,0,0
35,32000,RENT,4.0,DEBTCONSOLIDATION,14500,6.17,1,0.45,N,5,1,27838,1,1
30,28000,OWN,5.0,HOMEIMPROVEMENT,6300,11.99,0,0.23,N,8,1,27847,0,0
33,30000,RENT,14.0,MEDICAL,7500,11.86,1,0.25,N,8,1,27849,1,0
35,130000,RENT,6.0,MEDICAL,4375,10.99,0,0.03,N,8,1,27858,0,0
31,77940,MORTGAGE,3.0,VENTURE,16250,10.99,0,0.21,N,9,1,27870,0,0
27,120000,MORTGAGE,11.0,PERSONAL,7000,6.76,0,0.06,N,7,1,27878,0,0
28,68004,RENT,1.0,PERSONAL,15000,13.16,0,0.22,Y,7,0,27888,0,0
28,110004,MORTGAGE,2.0,EDUCATION,15000,10.99,0,0.14,N,5,1,27895,0,0
29,33000,RENT,6.0,VENTURE,5000,8.9,0,0.15,N,8,1,27899,0,0
27,42000,RENT,6.0,VENTURE,3000,10.99,0,0.07,N,8,1,27900,0,0
32,83196,RENT,1.0,EDUCATION,9350,10.99,0,0.11,N,6,1,27901,0,0
27,31200,MORTGAGE,1.0,HOMEIMPROVEMENT,12300,12.53,0,0.39,N,8,1,27903,0,0
28,24000,MORTGAGE,2.0,PERSONAL,1500,7.14,0,0.06,N,6,1,27904,0,0
27,51000,OWN,11.0,VENTURE,18000,7.49,0,0.35,N,6,1,27918,0,0
31,62000,MORTGAGE,4.0,MEDICAL,6550,5.79,0,0.11,N,10,1,27921,0,0
27,44000,MORTGAGE,3.0,EDUCATION,6400,13.85,0,0.15,N,10,1,27927,0,0
33,125000,MORTGAGE,2.0,DEBTCONSOLIDATION,20000,7.88,0,0.16,N,7,1,27934,0,0
30,135000,RENT,4.0,VENTURE,25000,15.21,0,0.19,N,9,1,27936,0,0
29,98850,RENT,6.0,DEBTCONSOLIDATION,12500,10.99,0,0.13,N,10,1,27941,0,0
27,60000,RENT,1.0,VENTURE,10000,13.22,0,0.17,N,7,1,27943,0,0
33,75000,MORTGAGE,17.0,EDUCATION,12000,10.99,0,0.16,Y,10,0,27945,0,0
33,170000,OWN,15.0,MEDICAL,21000,14.26,0,0.12,N,9,1,27947,0,0
27,44004,MORTGAGE,2.0,MEDICAL,10000,6.92,0,0.23,N,6,1,27958,0,0
30,54000,RENT,2.0,HOMEIMPROVEMENT,5000,15.13,1,0.09,N,7,1,27963,1,1
31,60000,RENT,4.0,EDUCATION,25000,8.9,1,0.42,N,7,1,27970,1,1
30,50000,RENT,2.0,DEBTCONSOLIDATION,2000,14.79,0,0.04,Y,6,0,27971,0,0
29,92004,MORTGAGE,12.0,MEDICAL,10000,9.63,0,0.11,N,9,1,27976,0,0
30,78000,MORTGAGE,1.0,MEDICAL,26000,15.96,0,0.33,Y,5,0,27980,0,1
27,28800,RENT,0.0,EDUCATION,3000,7.88,1,0.1,N,7,1,27984,1,1
35,24960,RENT,6.0,VENTURE,1400,8.49,0,0.06,N,7,1,27995,0,0
29,47133,RENT,5.0,MEDICAL,5100,11.86,0,0.11,N,7,1,27996,0,0
34,480000,MORTGAGE,5.0,PERSONAL,14000,14.61,0,0.03,N,9,1,27998,0,0
28,48000,RENT,7.0,PERSONAL,4000,14.35,0,0.08,N,10,1,28002,0,0
28,64600,MORTGAGE,12.0,MEDICAL,5000,8.94,1,0.07,N,9,1,28005,1,0
32,240000,MORTGAGE,5.0,MEDICAL,8400,7.51,0,0.04,N,6,1,28007,0,0
31,124992,MORTGAGE,15.0,VENTURE,24000,8.49,0,0.19,N,7,1,28009,0,0
27,64000,RENT,2.0,DEBTCONSOLIDATION,5000,12.99,0,0.08,N,8,1,28025,0,0
30,49000,RENT,2.0,PERSONAL,5000,15.31,1,0.1,N,7,1,28031,1,1
29,69000,OWN,11.0,MEDICAL,6000,11.12,0,0.09,N,8,1,28040,0,0
33,87000,MORTGAGE,1.0,PERSONAL,5000,14.96,0,0.06,N,6,1,28048,0,0
27,82500,MORTGAGE,3.0,DEBTCONSOLIDATION,11100,8.94,0,0.13,N,7,1,28049,0,0
33,44000,RENT,3.0,MEDICAL,2725,12.18,1,0.06,N,6,1,28051,1,1
27,150000,OWN,0.0,EDUCATION,10000,8.59,0,0.07,N,9,1,28053,0,0
34,40000,RENT,2.0,EDUCATION,5000,12.53,0,0.13,N,5,1,28058,0,0
31,30000,RENT,0.0,VENTURE,6600,16.49,1,0.22,Y,6,0,28062,1,1
31,77000,MORTGAGE,4.0,HOMEIMPROVEMENT,10000,14.65,0,0.13,N,6,1,28063,0,0
30,30809,RENT,1.0,MEDICAL,11200,11.99,1,0.36,N,8,1,28068,1,1
27,38000,MORTGAGE,3.0,VENTURE,4500,9.99,0,0.12,N,7,1,28078,0,0
31,24000,RENT,2.0,PERSONAL,3000,7.49,0,0.13,N,8,1,28081,0,0
35,66000,MORTGAGE,4.0,EDUCATION,3000,6.03,0,0.05,N,10,1,28089,0,0
34,51621,MORTGAGE,5.0,HOMEIMPROVEMENT,3500,11.49,0,0.07,N,7,1,28096,0,0
28,61000,MORTGAGE,12.0,PERSONAL,12000,6.03,0,0.2,N,5,1,28097,0,0
32,50000,RENT,3.0,MEDICAL,2500,13.49,0,0.05,N,10,1,28098,0,0
34,225000,MORTGAGE,4.0,DEBTCONSOLIDATION,3000,13.35,0,0.01,Y,7,0,28100,0,0
34,75000,MORTGAGE,3.0,VENTURE,3000,7.9,0,0.04,N,8,1,28101,0,0
29,48000,MORTGAGE,3.0,VENTURE,17375,14.27,0,0.36,Y,10,0,28104,0,0
27,69996,RENT,3.0,HOMEIMPROVEMENT,10800,14.91,0,0.15,N,6,1,28107,0,0
34,45000,MORTGAGE,1.0,DEBTCONSOLIDATION,12000,11.86,0,0.27,N,5,1,28108,0,0
30,78000,RENT,10.0,DEBTCONSOLIDATION,15000,14.96,1,0.19,N,9,1,28120,1,1
32,54000,MORTGAGE,2.0,HOMEIMPROVEMENT,7125,9.99,1,0.13,N,6,1,28124,1,0
33,90000,MORTGAGE,4.0,EDUCATION,12000,12.98,0,0.13,N,5,1,28125,0,0
29,28000,RENT,2.0,PERSONAL,5000,16.07,1,0.18,N,8,1,28127,1,1
31,100000,MORTGAGE,0.0,HOMEIMPROVEMENT,15000,9.63,0,0.15,N,5,1,28135,0,0
28,40000,OWN,2.0,MEDICAL,3600,6.99,0,0.09,N,10,1,28136,0,0
29,72500,MORTGAGE,2.0,MEDICAL,7000,13.79,0,0.1,Y,8,0,28142,0,0
34,138000,MORTGAGE,14.0,MEDICAL,25000,11.12,0,0.18,N,6,1,28146,0,0
29,91560,MORTGAGE,8.0,PERSONAL,22000,6.91,0,0.24,N,5,1,28147,0,0
27,44640,RENT,0.0,PERSONAL,12800,11.83,0,0.29,N,8,1,28150,0,0
34,113000,RENT,6.0,DEBTCONSOLIDATION,9600,10.99,0,0.08,N,5,1,28154,0,0
33,45000,RENT,4.0,EDUCATION,12000,7.88,0,0.27,N,5,1,28162,0,0
29,37920,RENT,2.0,MEDICAL,12000,13.48,1,0.32,N,8,1,28171,1,1
34,135000,MORTGAGE,2.0,MEDICAL,15000,5.42,0,0.11,N,6,1,28181,0,0
32,40000,MORTGAGE,4.0,VENTURE,7500,5.99,0,0.19,N,8,1,28186,0,0
30,140000,MORTGAGE,2.0,HOMEIMPROVEMENT,15000,16.35,0,0.11,N,5,1,28188,0,0
32,60000,MORTGAGE,16.0,MEDICAL,6000,6.62,0,0.1,N,5,1,28189,0,0
35,78000,MORTGAGE,9.0,PERSONAL,10000,6.54,0,0.13,N,5,1,28191,0,0
31,33600,MORTGAGE,1.0,MEDICAL,15250,12.53,0,0.45,N,8,1,28192,0,0
30,28000,RENT,5.0,DEBTCONSOLIDATION,12000,14.22,1,0.43,N,8,1,28194,1,1
27,48996,RENT,3.0,EDUCATION,12000,12.53,0,0.24,N,8,1,28197,0,0
32,40100,RENT,3.0,MEDICAL,7175,12.99,0,0.18,Y,6,0,28215,0,0
29,480000,MORTGAGE,6.0,DEBTCONSOLIDATION,6500,5.42,0,0.01,N,9,1,28216,0,0
30,80000,MORTGAGE,2.0,EDUCATION,6000,14.17,0,0.07,Y,9,0,28217,0,0
32,91800,MORTGAGE,13.0,MEDICAL,8400,15.99,1,0.08,N,9,1,28219,1,1
28,50000,RENT,2.0,EDUCATION,3000,10.37,0,0.06,N,9,1,28233,0,0
28,124886,MORTGAGE,12.0,PERSONAL,5000,11.99,1,0.04,N,5,1,28244,1,0
27,104371,RENT,4.0,EDUCATION,15000,16.77,0,0.14,Y,6,0,28249,0,0
27,72000,MORTGAGE,6.0,EDUCATION,6000,5.42,0,0.08,N,6,1,28259,0,0
29,57600,RENT,1.0,EDUCATION,6000,9.91,0,0.1,N,5,1,28265,0,0
28,72000,MORTGAGE,12.0,VENTURE,16000,15.95,0,0.22,N,5,1,28266,0,0
31,77500,RENT,4.0,EDUCATION,10000,16.49,0,0.13,Y,7,0,28279,0,0
33,97000,RENT,4.0,EDUCATION,7000,12.98,0,0.07,Y,8,0,28280,0,0
30,40000,RENT,8.0,VENTURE,2500,5.79,0,0.06,N,8,1,28282,0,0
31,29000,RENT,14.0,HOMEIMPROVEMENT,15075,10.99,1,0.52,N,7,1,28283,1,1
31,101000,RENT,2.0,VENTURE,7500,13.22,0,0.07,N,9,1,28286,0,0
36,900000,MORTGAGE,8.0,PERSONAL,6000,10.99,0,0.01,N,12,1,28309,0,0
40,540600,MORTGAGE,8.0,MEDICAL,35000,15.99,1,0.06,Y,11,0,28316,1,1
40,133000,RENT,2.0,EDUCATION,35000,14.54,1,0.26,Y,17,0,28321,1,1
37,408000,RENT,14.0,EDUCATION,6000,12.61,0,0.01,N,13,1,28323,0,0
46,336000,OWN,11.0,VENTURE,9000,11.49,0,0.03,N,13,1,28326,0,0
38,306000,MORTGAGE,9.0,VENTURE,15000,10.62,0,0.05,N,17,1,28329,0,0
42,300000,MORTGAGE,0.0,PERSONAL,10000,17.27,0,0.03,Y,14,0,28332,0,0
36,90000,RENT,7.0,PERSONAL,30000,15.99,1,0.33,Y,11,0,28335,1,1
36,280000,RENT,3.0,DEBTCONSOLIDATION,5000,14.26,0,0.02,N,16,1,28336,0,0
43,267000,MORTGAGE,14.0,DEBTCONSOLIDATION,21000,12.69,0,0.08,N,13,1,28339,0,0
36,250000,RENT,2.0,DEBTCONSOLIDATION,20000,7.88,0,0.08,N,17,1,28344,0,0
41,250000,MORTGAGE,14.0,DEBTCONSOLIDATION,4200,13.11,0,0.02,N,14,1,28345,0,0
36,250000,MORTGAGE,2.0,VENTURE,4000,7.14,0,0.02,N,12,1,28346,0,0
48,228000,MORTGAGE,0.0,HOMEIMPROVEMENT,25000,15.31,1,0.11,N,13,1,28347,1,0
45,225000,RENT,14.0,PERSONAL,22200,12.69,0,0.1,N,12,1,28352,0,0
40,201400,RENT,2.0,EDUCATION,12450,12.23,0,0.06,N,15,1,28361,0,0
37,200000,MORTGAGE,3.0,HOMEIMPROVEMENT,25000,10.75,0,0.13,N,11,1,28372,0,0
41,66504,RENT,5.0,EDUCATION,25000,17.56,1,0.38,Y,15,0,28374,1,1
47,55250,RENT,9.0,MEDICAL,25000,10.99,1,0.38,Y,13,0,28376,1,1
43,180000,MORTGAGE,5.0,HOMEIMPROVEMENT,6000,14.27,0,0.03,N,17,1,28388,0,0
36,180000,RENT,5.0,EDUCATION,24000,9.99,0,0.13,N,15,1,28392,0,0
37,174996,MORTGAGE,11.0,MEDICAL,6500,13.35,0,0.04,Y,17,0,28405,0,0
44,171996,MORTGAGE,19.0,VENTURE,25000,9.62,0,0.15,N,11,1,28407,0,0
36,103000,RENT,6.0,VENTURE,25000,12.53,1,0.24,Y,15,0,28416,1,0
38,124499,RENT,3.0,EDUCATION,25000,13.06,0,0.2,N,13,1,28417,0,0
36,127000,RENT,20.0,DEBTCONSOLIDATION,25000,14.59,1,0.2,N,11,1,28420,1,1
47,165000,MORTGAGE,2.0,HOMEIMPROVEMENT,19800,15.65,0,0.12,N,16,1,28422,0,0
36,430000,RENT,2.0,VENTURE,25000,13.8,0,0.06,Y,16,0,28425,0,0
50,118000,RENT,16.0,EDUCATION,24250,13.92,1,0.21,N,12,1,28434,1,1
39,17721,OWN,0.0,DEBTCONSOLIDATION,3975,11.97,1,0.22,Y,15,0,28442,1,1
38,81000,RENT,0.0,HOMEIMPROVEMENT,24000,8.49,0,0.3,N,13,1,28447,0,0
43,97500,RENT,6.0,VENTURE,24000,10.99,0,0.25,N,11,1,28448,0,0
48,130000,RENT,2.0,EDUCATION,24000,9.91,0,0.18,N,15,1,28450,0,0
42,67147,RENT,6.0,MEDICAL,22400,14.11,1,0.28,Y,11,0,28456,1,1
38,56524,RENT,16.0,HOMEIMPROVEMENT,22000,10.75,1,0.39,N,15,1,28459,1,1
42,82000,RENT,6.0,DEBTCONSOLIDATION,22000,10.99,0,0.27,N,12,1,28461,0,0
46,91000,RENT,0.0,HOMEIMPROVEMENT,22000,18.79,1,0.24,N,16,1,28462,1,1
39,119000,RENT,3.0,DEBTCONSOLIDATION,22000,11.49,0,0.18,N,12,1,28463,0,0
36,69996,RENT,6.0,VENTURE,20400,10.37,0,0.29,N,14,1,28476,0,0
37,20000,OWN,2.0,VENTURE,3000,12.69,0,0.15,N,17,1,28479,0,0
48,39915,RENT,15.0,VENTURE,20000,7.49,1,0.5,N,12,1,28480,1,1
40,50004,RENT,3.0,DEBTCONSOLIDATION,20000,10.99,1,0.4,N,17,1,28487,1,1
37,65000,RENT,2.0,PERSONAL,20000,10.25,1,0.31,N,16,1,28494,1,1
38,66690,RENT,12.0,EDUCATION,20000,14.59,0,0.3,N,14,1,28497,0,1
38,21600,OWN,1.0,EDUCATION,4750,15.23,0,0.22,Y,16,0,28504,0,0
36,103000,RENT,0.0,DEBTCONSOLIDATION,20000,13.79,0,0.19,Y,17,0,28510,0,0
37,120000,RENT,4.0,VENTURE,20000,13.47,0,0.17,Y,11,0,28515,0,0
41,150000,RENT,13.0,PERSONAL,20000,19.47,0,0.13,N,15,1,28518,0,0
39,150000,RENT,0.0,HOMEIMPROVEMENT,20000,10.08,0,0.13,N,17,1,28519,0,0
36,24000,MORTGAGE,18.0,VENTURE,6200,10.65,0,0.26,N,16,1,28530,0,0
38,24000,MORTGAGE,6.0,DEBTCONSOLIDATION,1500,6.03,0,0.06,N,16,1,28532,0,0
37,58000,RENT,9.0,MEDICAL,18200,10.99,1,0.31,N,11,1,28536,1,1
38,77000,RENT,9.0,VENTURE,18000,10.65,0,0.23,N,11,1,28547,0,0
36,82000,RENT,12.0,HOMEIMPROVEMENT,18000,13.22,0,0.22,N,17,1,28550,0,0
48,82500,RENT,4.0,HOMEIMPROVEMENT,18000,7.51,0,0.22,N,16,1,28551,0,0
36,130000,RENT,0.0,MEDICAL,18000,11.71,0,0.14,N,14,1,28556,0,0
46,72194,RENT,8.0,PERSONAL,17000,8.88,0,0.24,N,15,1,28563,0,0
40,95000,RENT,0.0,PERSONAL,17000,10.0,0,0.18,N,15,1,28565,0,0
37,25000,OWN,8.0,VENTURE,10625,13.06,0,0.42,Y,12,0,28567,0,0
36,72000,RENT,5.0,VENTURE,16500,13.61,0,0.23,N,11,1,28571,0,0
39,43680,RENT,9.0,MEDICAL,16000,10.99,1,0.37,N,16,1,28575,1,1
37,60000,RENT,21.0,DEBTCONSOLIDATION,16000,10.99,0,0.27,N,15,1,28581,0,0
41,28800,RENT,2.0,EDUCATION,1000,10.99,0,0.03,N,13,1,28594,0,0
46,35000,RENT,1.0,VENTURE,1000,7.9,0,0.03,N,12,1,28595,0,0
45,38400,RENT,4.0,DEBTCONSOLIDATION,1000,14.72,0,0.03,Y,12,0,28597,0,0
39,18300,RENT,0.0,DEBTCONSOLIDATION,1200,14.74,1,0.07,Y,11,0,28607,1,1
42,30132,RENT,4.0,VENTURE,1500,12.98,0,0.05,Y,14,0,28620,0,0
50,29000,RENT,1.0,PERSONAL,1500,10.39,1,0.05,N,15,1,28622,1,0
41,35400,RENT,11.0,VENTURE,1500,12.87,0,0.04,Y,14,0,28624,0,0
41,32004,RENT,2.0,HOMEIMPROVEMENT,1500,14.74,1,0.05,N,17,1,28626,1,1
39,39000,RENT,7.0,DEBTCONSOLIDATION,1500,10.36,1,0.04,N,16,1,28629,1,0
44,28000,OWN,0.0,VENTURE,3500,8.94,0,0.13,N,12,1,28632,0,0
45,74600,RENT,2.0,MEDICAL,1500,13.61,0,0.02,N,13,1,28636,0,0
38,80000,RENT,0.0,EDUCATION,1500,11.49,0,0.02,N,16,1,28637,0,0
36,89004,RENT,2.0,PERSONAL,1500,11.36,0,0.02,N,14,1,28638,0,0
37,44000,RENT,0.0,PERSONAL,1700,10.59,1,0.04,N,17,1,28644,1,0
36,28800,OWN,0.0,HOMEIMPROVEMENT,5375,11.11,0,0.19,N,13,1,28648,0,0
37,28800,MORTGAGE,3.0,VENTURE,4000,6.54,0,0.14,N,17,1,28650,0,0
36,156326,RENT,10.0,HOMEIMPROVEMENT,1800,8.0,0,0.01,N,16,1,28654,0,0
45,19200,RENT,0.0,VENTURE,2000,8.49,0,0.1,N,12,1,28662,0,0
42,20400,RENT,4.0,PERSONAL,2000,20.99,0,0.1,Y,13,0,28665,0,1
39,24000,RENT,0.0,MEDICAL,2000,10.99,0,0.08,N,11,1,28667,0,0
39,29894,OWN,23.0,HOMEIMPROVEMENT,8000,9.63,0,0.27,N,17,1,28674,0,0
48,30000,MORTGAGE,21.0,HOMEIMPROVEMENT,2100,12.42,0,0.07,N,14,1,28675,0,0
44,108000,RENT,2.0,MEDICAL,15000,13.57,0,0.14,N,12,1,28678,0,0
37,30000,OWN,13.0,EDUCATION,4800,16.29,0,0.16,N,11,1,28679,0,0
36,120000,RENT,4.0,HOMEIMPROVEMENT,15000,12.99,0,0.13,Y,15,0,28680,0,0
36,122000,RENT,2.0,HOMEIMPROVEMENT,15000,10.99,0,0.12,N,17,1,28681,0,0
44,65000,RENT,16.0,MEDICAL,2000,7.9,0,0.03,N,14,1,28692,0,0
39,34000,RENT,1.0,HOMEIMPROVEMENT,14000,17.58,1,0.41,N,16,1,28700,1,1
38,30000,RENT,2.0,DEBTCONSOLIDATION,2200,10.99,0,0.07,Y,11,0,28701,0,0
38,22000,RENT,2.0,DEBTCONSOLIDATION,2350,14.17,0,0.11,Y,16,0,28705,0,0
49,15000,RENT,6.0,EDUCATION,2400,9.91,1,0.16,N,17,1,28709,1,1
36,38568,RENT,7.0,PERSONAL,2400,18.39,0,0.06,Y,12,0,28717,0,0
36,60000,RENT,2.0,PERSONAL,2400,5.79,0,0.04,N,17,1,28720,0,0
39,62692,RENT,9.0,VENTURE,13200,9.88,0,0.21,N,11,1,28728,0,0
42,31000,MORTGAGE,5.0,VENTURE,7200,11.99,0,0.23,N,17,1,28729,0,0
38,31200,MORTGAGE,6.0,VENTURE,5850,13.49,0,0.19,Y,11,0,28733,0,0
36,36000,RENT,3.0,EDUCATION,2500,9.76,0,0.07,N,15,1,28739,0,0
36,32000,MORTGAGE,6.0,DEBTCONSOLIDATION,12000,10.37,0,0.38,N,11,1,28744,0,0
48,32304,MORTGAGE,22.0,MEDICAL,15000,9.63,0,0.46,N,17,1,28755,0,1
41,21000,RENT,0.0,MEDICAL,3000,10.99,0,0.14,N,15,1,28762,0,0
37,21600,RENT,7.0,MEDICAL,3000,12.18,0,0.14,N,16,1,28764,0,0
39,38500,RENT,0.0,MEDICAL,3000,10.99,0,0.08,N,16,1,28773,0,0
38,47000,RENT,2.0,VENTURE,3000,10.99,0,0.06,N,11,1,28777,0,0
37,48000,RENT,8.0,EDUCATION,3000,6.99,0,0.06,N,14,1,28780,0,0
38,49000,RENT,4.0,DEBTCONSOLIDATION,3000,7.51,0,0.06,N,13,1,28781,0,0
42,33600,MORTGAGE,11.0,VENTURE,5000,10.99,0,0.15,N,11,1,28784,0,0
40,51500,RENT,1.0,VENTURE,12000,12.53,0,0.23,N,15,1,28790,0,0
46,56500,RENT,4.0,HOMEIMPROVEMENT,12000,10.37,0,0.21,N,14,1,28800,0,0
40,53000,RENT,2.0,MEDICAL,3000,9.32,0,0.06,N,15,1,28802,0,0
40,57000,RENT,1.0,EDUCATION,3000,10.0,0,0.05,N,14,1,28808,0,0
36,35000,MORTGAGE,5.0,DEBTCONSOLIDATION,12000,8.9,0,0.34,N,17,1,28811,0,0
36,35000,MORTGAGE,4.0,HOMEIMPROVEMENT,7500,16.29,0,0.21,N,16,1,28818,0,0
38,35000,MORTGAGE,6.0,VENTURE,4800,7.51,0,0.14,N,14,1,28819,0,0
44,79272,RENT,0.0,HOMEIMPROVEMENT,3000,5.79,0,0.04,N,11,1,28823,0,0
37,88000,RENT,11.0,PERSONAL,3000,7.4,0,0.03,N,15,1,28825,0,0
38,35000,MORTGAGE,7.0,DEBTCONSOLIDATION,13075,7.29,0,0.37,N,16,1,28828,0,0
36,35000,MORTGAGE,2.0,HOMEIMPROVEMENT,7500,10.99,0,0.21,N,13,1,28836,0,0
37,33888,RENT,7.0,EDUCATION,3200,12.86,0,0.09,Y,16,0,28837,0,0
38,55000,RENT,9.0,HOMEIMPROVEMENT,3325,16.89,0,0.06,N,14,1,28851,0,0
42,29000,RENT,3.0,MEDICAL,3450,8.0,0,0.12,N,17,1,28855,0,0
38,20640,RENT,2.0,MEDICAL,3500,12.61,0,0.17,Y,16,0,28857,0,0
42,35010,RENT,4.0,MEDICAL,3500,12.68,0,0.1,Y,16,0,28858,0,0
44,37000,RENT,0.0,MEDICAL,3500,12.87,0,0.09,Y,13,0,28860,0,0
39,38400,RENT,5.0,EDUCATION,3500,12.99,0,0.09,Y,15,0,28862,0,0
37,36000,MORTGAGE,5.0,DEBTCONSOLIDATION,12000,6.03,0,0.33,N,13,1,28866,0,0
48,36000,OWN,24.0,VENTURE,8000,6.99,0,0.22,N,15,1,28868,0,0
37,44000,RENT,12.0,VENTURE,3500,13.61,0,0.08,N,15,1,28869,0,0
37,36000,MORTGAGE,7.0,EDUCATION,9000,7.49,0,0.25,N,17,1,28870,0,0
39,30500,RENT,3.0,PERSONAL,3600,7.68,0,0.12,N,13,1,28875,0,0
41,48000,RENT,0.0,MEDICAL,11000,7.66,0,0.23,N,15,1,28882,0,0
46,60000,RENT,12.0,DEBTCONSOLIDATION,11000,9.91,0,0.18,N,13,1,28886,0,0
37,63000,RENT,2.0,DEBTCONSOLIDATION,11000,10.99,0,0.17,N,16,1,28888,0,0
44,61000,RENT,2.0,DEBTCONSOLIDATION,11000,16.02,1,0.18,Y,15,0,28889,1,1
36,55000,RENT,6.0,HOMEIMPROVEMENT,10900,12.42,0,0.2,N,13,1,28895,0,0
37,41000,RENT,3.0,PERSONAL,10750,15.37,0,0.26,N,14,1,28907,0,0
37,37000,MORTGAGE,7.0,EDUCATION,4000,10.59,0,0.11,N,12,1,28908,0,0
41,37000,MORTGAGE,3.0,EDUCATION,6000,12.99,0,0.16,N,11,1,28909,0,0
37,42500,RENT,1.0,MEDICAL,3600,7.88,0,0.08,N,12,1,28918,0,0
44,38400,MORTGAGE,4.0,PERSONAL,6825,8.9,0,0.18,N,12,1,28953,0,0
36,30000,RENT,7.0,EDUCATION,4000,10.74,0,0.13,N,12,1,28957,0,0
45,31200,RENT,11.0,PERSONAL,4000,14.96,0,0.13,Y,17,0,28959,0,0
39,38500,MORTGAGE,7.0,MEDICAL,3500,13.98,0,0.09,Y,17,0,28962,0,0
36,33000,RENT,2.0,PERSONAL,4000,10.99,1,0.12,N,17,1,28969,1,0
38,40000,RENT,5.0,MEDICAL,4000,11.49,0,0.1,N,12,1,28972,0,0
41,43000,RENT,2.0,MEDICAL,4000,13.23,0,0.09,N,16,1,28978,0,0
40,39500,OWN,0.0,PERSONAL,10000,7.29,0,0.25,N,11,1,28980,0,0
40,51000,RENT,1.0,MEDICAL,4000,11.12,0,0.08,N,14,1,28989,0,0
41,75000,RENT,15.0,PERSONAL,4000,16.29,0,0.05,Y,12,0,28998,0,0
36,76000,RENT,2.0,DEBTCONSOLIDATION,4000,17.39,1,0.05,N,13,1,29000,1,1
39,40000,OWN,4.0,HOMEIMPROVEMENT,15000,5.42,0,0.38,N,13,1,29003,0,0
38,40000,OWN,6.0,MEDICAL,9000,7.49,0,0.23,N,16,1,29005,0,0
38,24000,RENT,0.0,HOMEIMPROVEMENT,4400,14.09,1,0.18,N,14,1,29010,1,1
39,40000,OWN,4.0,VENTURE,1000,10.37,0,0.03,N,16,1,29016,0,0
36,40000,OWN,2.0,PERSONAL,5000,7.88,0,0.13,N,12,1,29025,0,0
38,65000,RENT,4.0,HOMEIMPROVEMENT,4500,13.43,0,0.07,N,12,1,29028,0,0
50,40000,OWN,4.0,HOMEIMPROVEMENT,8000,7.88,0,0.2,N,14,1,29035,0,0
47,40000,MORTGAGE,0.0,PERSONAL,6000,7.74,0,0.15,N,11,1,29036,0,0
43,40000,MORTGAGE,3.0,MEDICAL,18000,11.83,0,0.45,N,15,1,29037,0,0
39,24000,RENT,0.0,DEBTCONSOLIDATION,4800,7.49,0,0.2,N,16,1,29041,0,0
36,40500,MORTGAGE,5.0,VENTURE,7475,5.42,0,0.18,N,13,1,29051,0,0
37,40800,OWN,0.0,VENTURE,4000,13.49,0,0.1,Y,14,0,29053,0,0
48,92000,RENT,1.0,PERSONAL,4800,7.88,0,0.05,N,17,1,29065,0,0
37,95000,RENT,3.0,MEDICAL,10000,7.88,0,0.11,N,13,1,29070,0,0
42,100000,RENT,3.0,VENTURE,10000,13.55,0,0.1,Y,13,0,29073,0,0
36,24168,RENT,2.0,MEDICAL,9925,13.06,1,0.41,N,13,1,29089,1,1
36,42000,MORTGAGE,2.0,VENTURE,6000,10.59,0,0.14,N,13,1,29093,0,0
37,42000,MORTGAGE,0.0,MEDICAL,3000,15.23,0,0.07,Y,11,0,29094,0,0
39,67000,RENT,4.0,EDUCATION,9800,16.29,0,0.15,Y,14,0,29095,0,1
47,28500,RENT,2.0,EDUCATION,5000,5.42,0,0.18,N,15,1,29101,0,0
38,30000,RENT,5.0,VENTURE,5000,13.61,0,0.17,Y,11,0,29103,0,0
36,30000,RENT,1.0,DEBTCONSOLIDATION,5000,11.14,0,0.17,N,17,1,29105,0,0
43,42000,MORTGAGE,3.0,VENTURE,20000,10.99,0,0.48,N,13,1,29108,0,0
41,32000,RENT,0.0,MEDICAL,5000,13.98,0,0.16,N,15,1,29109,0,0
39,32000,RENT,0.0,VENTURE,5000,9.32,0,0.16,N,12,1,29110,0,0
39,42000,OWN,5.0,PERSONAL,8000,10.38,0,0.19,N,17,1,29112,0,0
38,37200,RENT,1.0,DEBTCONSOLIDATION,5000,9.99,0,0.13,N,11,1,29128,0,0
41,39000,RENT,0.0,VENTURE,5000,10.99,0,0.13,N,15,1,29130,0,0
39,34000,RENT,3.0,PERSONAL,5000,8.49,1,0.15,N,15,1,29132,1,0
37,40000,RENT,8.0,VENTURE,5000,12.18,0,0.13,N,12,1,29136,0,0
40,42996,OWN,15.0,MEDICAL,15000,16.0,0,0.35,Y,16,0,29138,0,1
38,43000,MORTGAGE,3.0,DEBTCONSOLIDATION,8250,7.51,0,0.19,N,12,1,29141,0,0
36,37000,MORTGAGE,5.0,MEDICAL,3000,18.39,1,0.08,Y,15,0,29143,1,1
43,43000,MORTGAGE,5.0,MEDICAL,15000,8.88,0,0.35,N,12,1,29145,0,0
41,45600,RENT,18.0,MEDICAL,5000,6.17,0,0.11,N,14,1,29149,0,0
41,47000,RENT,2.0,PERSONAL,5000,7.51,0,0.11,N,11,1,29153,0,0
47,43200,MORTGAGE,8.0,HOMEIMPROVEMENT,13750,14.84,0,0.32,Y,13,0,29157,0,0
45,43800,RENT,0.0,EDUCATION,5000,10.99,1,0.11,N,14,1,29159,1,0
43,54000,RENT,0.0,HOMEIMPROVEMENT,9000,15.65,1,0.17,Y,16,0,29162,1,1
38,74000,RENT,9.0,EDUCATION,9000,12.84,0,0.12,N,12,1,29169,0,0
47,44000,OWN,3.0,HOMEIMPROVEMENT,4000,11.14,0,0.09,N,16,1,29170,0,0
42,32400,RENT,1.0,DEBTCONSOLIDATION,8875,16.29,1,0.27,N,16,1,29180,1,1
47,45000,OWN,10.0,MEDICAL,11200,6.62,0,0.25,N,12,1,29185,0,0
38,64777,RENT,5.0,DEBTCONSOLIDATION,8500,7.51,0,0.13,N,13,1,29198,0,0
42,68000,RENT,3.0,MEDICAL,8500,10.37,0,0.13,N,12,1,29199,0,0
42,2039784,RENT,0.0,VENTURE,8450,12.29,0,0.0,Y,15,0,29201,0,0
43,45000,MORTGAGE,3.0,MEDICAL,5700,6.91,0,0.13,N,11,1,29207,0,0
36,45000,MORTGAGE,2.0,EDUCATION,7000,7.14,0,0.16,N,14,1,29209,0,0
36,58000,RENT,18.0,VENTURE,5000,6.62,0,0.09,N,16,1,29211,0,0
39,45000,MORTGAGE,3.0,DEBTCONSOLIDATION,12000,14.72,0,0.27,N,15,1,29212,0,0
41,52106,RENT,4.0,DEBTCONSOLIDATION,5000,12.84,1,0.1,N,17,1,29213,1,0
38,60000,RENT,3.0,EDUCATION,5000,14.79,0,0.08,Y,17,0,29215,0,0
38,64000,RENT,4.0,DEBTCONSOLIDATION,5000,7.88,0,0.08,N,16,1,29221,0,0
39,68000,RENT,1.0,EDUCATION,5000,13.49,0,0.07,Y,11,0,29226,0,0
38,70000,RENT,2.0,MEDICAL,5000,12.42,0,0.07,N,11,1,29228,0,0
44,54400,RENT,3.0,MEDICAL,5000,12.61,1,0.08,Y,14,0,29230,1,1
36,45344,MORTGAGE,11.0,EDUCATION,16750,7.88,0,0.37,N,13,1,29235,0,0
36,87000,RENT,5.0,MEDICAL,5000,13.98,0,0.06,N,14,1,29239,0,0
36,39600,MORTGAGE,17.0,EDUCATION,1800,14.09,1,0.05,Y,17,0,29243,1,0
40,46000,MORTGAGE,5.0,HOMEIMPROVEMENT,10000,7.9,0,0.22,N,14,1,29253,0,0
50,46000,MORTGAGE,8.0,EDUCATION,8600,14.09,0,0.19,N,12,1,29258,0,1
40,34500,RENT,2.0,PERSONAL,5400,12.61,1,0.16,N,13,1,29264,1,1
37,27000,RENT,4.0,MEDICAL,5500,10.99,0,0.2,N,12,1,29270,0,0
36,30000,RENT,0.0,EDUCATION,5500,8.9,0,0.18,N,11,1,29273,0,0
36,34000,RENT,5.0,MEDICAL,5500,12.29,0,0.16,N,17,1,29278,0,0
39,50000,RENT,5.0,PERSONAL,5500,6.54,0,0.11,N,13,1,29280,0,0
36,50000,RENT,2.0,DEBTCONSOLIDATION,5500,8.32,0,0.11,N,16,1,29282,0,0
37,47000,MORTGAGE,4.0,PERSONAL,7000,10.99,0,0.15,N,11,1,29285,0,0
37,79600,RENT,5.0,EDUCATION,5500,7.88,0,0.07,N,11,1,29291,0,0
40,38004,RENT,2.0,MEDICAL,5600,11.58,0,0.15,N,17,1,29297,0,0
46,47844,OWN,16.0,VENTURE,27175,8.49,0,0.57,N,13,1,29298,0,0
36,39996,RENT,1.0,MEDICAL,5700,7.29,0,0.14,N,13,1,29308,0,0
38,48000,MORTGAGE,6.0,PERSONAL,6200,7.29,0,0.13,N,14,1,29314,0,0
38,35427,RENT,3.0,PERSONAL,5950,11.72,0,0.17,Y,11,0,29319,0,0
38,18720,RENT,0.0,VENTURE,6000,15.99,1,0.32,N,12,1,29321,1,1
42,48000,OWN,0.0,PERSONAL,3500,14.35,0,0.07,N,12,1,29325,0,0
44,48000,MORTGAGE,12.0,DEBTCONSOLIDATION,17500,12.18,0,0.36,N,15,1,29331,0,0
36,28800,RENT,2.0,EDUCATION,6000,15.96,0,0.21,Y,12,0,29333,0,1
39,48840,MORTGAGE,5.0,PERSONAL,15000,9.88,0,0.31,N,15,1,29343,0,0
38,49000,MORTGAGE,10.0,DEBTCONSOLIDATION,7250,11.99,0,0.15,N,11,1,29347,0,0
36,37008,RENT,8.0,VENTURE,6000,14.79,0,0.16,Y,14,0,29353,0,0
39,40000,RENT,5.0,PERSONAL,6000,14.54,0,0.15,N,16,1,29363,0,0
36,50000,MORTGAGE,7.0,PERSONAL,5000,7.51,0,0.1,N,16,1,29364,0,0
39,44500,RENT,5.0,MEDICAL,6000,7.88,0,0.13,N,17,1,29367,0,0
37,45000,RENT,11.0,PERSONAL,6000,10.99,0,0.13,N,16,1,29368,0,0
36,45000,RENT,14.0,DEBTCONSOLIDATION,6000,9.99,0,0.13,N,12,1,29370,0,0
40,48000,RENT,1.0,VENTURE,6000,10.08,0,0.13,N,13,1,29380,0,0
40,44000,RENT,0.0,PERSONAL,6000,10.99,1,0.14,N,12,1,29385,1,0
47,52000,RENT,3.0,PERSONAL,6000,10.99,0,0.12,N,16,1,29390,0,0
36,52000,RENT,0.0,EDUCATION,6000,9.99,0,0.12,N,12,1,29391,0,0
47,50000,MORTGAGE,3.0,EDUCATION,4000,10.99,0,0.08,Y,12,0,29396,0,0
38,50000,MORTGAGE,6.0,PERSONAL,3000,15.05,0,0.06,N,12,1,29420,0,0
40,71599,RENT,0.0,EDUCATION,6000,9.63,0,0.08,N,17,1,29431,0,0
40,80000,RENT,0.0,MEDICAL,6000,8.94,0,0.07,N,11,1,29446,0,0
42,110000,RENT,5.0,MEDICAL,6000,8.9,0,0.05,N,14,1,29453,0,0
43,33500,RENT,4.0,PERSONAL,6225,14.79,0,0.19,N,17,1,29460,0,0
45,51000,MORTGAGE,2.0,MEDICAL,7000,7.88,0,0.14,N,12,1,29461,0,0
36,52000,RENT,2.0,DEBTCONSOLIDATION,7000,13.85,1,0.13,N,11,1,29470,1,0
36,60000,RENT,3.0,HOMEIMPROVEMENT,7000,7.88,0,0.12,N,12,1,29472,0,0
37,21600,RENT,4.0,MEDICAL,6500,8.49,0,0.3,N,12,1,29496,0,0
38,52000,MORTGAGE,3.0,DEBTCONSOLIDATION,15250,7.88,0,0.29,N,15,1,29497,0,0
36,24000,RENT,3.0,MEDICAL,6500,7.29,0,0.27,N,13,1,29498,0,0
47,31400,RENT,1.0,VENTURE,6500,9.32,0,0.21,N,16,1,29502,0,0
47,52000,OWN,2.0,VENTURE,5000,10.08,0,0.1,N,12,1,29507,0,0
42,52400,MORTGAGE,14.0,HOMEIMPROVEMENT,21000,10.38,0,0.4,N,13,1,29512,0,0
39,53000,RENT,15.0,EDUCATION,6500,7.29,0,0.12,N,17,1,29514,0,0
36,46800,MORTGAGE,20.0,MEDICAL,2800,7.51,1,0.06,N,12,1,29519,1,0
36,53000,MORTGAGE,0.0,DEBTCONSOLIDATION,2200,14.35,0,0.04,Y,17,0,29526,0,0
39,54000,MORTGAGE,23.0,HOMEIMPROVEMENT,9000,11.71,0,0.17,N,12,1,29537,0,0
39,54000,MORTGAGE,17.0,PERSONAL,25000,11.49,0,0.46,N,16,1,29549,0,0
37,48257,MORTGAGE,21.0,MEDICAL,7000,15.21,1,0.15,Y,17,0,29556,1,1
41,54500,MORTGAGE,0.0,EDUCATION,7700,6.91,0,0.14,N,17,1,29557,0,0
37,54996,MORTGAGE,5.0,HOMEIMPROVEMENT,7000,6.92,0,0.13,N,13,1,29561,0,0
43,55000,MORTGAGE,14.0,VENTURE,10000,6.03,0,0.18,N,17,1,29569,0,0
43,42000,RENT,4.0,EDUCATION,7000,14.96,0,0.17,Y,16,0,29575,0,0
40,38000,RENT,4.0,DEBTCONSOLIDATION,7000,15.99,1,0.18,N,16,1,29579,1,1
36,45000,RENT,16.0,MEDICAL,7000,9.91,0,0.16,N,12,1,29582,0,0
37,45000,RENT,1.0,DEBTCONSOLIDATION,7000,7.49,0,0.16,N,15,1,29584,0,0
43,45000,RENT,5.0,EDUCATION,7000,5.42,0,0.16,N,12,1,29585,0,0
41,55000,MORTGAGE,17.0,PERSONAL,9000,5.99,0,0.16,N,17,1,29586,0,0
37,55000,OWN,2.0,VENTURE,24375,10.37,0,0.44,N,13,1,29588,0,0
41,50000,RENT,0.0,PERSONAL,7000,12.87,0,0.14,Y,12,0,29591,0,0
36,55000,RENT,5.0,VENTURE,7000,6.92,0,0.13,N,16,1,29598,0,0
37,60000,RENT,4.0,VENTURE,7175,7.9,0,0.12,N,14,1,29600,0,0
40,55000,OWN,2.0,HOMEIMPROVEMENT,8000,11.36,0,0.15,N,17,1,29606,0,0
36,50000,RENT,6.0,VENTURE,7200,13.98,0,0.14,N,15,1,29615,0,0
36,60000,RENT,1.0,PERSONAL,7200,10.99,0,0.12,Y,12,0,29617,0,0
42,60000,RENT,3.0,HOMEIMPROVEMENT,7200,5.79,0,0.12,N,11,1,29618,0,0
36,55500,MORTGAGE,15.0,EDUCATION,7875,11.99,0,0.14,N,12,1,29622,0,0
36,95000,RENT,3.0,VENTURE,7375,8.94,0,0.08,N,15,1,29627,0,0
39,56000,MORTGAGE,14.0,PERSONAL,10000,12.73,0,0.18,Y,12,0,29630,0,0
41,36684,RENT,0.0,MEDICAL,7500,10.96,0,0.2,N,14,1,29637,0,0
36,56500,MORTGAGE,7.0,VENTURE,12000,7.49,0,0.21,N,17,1,29641,0,0
37,48000,RENT,3.0,MEDICAL,7500,16.29,0,0.16,N,14,1,29646,0,1
36,55000,RENT,8.0,VENTURE,7500,8.9,0,0.14,N,13,1,29650,0,0
42,58000,RENT,16.0,DEBTCONSOLIDATION,7500,12.99,0,0.13,N,17,1,29653,0,0
41,57996,MORTGAGE,2.0,PERSONAL,15000,9.62,0,0.26,N,12,1,29667,0,0
39,57996,MORTGAGE,10.0,HOMEIMPROVEMENT,8000,7.88,0,0.14,N,16,1,29668,0,0
41,58000,MORTGAGE,12.0,DEBTCONSOLIDATION,1800,7.51,0,0.03,N,12,1,29673,0,0
36,21324,RENT,0.0,DEBTCONSOLIDATION,7550,14.61,1,0.35,N,13,1,29675,1,1
41,58000,MORTGAGE,6.0,DEBTCONSOLIDATION,5200,12.87,0,0.09,N,11,1,29688,0,0
36,59004,MORTGAGE,11.0,VENTURE,10000,7.51,0,0.17,N,15,1,29701,0,0
38,30000,RENT,6.0,MEDICAL,8000,10.99,0,0.27,N,14,1,29706,0,0
48,32000,RENT,4.0,MEDICAL,8000,6.62,0,0.25,N,14,1,29710,0,0
36,60000,MORTGAGE,7.0,DEBTCONSOLIDATION,17050,12.69,0,0.28,N,14,1,29712,0,0
39,35000,RENT,8.0,EDUCATION,8000,13.22,0,0.23,Y,14,0,29716,0,0
39,60000,MORTGAGE,6.0,DEBTCONSOLIDATION,12800,6.62,0,0.21,N,14,1,29718,0,0
39,33100,RENT,3.0,DEBTCONSOLIDATION,8000,14.26,1,0.24,Y,12,0,29727,1,1
50,60000,MORTGAGE,8.0,DEBTCONSOLIDATION,2000,7.49,0,0.03,N,15,1,29729,0,0
38,60000,MORTGAGE,7.0,DEBTCONSOLIDATION,8000,10.99,0,0.13,N,13,1,29731,0,0
46,60000,MORTGAGE,7.0,EDUCATION,3600,6.99,0,0.06,N,12,1,29735,0,0
43,60000,MORTGAGE,3.0,VENTURE,18000,10.99,0,0.3,N,11,1,29738,0,0
37,45000,RENT,0.0,EDUCATION,8000,9.63,0,0.18,N,17,1,29744,0,0
41,48000,RENT,7.0,EDUCATION,8000,5.99,0,0.17,N,15,1,29748,0,0
37,50000,RENT,5.0,HOMEIMPROVEMENT,8000,10.99,0,0.16,N,16,1,29752,0,0
37,50000,RENT,1.0,DEBTCONSOLIDATION,8000,10.99,0,0.16,N,16,1,29758,0,0
41,60000,MORTGAGE,5.0,MEDICAL,3850,13.35,0,0.06,N,13,1,29761,0,0
36,51000,RENT,5.0,MEDICAL,8000,13.47,0,0.16,Y,13,0,29762,0,0
41,57600,RENT,6.0,PERSONAL,8000,6.03,0,0.14,N,12,1,29770,0,0
44,60000,MORTGAGE,4.0,HOMEIMPROVEMENT,15000,10.99,0,0.25,N,13,1,29775,0,0
40,60000,MORTGAGE,1.0,VENTURE,4800,14.59,0,0.08,N,11,1,29776,0,0
39,60197,RENT,6.0,PERSONAL,5200,10.99,0,0.09,N,11,1,29779,0,0
37,60000,MORTGAGE,17.0,HOMEIMPROVEMENT,6000,9.32,0,0.1,N,16,1,29795,0,0
36,54000,MORTGAGE,1.0,MEDICAL,10000,14.93,1,0.19,Y,11,0,29800,1,1
46,60000,MORTGAGE,1.0,EDUCATION,5000,11.72,0,0.08,N,16,1,29803,0,0
36,24960,RENT,3.0,VENTURE,5000,6.62,0,0.2,N,15,1,29807,0,0
36,61000,MORTGAGE,2.0,DEBTCONSOLIDATION,10000,10.25,0,0.16,N,12,1,29820,0,0
39,75000,RENT,0.0,VENTURE,8000,6.54,0,0.11,N,15,1,29838,0,0
40,62000,MORTGAGE,17.0,DEBTCONSOLIDATION,2600,7.66,0,0.04,N,14,1,29839,0,0
43,62000,MORTGAGE,2.0,EDUCATION,20000,10.25,0,0.32,N,14,1,29843,0,0
44,88000,RENT,8.0,EDUCATION,8000,10.38,0,0.09,N,12,1,29847,0,0
39,48000,RENT,3.0,MEDICAL,8400,12.53,0,0.17,Y,17,0,29874,0,0
42,44000,RENT,0.0,EDUCATION,8400,13.57,1,0.19,Y,13,0,29875,1,0
43,64000,MORTGAGE,6.0,MEDICAL,15000,7.88,0,0.23,N,17,1,29889,0,0
42,22000,RENT,3.0,PERSONAL,9000,7.66,1,0.41,N,11,1,29890,1,1
49,58000,MORTGAGE,5.0,PERSONAL,16000,15.33,1,0.28,N,13,1,29891,1,1
43,36000,RENT,0.0,MEDICAL,9000,5.79,0,0.25,N,17,1,29898,0,0
36,36000,RENT,3.0,DEBTCONSOLIDATION,9000,12.73,0,0.25,Y,17,0,29901,0,0
36,65000,MORTGAGE,6.0,EDUCATION,23325,15.27,0,0.36,Y,14,0,29905,0,0
43,65000,MORTGAGE,17.0,VENTURE,7200,16.29,0,0.11,N,17,1,29909,0,0
38,45600,RENT,5.0,VENTURE,9000,16.29,0,0.2,Y,13,0,29914,0,0
37,45000,RENT,1.0,PERSONAL,9000,11.71,1,0.2,N,12,1,29918,1,0
39,65000,MORTGAGE,3.0,EDUCATION,6000,15.62,0,0.09,Y,14,0,29919,0,1
42,65000,MORTGAGE,25.0,MEDICAL,10000,10.74,0,0.15,N,13,1,29924,0,0
38,65000,MORTGAGE,5.0,EDUCATION,15000,10.36,0,0.23,N,17,1,29925,0,0
47,65000,MORTGAGE,21.0,HOMEIMPROVEMENT,7000,14.35,0,0.11,N,11,1,29927,0,0
37,65000,MORTGAGE,0.0,PERSONAL,4000,10.75,0,0.06,N,15,1,29930,0,0
36,65000,MORTGAGE,3.0,VENTURE,4000,13.48,0,0.06,Y,12,0,29934,0,0
36,60000,RENT,3.0,EDUCATION,9500,7.14,0,0.16,N,12,1,29944,0,0
38,58000,RENT,4.0,MEDICAL,9500,16.35,1,0.16,Y,16,0,29947,1,1
44,70000,RENT,4.0,EDUCATION,9500,14.22,0,0.14,N,14,1,29949,0,0
41,66000,MORTGAGE,20.0,VENTURE,10000,6.62,0,0.15,N,12,1,29962,0,0
48,66000,MORTGAGE,5.0,HOMEIMPROVEMENT,12475,6.62,0,0.19,N,11,1,29965,0,0
44,55000,RENT,18.0,PERSONAL,9600,11.26,0,0.17,N,16,1,29966,0,0
36,60000,MORTGAGE,3.0,DEBTCONSOLIDATION,13000,14.11,1,0.22,Y,14,0,29970,1,1
36,85000,RENT,4.0,PERSONAL,9600,7.51,0,0.11,N,15,1,29971,0,0
44,67000,MORTGAGE,28.0,HOMEIMPROVEMENT,3000,10.99,0,0.04,N,14,1,29979,0,0
42,22800,RENT,6.0,EDUCATION,10000,10.99,1,0.44,N,17,1,29980,1,1
39,67000,MORTGAGE,4.0,HOMEIMPROVEMENT,15000,10.37,0,0.22,N,15,1,29982,0,0
36,24000,RENT,20.0,DEBTCONSOLIDATION,10000,11.86,1,0.42,N,15,1,29983,1,1
38,67200,MORTGAGE,11.0,EDUCATION,8000,7.9,0,0.12,N,11,1,29988,0,0
37,67600,MORTGAGE,6.0,EDUCATION,33000,9.99,0,0.49,N,15,1,29993,0,0
45,52569,MORTGAGE,0.0,MEDICAL,10400,19.47,1,0.17,N,12,1,29994,1,1
38,67870,MORTGAGE,6.0,DEBTCONSOLIDATION,5000,10.99,0,0.07,N,15,1,29995,0,0
50,68000,MORTGAGE,5.0,PERSONAL,10000,11.49,0,0.15,N,13,1,29998,0,0
42,32000,RENT,5.0,VENTURE,10000,10.38,1,0.31,N,15,1,30012,1,1
36,35000,RENT,1.0,VENTURE,10000,10.99,0,0.29,N,15,1,30017,0,0
45,35000,RENT,13.0,DEBTCONSOLIDATION,10000,8.49,0,0.29,N,11,1,30018,0,0
38,29000,RENT,2.0,DEBTCONSOLIDATION,10000,10.99,1,0.34,N,16,1,30019,1,1
48,70000,MORTGAGE,2.0,HOMEIMPROVEMENT,21600,7.51,0,0.31,N,11,1,30034,0,0
39,70000,MORTGAGE,7.0,PERSONAL,12500,7.9,0,0.18,N,12,1,30035,0,0
37,39870,RENT,8.0,MEDICAL,10000,10.65,0,0.25,N,14,1,30036,0,0
40,70000,MORTGAGE,6.0,MEDICAL,18000,7.9,0,0.26,N,12,1,30038,0,0
38,70000,MORTGAGE,16.0,EDUCATION,17000,6.03,0,0.24,N,13,1,30039,0,0
39,70000,MORTGAGE,11.0,MEDICAL,19500,7.9,0,0.28,N,14,1,30040,0,0
36,64000,MORTGAGE,20.0,DEBTCONSOLIDATION,6800,18.39,1,0.11,Y,12,0,30043,1,1
36,70000,MORTGAGE,6.0,DEBTCONSOLIDATION,6000,5.42,0,0.09,N,16,1,30046,0,0
47,41000,RENT,2.0,MEDICAL,10000,13.79,0,0.24,N,16,1,30047,0,0
37,43000,RENT,1.0,MEDICAL,10000,7.9,0,0.23,N,16,1,30051,0,0
36,70000,MORTGAGE,16.0,VENTURE,10000,9.88,0,0.14,N,14,1,30060,0,0
39,70000,OWN,0.0,VENTURE,8000,10.99,0,0.11,N,12,1,30064,0,0
45,70000,MORTGAGE,15.0,MEDICAL,10000,8.59,0,0.14,N,12,1,30068,0,0
48,12000,RENT,4.0,MEDICAL,4200,10.99,1,0.35,N,14,1,30069,1,1
40,54400,MORTGAGE,16.0,MEDICAL,25000,18.09,1,0.39,N,12,1,30070,1,1
39,45500,RENT,4.0,PERSONAL,10000,16.29,0,0.22,N,15,1,30071,0,0
41,70000,MORTGAGE,2.0,EDUCATION,14000,16.7,0,0.2,Y,13,0,30073,0,0
36,70000,MORTGAGE,0.0,VENTURE,6000,13.79,0,0.09,N,15,1,30074,0,0
42,70000,MORTGAGE,3.0,MEDICAL,2825,9.64,0,0.04,N,17,1,30081,0,0
41,70800,MORTGAGE,25.0,PERSONAL,12000,6.62,0,0.17,N,11,1,30086,0,0
41,71000,MORTGAGE,1.0,DEBTCONSOLIDATION,12000,10.99,0,0.17,N,15,1,30092,0,0
36,72000,MORTGAGE,4.0,HOMEIMPROVEMENT,13000,10.99,0,0.18,N,13,1,30095,0,0
41,72000,OWN,1.0,HOMEIMPROVEMENT,10000,13.49,0,0.14,N,11,1,30097,0,0
41,42600,RENT,0.0,VENTURE,10000,15.62,1,0.23,Y,12,0,30107,1,1
39,66000,MORTGAGE,21.0,HOMEIMPROVEMENT,2000,18.39,1,0.03,N,12,1,30108,1,0
38,50000,RENT,5.0,PERSONAL,10000,10.99,0,0.2,N,13,1,30114,0,0
37,72000,MORTGAGE,9.0,EDUCATION,1600,13.92,0,0.02,Y,16,0,30127,0,0
38,72000,MORTGAGE,2.0,PERSONAL,8000,12.21,0,0.11,N,14,1,30128,0,0
37,72800,MORTGAGE,0.0,EDUCATION,23000,11.58,0,0.32,N,17,1,30135,0,0
46,54000,RENT,8.0,PERSONAL,10000,11.71,1,0.19,N,15,1,30149,1,0
50,60000,RENT,13.0,VENTURE,10000,13.49,0,0.17,N,12,1,30152,0,0
40,74004,MORTGAGE,12.0,VENTURE,7125,6.62,0,0.1,N,14,1,30157,0,0
36,64583,RENT,2.0,HOMEIMPROVEMENT,10000,10.99,0,0.15,N,14,1,30178,0,0
36,75000,MORTGAGE,6.0,MEDICAL,10000,6.99,0,0.13,N,13,1,30181,0,0
41,65000,RENT,3.0,EDUCATION,10000,10.99,0,0.15,N,15,1,30184,0,0
37,60000,RENT,1.0,VENTURE,10000,15.99,1,0.17,Y,14,0,30187,1,1
43,60000,RENT,2.0,EDUCATION,10000,13.24,1,0.17,Y,15,0,30188,1,0
44,67000,RENT,3.0,DEBTCONSOLIDATION,10000,11.66,0,0.15,Y,15,0,30192,0,0
40,75000,MORTGAGE,6.0,EDUCATION,7500,12.23,0,0.1,Y,16,0,30197,0,0
38,54400,RENT,5.0,MEDICAL,10000,15.33,1,0.16,Y,15,0,30198,1,1
41,70000,RENT,2.0,HOMEIMPROVEMENT,10000,7.88,0,0.14,N,13,1,30199,0,0
46,70000,RENT,0.0,MEDICAL,10000,8.59,0,0.14,N,14,1,30200,0,0
41,71500,RENT,4.0,EDUCATION,10000,7.14,0,0.14,N,14,1,30202,0,0
36,75000,MORTGAGE,2.0,DEBTCONSOLIDATION,14400,10.25,0,0.19,N,15,1,30207,0,0
45,75000,MORTGAGE,2.0,EDUCATION,15000,10.99,0,0.2,N,12,1,30217,0,0
36,80000,RENT,0.0,PERSONAL,10000,13.61,0,0.13,N,14,1,30218,0,0
40,69000,MORTGAGE,21.0,DEBTCONSOLIDATION,13200,13.24,1,0.19,Y,14,0,30219,1,1
40,75600,MORTGAGE,9.0,VENTURE,14000,7.51,0,0.19,N,14,1,30221,0,0
38,75996,MORTGAGE,12.0,DEBTCONSOLIDATION,3500,7.29,0,0.05,N,13,1,30223,0,0
37,75996,MORTGAGE,2.0,DEBTCONSOLIDATION,4400,10.99,0,0.06,N,17,1,30224,0,0
44,76000,MORTGAGE,3.0,HOMEIMPROVEMENT,3600,14.79,0,0.05,Y,12,0,30228,0,0
37,85000,RENT,3.0,EDUCATION,10000,14.27,0,0.12,N,14,1,30229,0,0
38,85900,RENT,6.0,DEBTCONSOLIDATION,10000,12.53,0,0.12,N,13,1,30234,0,0
37,90000,RENT,21.0,VENTURE,10000,8.94,0,0.11,N,12,1,30235,0,0
46,76800,MORTGAGE,0.0,DEBTCONSOLIDATION,13000,15.96,0,0.17,Y,13,0,30236,0,1
36,92000,RENT,5.0,DEBTCONSOLIDATION,10000,11.71,0,0.11,N,16,1,30239,0,0
47,93000,RENT,1.0,PERSONAL,10000,10.99,0,0.11,N,16,1,30240,0,0
36,77000,MORTGAGE,2.0,EDUCATION,10000,16.35,0,0.13,Y,13,0,30246,0,1
37,42000,RENT,3.0,PERSONAL,10200,13.16,0,0.24,N,14,1,30248,0,0
37,78000,RENT,14.0,EDUCATION,10200,13.06,0,0.13,Y,13,0,30250,0,1
47,77533,MORTGAGE,19.0,EDUCATION,25000,10.99,0,0.32,N,14,1,30256,0,0
39,60000,RENT,1.0,MEDICAL,11025,10.59,0,0.18,N,12,1,30258,0,0
38,35000,RENT,22.0,EDUCATION,11100,6.62,1,0.32,N,14,1,30259,1,1
38,78000,MORTGAGE,8.0,EDUCATION,6250,6.76,0,0.08,N,16,1,30263,0,0
39,78840,MORTGAGE,18.0,DEBTCONSOLIDATION,15000,11.71,0,0.19,N,13,1,30277,0,1
47,79500,MORTGAGE,0.0,EDUCATION,16000,7.51,0,0.2,N,13,1,30281,0,0
41,33150,RENT,5.0,EDUCATION,11500,12.98,1,0.35,N,15,1,30282,1,1
40,62540,MORTGAGE,5.0,MEDICAL,7500,19.04,1,0.1,Y,12,0,30283,1,1
36,80000,MORTGAGE,4.0,VENTURE,10000,6.62,0,0.13,N,14,1,30294,0,0
37,80000,MORTGAGE,8.0,DEBTCONSOLIDATION,13000,6.62,0,0.16,N,13,1,30295,0,0
42,80000,MORTGAGE,8.0,PERSONAL,5000,11.99,0,0.06,N,17,1,30307,0,0
44,30000,RENT,0.0,MEDICAL,12000,11.83,1,0.4,N,11,1,30308,1,1
47,80000,MORTGAGE,2.0,EDUCATION,10000,6.54,0,0.13,N,13,1,30321,0,0
36,80000,MORTGAGE,9.0,EDUCATION,6000,10.99,0,0.07,N,11,1,30326,0,0
44,80000,MORTGAGE,28.0,VENTURE,25000,15.33,0,0.31,Y,17,0,30330,0,1
37,38200,RENT,0.0,VENTURE,12000,8.94,1,0.31,N,14,1,30331,1,1
36,74000,MORTGAGE,4.0,EDUCATION,10250,11.48,1,0.14,N,15,1,30334,1,1
44,80100,MORTGAGE,16.0,MEDICAL,8000,10.38,0,0.1,N,16,1,30345,0,0
36,81000,MORTGAGE,9.0,HOMEIMPROVEMENT,6000,12.99,0,0.07,N,17,1,30350,0,0
42,82000,MORTGAGE,13.0,HOMEIMPROVEMENT,26800,10.99,0,0.33,Y,15,0,30361,0,0
38,46000,RENT,1.0,MEDICAL,12000,9.91,0,0.26,N,16,1,30364,0,0
37,59448,RENT,6.0,DEBTCONSOLIDATION,12000,6.54,0,0.2,N,16,1,30367,0,0
46,82359,MORTGAGE,6.0,PERSONAL,6600,7.66,0,0.08,N,13,1,30368,0,0
36,82500,MORTGAGE,20.0,MEDICAL,11000,10.65,0,0.13,N,11,1,30369,0,0
39,54000,RENT,4.0,DEBTCONSOLIDATION,12000,14.22,1,0.22,Y,12,0,30371,1,0
36,83000,MORTGAGE,0.0,VENTURE,13000,11.97,0,0.16,N,14,1,30374,0,0
38,24000,RENT,3.0,MEDICAL,3000,10.99,0,0.13,Y,16,0,30376,0,0
37,84000,MORTGAGE,21.0,VENTURE,24000,10.99,0,0.29,Y,17,0,30381,0,0
45,28320,RENT,1.0,MEDICAL,3000,10.99,0,0.11,N,11,1,30384,0,0
39,84000,OWN,12.0,EDUCATION,9875,7.51,0,0.12,N,15,1,30389,0,0
39,84000,MORTGAGE,2.0,EDUCATION,4000,9.63,0,0.05,N,12,1,30393,0,0
42,70000,RENT,6.0,MEDICAL,12000,10.99,0,0.17,N,12,1,30401,0,0
37,85000,MORTGAGE,2.0,VENTURE,5600,5.42,0,0.07,N,13,1,30409,0,0
42,85000,MORTGAGE,10.0,HOMEIMPROVEMENT,8500,15.58,0,0.1,Y,12,0,30411,0,0
37,42000,RENT,3.0,VENTURE,3000,7.51,0,0.07,N,13,1,30415,0,0
41,37000,OWN,0.0,VENTURE,10000,13.79,0,0.27,Y,13,0,30417,0,0
43,75000,RENT,0.0,HOMEIMPROVEMENT,12000,7.9,0,0.16,N,16,1,30420,0,0
45,36700,OWN,7.0,PERSONAL,2000,7.51,0,0.05,N,16,1,30422,0,0
39,85000,MORTGAGE,1.0,PERSONAL,12000,9.32,0,0.14,N,13,1,30423,0,0
42,75744,RENT,2.0,EDUCATION,12000,14.91,1,0.16,Y,12,0,30430,1,1
44,36000,OWN,5.0,EDUCATION,4000,16.29,0,0.11,N,11,1,30434,0,0
40,86500,MORTGAGE,2.0,HOMEIMPROVEMENT,10000,10.25,0,0.12,N,16,1,30440,0,0
46,86807,MORTGAGE,0.0,VENTURE,10000,8.94,0,0.12,N,15,1,30443,0,0
41,75000,MORTGAGE,13.0,DEBTCONSOLIDATION,4800,15.58,1,0.06,Y,15,0,30446,1,1
37,87950,MORTGAGE,3.0,EDUCATION,14250,11.89,0,0.16,N,14,1,30454,0,0
36,93000,RENT,1.0,PERSONAL,12000,13.48,0,0.13,Y,12,0,30455,0,0
37,88000,MORTGAGE,21.0,VENTURE,12000,7.51,0,0.14,N,17,1,30458,0,0
49,88400,MORTGAGE,4.0,MEDICAL,20000,13.92,0,0.23,Y,14,0,30463,0,1
38,89000,MORTGAGE,11.0,EDUCATION,10000,10.99,0,0.11,N,13,1,30467,0,0
40,36000,OWN,4.0,EDUCATION,2000,13.57,0,0.06,Y,12,0,30470,0,0
38,125000,RENT,0.0,EDUCATION,12000,7.66,0,0.1,N,14,1,30474,0,0
41,113000,RENT,1.0,VENTURE,12000,16.0,1,0.11,Y,15,0,30477,1,1
37,78000,MORTGAGE,0.0,PERSONAL,5600,10.74,1,0.07,N,12,1,30490,1,0
37,35000,OWN,2.0,PERSONAL,13250,11.71,0,0.38,N,14,1,30495,0,0
41,90000,OWN,12.0,VENTURE,8000,7.51,0,0.09,N,16,1,30500,0,0
38,90000,MORTGAGE,9.0,PERSONAL,14000,12.73,0,0.16,Y,12,0,30506,0,0
36,35000,OWN,1.0,VENTURE,6000,11.49,0,0.17,N,13,1,30507,0,0
38,90000,MORTGAGE,9.0,EDUCATION,9300,11.83,0,0.1,N,17,1,30516,0,0
45,29676,RENT,5.0,EDUCATION,2700,12.84,0,0.09,Y,17,0,30518,0,0
40,90996,MORTGAGE,9.0,HOMEIMPROVEMENT,22000,6.17,0,0.24,N,14,1,30520,0,0
41,91000,MORTGAGE,13.0,VENTURE,2400,10.74,0,0.03,N,16,1,30521,0,0
39,91992,MORTGAGE,0.0,HOMEIMPROVEMENT,3350,5.42,0,0.04,N,11,1,30524,0,0
41,92000,MORTGAGE,15.0,MEDICAL,12000,7.66,0,0.13,N,15,1,30529,0,0
46,92000,MORTGAGE,18.0,EDUCATION,12925,10.99,0,0.14,N,17,1,30532,0,0
47,92000,OWN,0.0,HOMEIMPROVEMENT,12000,14.11,0,0.13,N,12,1,30534,0,0
43,93000,MORTGAGE,7.0,PERSONAL,7000,7.14,0,0.08,N,13,1,30536,0,0
44,82000,MORTGAGE,5.0,DEBTCONSOLIDATION,8400,12.84,1,0.1,Y,17,0,30542,1,0
36,95000,MORTGAGE,18.0,PERSONAL,13000,10.65,0,0.14,N,11,1,30547,0,0
39,95000,OWN,6.0,HOMEIMPROVEMENT,8000,12.69,0,0.08,N,14,1,30550,0,0
49,95000,MORTGAGE,12.0,DEBTCONSOLIDATION,7500,6.03,0,0.08,N,13,1,30551,0,0
45,52680,RENT,0.0,MEDICAL,13000,6.92,0,0.25,N,15,1,30555,0,0
38,83000,MORTGAGE,1.0,DEBTCONSOLIDATION,24000,14.91,1,0.29,Y,12,0,30556,1,1
44,83000,OTHER,2.0,EDUCATION,12000,16.0,1,0.14,Y,15,0,30568,1,1
44,95000,MORTGAGE,4.0,VENTURE,10000,10.95,0,0.11,N,15,1,30570,0,0
40,110000,RENT,6.0,HOMEIMPROVEMENT,13000,9.91,0,0.12,N,17,1,30571,0,0
36,43000,RENT,12.0,DEBTCONSOLIDATION,13600,15.58,1,0.32,Y,12,0,30576,1,1
41,33000,RENT,2.0,MEDICAL,13750,13.79,1,0.42,Y,11,0,30582,1,1
40,96000,MORTGAGE,5.0,HOMEIMPROVEMENT,3200,10.99,0,0.03,N,17,1,30585,0,0
37,45000,RENT,6.0,PERSONAL,14000,11.36,1,0.31,N,16,1,30590,1,1
38,55000,RENT,2.0,HOMEIMPROVEMENT,14000,11.48,0,0.25,N,16,1,30605,0,0
39,100000,MORTGAGE,5.0,VENTURE,12000,10.99,0,0.12,N,13,1,30619,0,0
37,100000,MORTGAGE,13.0,VENTURE,18400,5.99,0,0.18,N,15,1,30625,0,0
38,100000,MORTGAGE,5.0,PERSONAL,5500,10.37,0,0.06,N,13,1,30631,0,0
36,100000,MORTGAGE,2.0,EDUCATION,8000,6.76,0,0.08,N,11,1,30637,0,0
48,100000,MORTGAGE,3.0,DEBTCONSOLIDATION,15000,9.88,0,0.15,N,11,1,30643,0,0
39,100000,MORTGAGE,9.0,DEBTCONSOLIDATION,3000,7.14,0,0.03,N,11,1,30644,0,0
50,150000,RENT,3.0,DEBTCONSOLIDATION,14000,6.91,0,0.09,N,12,1,30645,0,0
41,180000,RENT,16.0,DEBTCONSOLIDATION,14000,6.03,0,0.08,N,15,1,30646,0,0
45,48000,RENT,5.0,PERSONAL,14400,8.49,0,0.3,N,15,1,30661,0,0
39,75000,RENT,0.0,EDUCATION,14400,12.53,0,0.19,N,11,1,30667,0,0
38,105000,MORTGAGE,22.0,VENTURE,12350,6.62,0,0.12,N,11,1,30673,0,0
49,105000,MORTGAGE,1.0,DEBTCONSOLIDATION,11000,9.32,0,0.1,N,13,1,30679,0,0
46,80409,RENT,2.0,EDUCATION,14550,8.94,0,0.18,N,11,1,30683,0,0
36,105859,OWN,20.0,VENTURE,12000,11.99,0,0.11,N,15,1,30686,0,0
36,108000,MORTGAGE,7.0,EDUCATION,14000,8.9,0,0.13,N,12,1,30695,0,0
36,110000,MORTGAGE,7.0,VENTURE,16000,6.03,0,0.15,N,12,1,30708,0,0
38,110000,MORTGAGE,16.0,MEDICAL,3000,8.49,0,0.03,N,17,1,30710,0,0
41,42000,RENT,5.0,DEBTCONSOLIDATION,2000,13.23,0,0.05,Y,15,0,30711,0,0
40,110000,MORTGAGE,14.0,PERSONAL,5000,11.49,0,0.05,N,14,1,30713,0,0
38,28800,OWN,23.0,VENTURE,13000,8.32,0,0.45,N,12,1,30719,0,0
40,50000,RENT,3.0,PERSONAL,2000,11.49,0,0.04,N,17,1,30721,0,0
40,28000,OWN,18.0,VENTURE,1600,9.99,0,0.06,N,17,1,30729,0,0
41,28000,OWN,9.0,EDUCATION,2000,7.74,0,0.07,N,16,1,30730,0,0
42,101000,MORTGAGE,6.0,DEBTCONSOLIDATION,25000,16.15,1,0.25,Y,17,0,30735,1,1
40,114000,MORTGAGE,11.0,MEDICAL,6000,5.42,0,0.05,N,17,1,30737,0,0
42,114996,MORTGAGE,2.0,VENTURE,2850,10.99,0,0.02,N,12,1,30741,0,0
36,115000,MORTGAGE,13.0,VENTURE,10000,5.42,0,0.09,N,15,1,30744,0,0
46,39000,RENT,2.0,DEBTCONSOLIDATION,15000,10.99,1,0.38,N,12,1,30747,1,1
39,115000,MORTGAGE,6.0,VENTURE,25000,15.58,0,0.22,Y,17,0,30748,0,0
37,39000,RENT,5.0,PERSONAL,15000,10.96,1,0.38,N,12,1,30751,1,1
46,116000,MORTGAGE,6.0,DEBTCONSOLIDATION,10000,6.03,0,0.09,N,15,1,30752,0,0
40,116000,MORTGAGE,3.0,VENTURE,12000,10.99,0,0.1,N,16,1,30756,0,0
36,117000,MORTGAGE,3.0,HOMEIMPROVEMENT,20400,13.06,0,0.17,N,11,1,30759,0,0
38,117960,MORTGAGE,0.0,MEDICAL,12000,10.99,0,0.1,N,17,1,30764,0,0
43,47840,RENT,27.0,PERSONAL,15000,12.42,1,0.31,N,12,1,30768,1,1
45,119004,MORTGAGE,13.0,PERSONAL,5000,11.49,0,0.04,N,13,1,30772,0,0
44,120000,MORTGAGE,6.0,HOMEIMPROVEMENT,4000,10.99,0,0.03,N,14,1,30773,0,0
37,120000,MORTGAGE,5.0,PERSONAL,5400,5.99,0,0.04,N,17,1,30780,0,0
37,25000,OWN,2.0,VENTURE,5000,9.91,0,0.2,N,11,1,30786,0,0
43,91800,MORTGAGE,0.0,MEDICAL,8400,14.84,1,0.08,N,14,1,30792,1,1
38,120000,MORTGAGE,2.0,DEBTCONSOLIDATION,24250,10.99,0,0.2,N,12,1,30796,0,0
49,120000,MORTGAGE,12.0,MEDICAL,12000,10.99,0,0.1,N,12,1,30797,0,0
37,91800,MORTGAGE,0.0,MEDICAL,5000,19.47,1,0.05,Y,16,0,30801,1,1
37,123000,MORTGAGE,1.0,PERSONAL,35000,14.27,0,0.28,Y,16,0,30812,0,0
46,17496,RENT,6.0,HOMEIMPROVEMENT,1500,11.14,1,0.09,N,13,1,30814,1,1
36,125000,MORTGAGE,14.0,MEDICAL,14500,10.99,0,0.12,N,16,1,30827,0,0
45,126000,MORTGAGE,5.0,VENTURE,6000,10.65,0,0.05,N,12,1,30838,0,0
44,58000,RENT,2.0,HOMEIMPROVEMENT,15000,13.48,0,0.26,Y,15,0,30839,0,0
39,126000,MORTGAGE,3.0,MEDICAL,14000,9.99,0,0.11,N,14,1,30840,0,0
39,24000,OWN,0.0,HOMEIMPROVEMENT,3000,7.74,0,0.13,N,11,1,30842,0,0
42,98603,MORTGAGE,19.0,MEDICAL,24250,14.22,1,0.21,N,14,1,30845,1,1
40,130000,MORTGAGE,0.0,DEBTCONSOLIDATION,24250,6.17,0,0.19,N,16,1,30855,0,0
40,132000,MORTGAGE,7.0,HOMEIMPROVEMENT,7500,7.29,0,0.06,N,15,1,30860,0,0
36,65000,RENT,7.0,MEDICAL,15000,13.72,0,0.23,N,11,1,30861,0,0
50,137000,MORTGAGE,2.0,MEDICAL,23000,7.9,0,0.17,N,13,1,30870,0,0
45,140000,MORTGAGE,9.0,HOMEIMPROVEMENT,7500,6.62,0,0.05,N,15,1,30876,0,0
37,140000,MORTGAGE,15.0,HOMEIMPROVEMENT,14000,7.51,0,0.1,N,12,1,30887,0,0
43,141000,MORTGAGE,24.0,MEDICAL,6000,10.99,0,0.04,N,14,1,30899,0,0
36,141600,MORTGAGE,4.0,HOMEIMPROVEMENT,6000,11.49,0,0.04,N,16,1,30901,0,0
43,142500,MORTGAGE,7.0,MEDICAL,20000,11.49,0,0.14,N,15,1,30905,0,0
41,144000,MORTGAGE,3.0,HOMEIMPROVEMENT,25000,10.08,0,0.17,N,11,1,30910,0,0
39,150000,MORTGAGE,9.0,EDUCATION,30000,8.9,0,0.2,N,15,1,30919,0,0
40,150000,MORTGAGE,18.0,MEDICAL,24000,6.62,0,0.16,N,14,1,30920,0,0
40,150000,MORTGAGE,2.0,PERSONAL,20000,12.99,0,0.13,N,14,1,30922,0,0
36,150000,MORTGAGE,8.0,EDUCATION,3000,7.29,0,0.02,N,17,1,30928,0,0
45,88000,RENT,12.0,HOMEIMPROVEMENT,15000,14.83,0,0.17,Y,12,0,30929,0,0
36,150000,MORTGAGE,20.0,DEBTCONSOLIDATION,10000,10.99,0,0.07,N,16,1,30931,0,0
40,150000,MORTGAGE,1.0,EDUCATION,7500,8.07,0,0.05,N,15,1,30940,0,0
38,151000,MORTGAGE,8.0,DEBTCONSOLIDATION,35000,8.9,0,0.23,N,12,1,30943,0,0
41,141000,MORTGAGE,12.0,DEBTCONSOLIDATION,25000,14.96,1,0.18,N,13,1,30944,1,1
36,155000,MORTGAGE,12.0,VENTURE,25000,10.74,0,0.16,N,11,1,30948,0,0
36,160000,MORTGAGE,5.0,EDUCATION,10000,12.73,0,0.06,Y,15,0,30964,0,0
47,168000,MORTGAGE,13.0,EDUCATION,8775,8.49,0,0.05,N,12,1,30972,0,0
36,170000,MORTGAGE,13.0,VENTURE,25000,7.51,0,0.15,N,13,1,30973,0,0
37,108996,RENT,15.0,EDUCATION,16000,13.11,0,0.15,Y,13,0,30993,0,1
47,204000,MORTGAGE,6.0,EDUCATION,10000,13.06,0,0.05,Y,13,0,31000,0,0
37,205000,MORTGAGE,3.0,EDUCATION,18000,10.39,0,0.09,N,14,1,31001,0,0
36,171870,MORTGAGE,4.0,MEDICAL,9400,15.62,1,0.05,Y,11,0,31002,1,1
42,224000,MORTGAGE,16.0,EDUCATION,25000,11.86,0,0.11,N,15,1,31004,0,0
43,69996,RENT,18.0,MEDICAL,19200,10.99,0,0.27,N,11,1,31005,0,0
37,74000,RENT,9.0,HOMEIMPROVEMENT,19200,12.87,1,0.26,Y,12,0,31009,1,0
40,300000,MORTGAGE,3.0,VENTURE,16000,14.17,0,0.05,Y,14,0,31015,0,0
36,261800,MORTGAGE,16.0,MEDICAL,24000,10.62,1,0.08,N,16,1,31019,1,1
39,310400,MORTGAGE,13.0,DEBTCONSOLIDATION,15000,15.65,1,0.05,Y,11,0,31020,1,1
42,360000,MORTGAGE,11.0,EDUCATION,25000,9.99,0,0.07,N,14,1,31022,0,0
37,800000,MORTGAGE,10.0,DEBTCONSOLIDATION,15000,11.36,0,0.02,N,17,1,31033,0,0
36,828000,MORTGAGE,3.0,HOMEIMPROVEMENT,4200,10.99,0,0.01,N,16,1,31034,0,0
36,9600,MORTGAGE,1.0,VENTURE,3250,11.49,1,0.34,N,15,1,31038,1,1
46,8088,RENT,15.0,MEDICAL,1600,14.42,1,0.2,Y,11,0,31041,1,1
37,6000,OWN,3.0,VENTURE,1300,6.03,1,0.22,N,11,1,31043,1,1
36,28800,RENT,2.0,MEDICAL,6000,15.96,0,0.21,Y,13,0,31045,0,1
44,94128,MORTGAGE,14.0,MEDICAL,4400,7.29,0,0.05,N,11,1,31052,0,0
42,85000,RENT,3.0,MEDICAL,5750,12.99,0,0.07,Y,14,0,31053,0,0
40,35820,RENT,0.0,PERSONAL,3275,8.88,0,0.09,N,13,1,31056,0,0
44,88000,RENT,8.0,EDUCATION,8000,10.38,0,0.09,N,11,1,31060,0,0
40,38000,RENT,4.0,DEBTCONSOLIDATION,7000,15.99,1,0.18,N,16,1,31061,1,1
38,55000,MORTGAGE,16.0,DEBTCONSOLIDATION,11700,7.66,0,0.21,N,13,1,31064,0,0
37,52000,RENT,0.0,VENTURE,14000,13.16,0,0.27,Y,15,0,31067,0,0
36,155000,MORTGAGE,9.0,MEDICAL,30000,7.9,0,0.19,N,14,1,31069,0,0
39,84000,OWN,12.0,VENTURE,9875,7.51,0,0.12,N,14,1,31070,0,0
37,74568,RENT,0.0,PERSONAL,6000,14.26,0,0.08,Y,16,0,31072,0,0
47,65000,RENT,1.0,MEDICAL,3100,13.49,0,0.05,N,16,1,31074,0,0
50,58800,MORTGAGE,12.0,MEDICAL,22000,17.74,1,0.37,Y,13,0,31078,1,1
38,18720,OWN,22.0,VENTURE,2500,11.86,0,0.13,N,16,1,31079,0,0
46,90000,MORTGAGE,5.0,DEBTCONSOLIDATION,20000,6.91,0,0.22,N,15,1,31082,0,0
37,48000,RENT,3.0,MEDICAL,7500,16.29,0,0.16,Y,12,0,31083,0,1
36,52000,RENT,2.0,EDUCATION,7000,13.85,1,0.13,Y,14,0,31092,1,1
38,47004,RENT,2.0,VENTURE,4775,10.99,0,0.1,Y,14,0,31096,0,0
38,17108,MORTGAGE,7.0,EDUCATION,4375,7.51,1,0.26,N,13,1,31102,1,1
47,44004,RENT,2.0,PERSONAL,8000,10.99,1,0.18,N,15,1,31108,1,0
37,45000,RENT,1.0,DEBTCONSOLIDATION,9000,11.71,1,0.2,N,16,1,31109,1,0
36,110000,MORTGAGE,3.0,EDUCATION,9000,10.99,0,0.08,N,13,1,31114,0,0
36,25000,MORTGAGE,0.0,MEDICAL,3000,8.7,0,0.12,N,14,1,31122,0,0
38,65000,MORTGAGE,6.0,PERSONAL,11500,13.92,0,0.18,N,14,1,31123,0,0
40,50000,MORTGAGE,5.0,PERSONAL,6000,14.96,0,0.12,N,15,1,31125,0,0
37,22800,OWN,18.0,EDUCATION,7000,6.03,0,0.31,N,12,1,31137,0,0
36,62400,MORTGAGE,0.0,PERSONAL,2400,7.49,0,0.04,N,14,1,31144,0,0
36,828000,MORTGAGE,3.0,MEDICAL,4200,10.99,0,0.01,N,13,1,31148,0,0
42,114000,MORTGAGE,4.0,DEBTCONSOLIDATION,19200,11.36,0,0.17,N,17,1,31151,0,0
44,37000,RENT,0.0,PERSONAL,3500,12.87,0,0.09,N,13,1,31154,0,0
48,28000,MORTGAGE,7.0,EDUCATION,7500,7.74,0,0.27,N,17,1,31155,0,0
36,250000,RENT,2.0,DEBTCONSOLIDATION,20000,7.88,0,0.08,N,17,1,31158,0,0
39,37800,RENT,5.0,DEBTCONSOLIDATION,7000,11.49,0,0.19,N,16,1,31166,0,0
43,78000,MORTGAGE,0.0,DEBTCONSOLIDATION,15000,14.46,1,0.19,Y,13,0,31175,1,1
37,88000,RENT,4.0,EDUCATION,25000,19.66,1,0.28,Y,15,0,31181,1,1
36,51000,MORTGAGE,4.0,EDUCATION,4775,11.14,0,0.09,N,11,1,31188,0,0
47,52000,MORTGAGE,4.0,DEBTCONSOLIDATION,12000,7.29,0,0.23,N,13,1,31190,0,0
38,66000,MORTGAGE,8.0,DEBTCONSOLIDATION,5000,12.92,1,0.08,N,16,1,31197,1,1
43,55000,RENT,3.0,DEBTCONSOLIDATION,11750,10.99,0,0.21,N,16,1,31198,0,0
40,95000,RENT,0.0,HOMEIMPROVEMENT,17000,10.0,0,0.18,N,12,1,31200,0,0
41,100000,RENT,3.0,VENTURE,12000,10.74,0,0.12,N,12,1,31204,0,0
41,103000,MORTGAGE,2.0,DEBTCONSOLIDATION,20000,14.61,1,0.19,Y,16,0,31210,1,1
37,54000,MORTGAGE,10.0,PERSONAL,8000,10.99,0,0.15,N,15,1,31221,0,0
37,65000,RENT,7.0,EDUCATION,9000,6.91,0,0.14,N,14,1,31229,0,0
37,40000,RENT,0.0,VENTURE,12000,9.91,0,0.3,N,15,1,31230,0,0
37,25000,RENT,0.0,HOMEIMPROVEMENT,2775,15.65,1,0.11,N,12,1,31234,1,1
46,336000,OWN,11.0,EDUCATION,9000,11.49,0,0.03,N,14,1,31243,0,0
38,30000,MORTGAGE,8.0,HOMEIMPROVEMENT,10000,11.22,0,0.33,Y,14,0,31255,0,0
37,20004,RENT,0.0,VENTURE,5000,10.99,0,0.25,N,14,1,31258,0,0
37,85000,RENT,5.0,DEBTCONSOLIDATION,35000,8.9,1,0.41,N,17,1,31265,1,1
47,50000,MORTGAGE,3.0,VENTURE,4000,10.99,0,0.08,Y,17,0,31270,0,0
40,64200,RENT,2.0,DEBTCONSOLIDATION,3000,7.74,0,0.05,N,17,1,31291,0,0
38,65000,RENT,2.0,MEDICAL,7000,7.88,0,0.11,N,17,1,31293,0,0
36,31000,RENT,2.0,VENTURE,2500,8.9,0,0.08,N,15,1,31296,0,0
36,60000,MORTGAGE,2.0,VENTURE,8000,13.92,0,0.13,Y,14,0,31297,0,0
41,45840,RENT,5.0,DEBTCONSOLIDATION,4600,10.99,0,0.1,N,14,1,31298,0,0
39,73000,MORTGAGE,3.0,DEBTCONSOLIDATION,10000,7.51,0,0.14,N,13,1,31302,0,0
47,100000,MORTGAGE,4.0,VENTURE,2500,9.99,0,0.03,N,16,1,31307,0,0
40,50000,MORTGAGE,1.0,PERSONAL,12000,10.99,0,0.24,N,17,1,31314,0,0
44,48000,MORTGAGE,12.0,HOMEIMPROVEMENT,17500,12.18,0,0.36,N,11,1,31319,0,0
39,24000,RENT,1.0,DEBTCONSOLIDATION,8500,7.49,1,0.35,N,12,1,31322,1,1
43,138000,MORTGAGE,4.0,EDUCATION,9900,6.99,0,0.07,N,14,1,31325,0,0
41,92000,MORTGAGE,15.0,EDUCATION,12000,7.66,0,0.13,N,13,1,31328,0,0
41,70000,RENT,2.0,EDUCATION,10000,7.88,0,0.14,N,17,1,31330,0,0
44,48000,RENT,0.0,MEDICAL,5000,13.43,0,0.1,N,17,1,31332,0,0
43,43000,MORTGAGE,5.0,PERSONAL,15000,8.88,0,0.35,N,15,1,31339,0,0
36,65000,MORTGAGE,1.0,DEBTCONSOLIDATION,7000,11.49,0,0.11,N,15,1,31343,0,0
36,138000,MORTGAGE,0.0,VENTURE,10000,13.98,0,0.07,Y,15,0,31344,0,0
40,52479,RENT,17.0,HOMEIMPROVEMENT,6600,14.54,1,0.13,N,17,1,31352,1,1
36,160000,OWN,20.0,VENTURE,24000,14.96,0,0.15,Y,15,0,31355,0,0
37,32000,RENT,4.0,MEDICAL,10000,13.79,1,0.31,N,14,1,31372,1,1
37,21600,RENT,4.0,MEDICAL,3800,10.99,1,0.18,N,11,1,31374,1,1
40,43000,MORTGAGE,18.0,PERSONAL,2500,12.84,0,0.06,N,14,1,31377,0,0
43,11340,RENT,4.0,EDUCATION,1950,10.99,1,0.17,N,11,1,31383,1,1
43,112000,MORTGAGE,14.0,PERSONAL,25000,14.96,0,0.22,N,16,1,31388,0,0
40,33000,MORTGAGE,2.0,HOMEIMPROVEMENT,1000,10.99,0,0.03,N,15,1,31392,0,0
37,90000,MORTGAGE,11.0,DEBTCONSOLIDATION,4000,6.62,0,0.04,N,15,1,31393,0,0
51,667680,MORTGAGE,19.0,PERSONAL,10000,13.98,0,0.01,Y,22,0,31402,0,0
54,53700,RENT,1.0,HOMEIMPROVEMENT,29850,10.99,1,0.56,Y,28,0,31409,1,1
60,45600,RENT,1.0,PERSONAL,20000,10.0,1,0.44,N,20,1,31420,1,1
54,50000,RENT,14.0,DEBTCONSOLIDATION,20000,7.9,1,0.4,N,20,1,31421,1,1
62,76500,RENT,0.0,EDUCATION,20000,16.77,1,0.26,Y,29,0,31427,1,1
64,105000,RENT,8.0,HOMEIMPROVEMENT,20000,18.64,0,0.19,N,30,1,31428,0,0
54,33600,RENT,0.0,DEBTCONSOLIDATION,1000,10.65,1,0.03,N,29,1,31434,1,1
58,33600,RENT,6.0,EDUCATION,1500,14.79,0,0.04,N,28,1,31439,0,0
51,58000,RENT,2.0,MEDICAL,1500,19.03,1,0.03,Y,22,0,31441,1,1
58,39996,RENT,2.0,VENTURE,2500,10.37,0,0.06,N,27,1,31452,0,0
51,50000,RENT,9.0,DEBTCONSOLIDATION,12000,10.37,0,0.24,N,25,1,31456,0,0
58,27000,RENT,0.0,HOMEIMPROVEMENT,3500,16.0,1,0.13,Y,21,0,31459,1,1
52,48000,RENT,3.0,MEDICAL,11000,12.73,0,0.23,N,22,1,31461,0,0
58,72000,RENT,5.0,EDUCATION,4500,10.99,0,0.06,N,18,1,31473,0,0
52,90750,RENT,7.0,MEDICAL,4500,14.72,0,0.05,N,28,1,31474,0,0
69,80000,RENT,12.0,MEDICAL,4800,14.79,0,0.06,Y,22,0,31477,0,0
70,44000,MORTGAGE,3.0,PERSONAL,7000,11.66,0,0.16,N,24,1,31483,0,0
51,99000,RENT,2.0,HOMEIMPROVEMENT,9000,11.49,0,0.09,N,22,1,31484,0,0
52,64500,RENT,0.0,PERSONAL,5000,11.26,0,0.08,N,25,1,31488,0,0
58,45600,MORTGAGE,20.0,PERSONAL,6000,12.99,0,0.13,N,25,1,31490,0,0
53,46000,OWN,9.0,PERSONAL,4925,11.71,0,0.11,N,28,1,31491,0,0
63,37000,RENT,24.0,DEBTCONSOLIDATION,5450,15.96,1,0.15,N,22,1,31492,1,1
55,48000,RENT,1.0,EDUCATION,5500,10.62,1,0.11,N,22,1,31494,1,0
51,98000,RENT,5.0,PERSONAL,6000,15.96,0,0.06,N,23,1,31504,0,0
53,110000,RENT,3.0,VENTURE,6000,7.9,0,0.05,N,23,1,31505,0,0
57,170000,RENT,5.0,HOMEIMPROVEMENT,6300,13.11,0,0.04,N,26,1,31513,0,0
57,53000,MORTGAGE,1.0,PERSONAL,5800,13.16,0,0.11,Y,30,0,31518,0,0
51,55000,MORTGAGE,5.0,PERSONAL,16750,15.2,0,0.3,Y,21,0,31523,0,0
51,60000,MORTGAGE,1.0,PERSONAL,7500,10.99,0,0.13,N,24,1,31532,0,0
57,64000,RENT,20.0,VENTURE,8000,8.9,0,0.13,N,19,1,31542,0,0
53,85000,RENT,2.0,MEDICAL,8000,7.74,0,0.09,N,28,1,31544,0,0
51,45000,RENT,2.0,MEDICAL,8400,13.11,0,0.19,Y,18,0,31546,0,0
58,68000,MORTGAGE,1.0,PERSONAL,8000,10.99,0,0.12,N,29,1,31553,0,0
53,43200,RENT,0.0,VENTURE,10000,9.88,0,0.23,N,30,1,31557,0,0
60,72000,OWN,3.0,PERSONAL,10000,10.59,0,0.14,N,24,1,31562,0,0
51,74628,MORTGAGE,3.0,PERSONAL,3000,13.49,0,0.04,Y,18,0,31565,0,0
53,75000,MORTGAGE,4.0,PERSONAL,10000,8.94,0,0.13,N,19,1,31569,0,0
61,85000,MORTGAGE,11.0,PERSONAL,9000,9.99,0,0.11,N,22,1,31582,0,0
64,87000,MORTGAGE,12.0,PERSONAL,15000,7.51,0,0.17,N,27,1,31586,0,0
65,93000,MORTGAGE,27.0,PERSONAL,25000,9.99,0,0.27,N,27,1,31596,0,0
54,97800,MORTGAGE,11.0,PERSONAL,10000,13.23,0,0.1,Y,20,0,31603,0,0
55,28800,OWN,1.0,PERSONAL,5000,15.33,0,0.17,N,22,1,31609,0,0
70,48000,RENT,0.0,MEDICAL,15000,6.99,1,0.31,N,24,1,31613,1,1
65,120000,MORTGAGE,0.0,PERSONAL,12000,11.48,0,0.1,N,21,1,31619,0,0
60,150000,MORTGAGE,1.0,PERSONAL,10000,5.79,0,0.07,N,18,1,31626,0,0
54,154000,MORTGAGE,1.0,PERSONAL,12000,12.69,0,0.08,N,26,1,31628,0,0
52,163000,MORTGAGE,9.0,PERSONAL,25000,14.11,1,0.15,N,30,1,31631,1,0
54,129000,MORTGAGE,6.0,EDUCATION,9000,11.49,1,0.07,N,24,1,31651,1,1
53,45000,RENT,0.0,PERSONAL,5600,13.79,0,0.12,N,28,1,31654,0,0
53,85000,RENT,2.0,PERSONAL,8000,7.74,0,0.09,N,26,1,31657,0,0
51,60000,MORTGAGE,1.0,PERSONAL,7500,10.99,0,0.13,N,23,1,31659,0,0
52,52000,OWN,0.0,PERSONAL,9600,8.49,0,0.18,N,22,1,31662,0,0
52,65004,RENT,4.0,PERSONAL,20000,15.58,1,0.31,Y,19,0,31664,1,1
